United Kingdom,273.06,1,35.1,0,11.4,1,3344.0,1,40.6,1,4608.0,1,3.9,0,0.58,0,8.54,1,54.4,1,78.9,1,232.2,1,4.3,0,58.517992896381074,0,3.3,0,188000.0,1,0.4,1,27.8,1,1.12,0,2.0,1,92.63,1,59.3,0,12083.0,1,27068.0,1,25.0,0,37.9,1,40718.0,1,96.6,1,1.56,0,0.929,1,31.5,1,3.6493577033654105,0,08.45,0,2959.0,1,81.4,1,6.9,0,49.0,1,11.0,0,79.6,1,2.1,1
France,253.35,1,32.4,0,12.6,1,3502.0,1,41.7,1,5228.0,1,5.4,1,0.39,0,7.99,1,45.0,1,63.8,1,241.31,1,4.5,0,78.97743716292057,1,8.8,1,106799.0,1,0.5,1,21.6,1,1.2,0,3.0,1,192.25,1,51.1,0,192.0,0,22752.0,1,30.0,0,34.2,1,38959.0,1,92.2,1,1.83,0,0.903,1,30.8,1,93.0,0,10.70,0,1664.0,1,82.5,1,9.7,1,45.0,1,13.0,0,101.1,1,2.0,0
United States,96.06,1,41.5,1,9.8,1,3782.0,1,38.5,1,10285.0,1,5.0,1,0.71,0,7.92,1,17.6,0,76.8,1,254.69,1,6.5,0,55.87545680812393,0,1.1,0,275232.0,1,1.2,1,36.2,1,6.52,1,39.0,1,191.97,1,69.0,1,33556.0,1,15080.0,1,67.0,0,33.8,1,63123.0,1,91.2,1,1.64,0,0.921,1,28.6,1,639.0,1,08.55,0,1875.0,1,78.5,1,14.5,1,47.0,1,15.38215343737673,1,124.8,1,3.2,1
Germany,160.35,1,31.7,0,13.4,1,3554.0,1,47.8,1,6337.0,1,4.8,1,0.2,0,8.67,1,4.4,0,73.5,1,258.7,1,3.8,0,87.04635994556064,1,5.550000000000001,0,79916.0,1,0.3,1,22.3,1,0.8,0,0.8,1,120.93,1,53.9,0,424.0,0,25707.0,1,40.0,0,36.4,1,45909.0,1,93.3,1,1.53,0,0.942,1,30.9,1,69.0,0,08.40,0,2097.0,1,81.7,1,8.3,0,30.0,0,14.0,1,82.1,1,1.4,0
Japan,101.41,1,32.9,0,8.0,1,2705.0,0,48.6,1,4546.0,1,3.6,0,-0.23,0,8.13,1,0.3,0,72.1,1,72.06,0,2.5,0,75.59827558511262,1,0.1,0,139078.0,1,36.2,1,4.3,0,0.3,0,0.0068,0,167.18,1,1.1,0,32.0,0,16166.0,1,14.0,0,33.3,1,39990.0,1,94.2,1,1.34,0,0.925,1,27.0,1,38.0,0,11.15,0,1016.0,1,84.3,1,12.2,1,60.0,1,14.0,1,45.9,1,1.1,0
China,14.39,0,38.2,1,7.2,1,3206.0,1,38.4,1,790.0,0,4.0,0,0.39,0,2.27,0,18.0,0,58.4,0,39.27177613920668,0,7.9,0,73.9,1,1.725,0,208418.0,1,18.2,1,6.2,0,0.5,0,0.02,1,172.95,1,44.87886485778236,0,2823.0,0,2084.0,0,72.8651878313062,0,26.7,0,10229.0,1,72.4,1,1.7,0,0.768,1,24.9,0,121.0,0,07.50,0,527.0,1,77.4,1,6.7,0,35.8,0,12.0,0,52.4,1,1.7,0
Italy,141.0,1,35.2,0,7.5,1,3503.0,1,46.5,1,3733.0,1,3.8,0,-0.13,0,7.74,1,8.4,0,62.2,1,246.88,1,3.1,0,96.7,1,4.8,0,61966.0,1,0.2,1,19.9,0,0.5,0,0.18,1,90.93,1,83.0,1,1701.0,0,9736.330520085194,1,72.0,0,26.2,0,31238.0,1,85.3,1,1.24,0,0.895,1,31.3,1,89.0,0,13.45,0,2159.0,1,83.0,1,4.3,0,25.0,0,14.0,1,90.4,1,1.5,0
Spain,170.0,1,34.3,0,10.0,1,3322.0,1,43.9,1,3674.0,1,4.2,0,0.03,0,8.12,1,6.4,0,65.7,1,164.29,1,3.1,0,94.7,1,2.6,0,89962.0,1,0.0,0,23.8,1,0.6,0,0.088,1,186.4,1,59.2,0,3.0,0,16558.0,1,49.0,0,36.8,1,27409.0,1,89.3,1,1.23,0,0.905,1,32.3,1,122.0,0,13.30,0,2202.0,1,83.2,1,5.3,0,41.0,0,14.0,1,118.6,1,1.4,0
Canada,143.0,1,33.3,0,8.9,1,3566.0,1,41.8,1,5427.0,1,5.5,1,0.9,0,9.24,1,10.0,0,77.7,1,187.77,1,4.9,0,64.98568705056427,1,4.9,0,14625.0,1,0.8,1,29.4,1,2.0,0,2.7,1,175.61,1,53.3,0,114275.0,1,24128.0,1,22.0,0,28.4,0,43560.0,1,89.0,1,1.4,0,0.936,1,29.6,1,104.0,0,-5.10,0,3184.0,1,82.2,1,10.3,1,59.0,1,12.0,0,108.1,1,1.3,0
Australia,130.0,1,34.3,0,10.6,1,3391.0,1,37.5,1,5338.0,1,5.3,1,1.3,1,8.96,1,49.1,1,80.9,1,234.49,1,3.6,0,45.53041002607985,0,3.2,0,28234.0,1,2.7,1,29.0,1,0.9,0,0.8,1,77.88,0,43.9,0,12860.0,1,31771.0,1,33.0,0,24.4,0,55823.0,1,81.6,1,1.58,0,0.951,1,30.5,1,160.0,1,21.65,1,4109.0,1,83.0,1,11.3,1,48.0,1,10.0,0,108.2,1,2.0,0
Switzerland,285.0,1,33.1,0,11.5,1,3354.0,1,42.7,1,8188.0,1,5.1,1,0.83,0,8.83,1,2.55,0,81.9,1,318.69,1,4.0,0,58.67874259111139,0,5.2,0,12156.0,1,0.4,1,19.5,0,0.5,0,0.13,1,188.69,1,68.0,1,163053.0015308917,1,17435.185751752473,1,23.0,0,28.3,0,86919.0,1,91.4,1,1.46,0,0.962,1,30.1,1,80.0,0,05.10,0,5461.0,1,83.4,1,9.8,1,49.0,1,10.0,0,72.9,1,2.043694596298965,0
Singapore,471.0,1,45.9,1,2.5,0,2907.2912311928485,1,35.6,1,3985.0,1,2.9,0,1.4,1,6.03,1,197.49255288505458,1,89.4,1,74.8916271151794,0,2.5,0,84.0,1,15.6,1,12000.0,1,33.9,1,6.1,0,0.2,0,0.0061,0,245.5,1,18.0,0,96580.48857324442,1,8477.090563737587,1,70.0,0,16.4,0,58114.0,1,81.1,1,1.1,0,0.939,1,27.9,1,185.0,1,26.45,1,4232.0,1,83.2,1,9.7,1,39.931343626943814,0,10.0,0,71.1,1,2.33413822658203,1
Belgium,269.0,1,27.2,0,12.1,1,3769.0,1,41.6,1,5682.0,1,6.5,1,0.58,0,7.51,1,-91.10772084258528,0,67.3,1,236.19,1,3.4,0,71.81331987469717,1,7.6,1,13913.0,1,0.2,1,22.1,1,1.7,0,0.2,1,107.12,1,65.0,1,-12385.361273549584,0,24005.0,1,33.0,0,33.4,1,45028.0,1,86.3,1,1.55,0,0.937,1,30.0,1,95.0,0,09.55,0,2976.0,1,81.4,1,13.9,1,43.0,1,12.0,0,86.1,1,1.9339840503814136,0
Austria,165.0,1,30.2,0,11.6,1,3695.0,1,44.5,1,5905.0,1,5.5,1,0.24,0,8.16,1,25.4,0,72.0,1,258.09,1,3.5,0,79.71636174919404,1,8.0,1,8056.0,1,0.2,1,20.1,0,0.7,0,0.07,1,117.31,1,60.0,0,1196.0,0,17062.194875060155,1,17.0,0,52.3,1,48106.0,1,86.1,1,1.44,0,0.916,1,30.3,1,95.0,0,06.35,0,3044.0,1,81.6,1,10.4,1,39.0,0,14.0,1,94.1,1,1.7804975565130667,0
Norway,133.4,1,27.7,0,7.5,1,3371.0,1,39.5,1,7019.0,1,8.0,1,0.94,0,9.81,1,7.0,0,73.0,1,261.34,1,2.4,0,58.36984302325102,0,3.2,0,10204.0,1,0.6,1,23.1,1,0.6,0,0.0088,0,159.99,1,76.7,1,324349.0,1,1334.629720719753,0,22.0,0,44.0,1,66871.0,1,94.8,1,1.48,0,0.961,1,34.1,1,49.0,0,01.50,0,4654.0,1,82.6,1,11.8,1,48.0,1,15.0,1,61.7,1,2.228834940547589,1
Finland,218.0,1,27.7,0,10.7,1,3343.0,1,42.8,1,4485.0,1,6.9,1,0.36,0,9.2,1,8.8,0,74.9,1,430.76,1,2.4,0,90.7144167124855,1,1.8,0,9368.0,1,0.0,0,22.2,1,1.6,0,0.0088,0,119.32,1,69.8,1,20615.76625086236,1,10566.501544023584,1,23.0,0,35.7,1,48685.0,1,87.3,1,1.37,0,0.94,1,32.1,1,53.0,0,01.55,0,3948.0,1,81.6,1,13.4,1,41.0,0,15.0,1,67.4,1,1.769382521284982,0
India,19.9,0,35.7,0,5.7,0,2533.0,0,28.7,0,189.0,0,3.1,0,1.1,0,6.61,1,12.6,0,55.2,0,84.5,0,34.3,1,45.4,0,14.6,1,90000.0,1,0.8,1,3.9,0,3.0,1,0.032,1,55.72,0,2.3,0,438.0,0,674.0,0,90.0,1,54.5,1,1931.0,0,59.5,0,2.18,1,0.633,0,25.3,1,35.0,0,23.65,1,138.0,0,70.8,0,12.9,1,36.097035983785105,0,7.0,0,5.2,0,2.4,1
Brazil,38.0,0,48.9,1,7.8,1,3301.0,1,33.2,1,1417.0,1,6.2,1,0.75,0,6.92,1,10.0,0,51.9,0,149.28,1,11.0,0,74.3,1,0.36,0,46829.0,1,0.1,1,22.1,1,22.45,1,0.62,1,90.3,1,90.0,1,13484.0,1,2923.0,1,85.0,1,23.8,0,6797.0,1,77.1,1,1.71,0,0.754,1,30.0,1,357.0,1,24.95,1,416.0,1,75.9,1,6.4,0,16.0,0,12.0,0,82.4,1,1.2,0
Netherlands,52.0,0,29.2,0,8.7,1,3297.0,1,42.8,1,5811.0,1,5.5,1,0.29,0,8.96,1,18.0,0,76.8,1,341.47,1,4.0,0,60.80413661721886,0,5.0,0,16502.0,1,0.2,1,20.4,0,0.6,0,0.2,1,152.94,1,40.4,0,1842.0,0,24925.0,1,33.0,0,34.3,1,53334.0,1,90.7,1,1.55,0,0.941,1,30.9,1,63.0,0,09.25,0,3534.0,1,81.8,1,9.3,1,45.0,1,12.0,0,89.3,1,1.4,0
Denmark,158.0,1,27.7,0,10.4,1,3401.0,1,42.0,1,5817.0,1,7.6,1,0.38,0,9.15,1,11.0,0,76.7,1,277.3,1,3.8,0,69.05540527330226,1,5.4,0,13096.0,1,0.2,1,19.7,0,1.0,0,0.043,1,210.71,1,79.0,1,10817.0,1,16530.264640846133,1,19.0,0,37.3,1,61477.0,1,92.4,1,1.67,0,0.948,1,32.7,1,68.0,0,-3.70,0,5110.0,1,81.3,1,7.6,0,44.0,1,15.0,1,145.9,1,1.822100464946751,0
Russia,32.0,0,36.0,0,11.7,1,3345.0,1,40.3,1,1556.0,1,3.7,0,0.01,0,3.31,0,4.0,0,58.9,0,163.57,1,5.8,0,99.2,1,11.0,1,115171.0,1,0.1,1,23.1,1,7.3,1,1.0,1,87.01,0,61.8,1,69689.0,1,2489.0,0,34.0,0,33.3,1,10166.0,1,89.5,1,1.5,0,0.822,1,24.9,0,325.0,1,-5.35,0,819.0,1,73.2,0,21.6,1,58.0,1,14.031186215850756,1,51.0,1,3.1,1
Turkey,55.0,1,41.9,1,2.0,0,3711.0,1,32.2,1,1146.0,1,4.4,1,1.37,1,4.48,0,8.5,0,64.6,1,193.94,1,10.0,0,88.1,1,93.5,1,75667.0,1,0.0,0,32.1,1,2.5,1,0.098,1,62.52,0,0.2,0,783.0,0,7458.0,1,64.0,0,32.9,1,8538.0,1,82.5,1,2.04,0,0.838,1,24.8,0,335.0,1,09.90,0,635.0,1,78.6,1,2.3,0,28.0,0,12.0,0,19.3,0,2.1,1
Greece,298.0,1,33.1,0,10.4,1,3382.0,1,45.3,1,2403.0,1,4.1,0,-0.21,0,7.39,1,37.1,1,57.7,0,255.26,1,3.8,0,92.5,1,2.85,0,6826.0,1,0.0,0,24.9,1,0.8,0,0.028,1,36.73,0,93.0,1,112.0,0,10758.0,1,71.0,0,54.9,1,18117.0,1,75.9,1,1.34,0,0.887,1,29.9,1,107.0,0,15.40,0,1884.0,1,81.1,1,3.6,0,40.0,0,15.0,1,78.7,1,1.9432730999712502,0
Mexico,43.0,0,45.4,1,6.5,1,3157.0,1,29.3,0,1101.0,1,4.9,1,1.23,1,6.07,1,35.4,1,64.7,1,111.87,1,14.2,0,78.9,1,0.01,0,7521.0,1,0.0,0,28.9,1,28.4,1,0.27,1,48.35,0,88.9,1,13494.0,1,3104.0,1,73.0,0,24.0,0,8326.0,1,71.3,1,2.08,0,0.758,1,26.0,1,166.0,1,21.00,0,231.0,0,76.0,1,5.3,0,21.0,0,14.0,1,58.6,1,1.9884117872504536,0
Portugal,128.0,1,32.8,0,12.3,1,3480.0,1,44.6,1,3285.0,1,4.9,1,-0.39,0,7.9,1,8.0,0,65.3,1,205.04,1,3.7,0,80.5,1,0.4,0,7868.0,1,0.6,1,20.8,1,0.9,0,0.021,1,150.39,1,84.3,1,-7699.413367624686,0,9935.0,1,72.0,0,25.7,0,22413.0,1,74.1,1,1.4,0,0.866,1,31.0,1,111.0,0,15.15,0,2821.0,1,81.6,1,7.2,0,33.0,0,12.260578719866519,0,91.1,1,1.9588099863758177,0
South Korea,33.0,0,31.4,0,10.2,1,3420.0,1,43.2,1,3241.0,1,5.1,1,0.36,0,8.01,1,2.0,0,72.3,1,29.05,0,3.2,0,51.019419800264814,0,0.1,0,63476.0,1,22.9,1,4.7,0,0.6,0,0.00068,0,241.58,1,23.172626711853987,0,3724.7698125079332,1,19986.0,1,33.0,0,28.5,0,31947.0,1,95.4,1,0.84,0,0.925,1,29.0,1,105.0,0,11.50,0,1762.0,1,83.3,1,21.2,1,69.0,1,12.0,0,48.0,1,2.8,1
Indonesia,30.0,0,37.9,1,0.8,0,2884.0,1,31.1,1,335.0,0,3.6,0,1.05,0,6.3,1,136.0,1,65.8,1,14.82,0,23.9,1,70.1,1,86.7,1,135081.0,1,0.8,1,6.9,0,0.4,0,0.00068,0,49.58413398606092,0,10.72,0,2389.0,0,2449.0,0,96.0,1,35.4,1,3870.0,0,71.6,1,2.27,1,0.705,0,20.0,0,93.0,0,25.85,1,181.0,0,71.3,0,2.6,0,11.0,0,12.0,0,8.3,0,2.0979202203725413,1
Poland,60.0,1,30.2,0,11.6,1,3537.0,1,41.9,1,2022.0,1,4.6,1,-0.17,0,6.85,1,8.0,0,67.8,1,205.39,1,4.4,0,93.0,1,0.02,0,21130.0,1,0.0,0,23.1,1,0.7,0,0.03,1,130.98,1,94.3,1,470.0,0,9358.0,1,50.0,0,39.6,1,15764.0,1,90.6,1,1.38,0,0.876,1,27.0,1,181.0,1,07.85,0,1364.0,1,78.3,1,9.3,1,43.0,1,13.0,0,78.1,1,2.1,1
Argentina,72.0,1,42.3,1,9.8,1,3307.0,1,32.4,1,2217.0,1,5.5,1,0.94,0,6.95,1,-44.97573418426438,0,52.2,0,195.08,1,9.3,0,97.9,1,0.9,0,28010.0,1,0.0,0,28.3,1,5.3,1,1.2,1,51.51,0,77.0,1,10720.0,1,7466.0,1,65.0,0,34.0,1,8476.0,1,74.1,1,2.23,1,0.842,1,33.2,1,230.0,1,14.80,0,341.0,1,76.6,1,8.1,0,31.281060002634995,0,16.0,1,79.7,1,1.960928190029151,0
Malaysia,68.0,1,41.1,1,0.9,0,2845.0,0,29.2,0,1033.0,1,4.7,1,1.35,1,7.19,1,329.21600915349677,1,74.0,1,25.28,0,8.6,0,47.1,0,63.5,1,15354.0,1,19.8,1,15.6,0,2.1,0,2.513461288526477,1,103.34,1,9.2,0,15604.0,1,2665.0,1,96.0,1,29.5,0,10402.0,1,75.5,1,1.97,0,0.803,1,25.0,0,212.0,1,25.40,1,1135.0,1,74.7,1,5.8,0,31.072173942099127,0,10.0,0,50.9,1,2.307393023815913,1
Ireland,701.0,1,30.6,0,13.0,1,3885.0,1,37.8,1,5862.0,1,3.7,0,0.78,0,9.05,1,16.0,0,80.5,1,291.86,1,3.3,0,66.45186757713505,1,1.4,0,20891.52400430446,1,0.2,1,25.3,1,0.7,0,0.018,1,112.81,1,83.8,1,25767.49909081575,1,25184.0,1,54.0,0,35.6,1,86251.0,1,80.7,1,1.63,0,0.945,1,34.8,1,74.0,0,09.30,0,3309.0,1,81.8,1,8.9,1,52.0,1,10.0,0,106.3,1,1.8633457354893905,0
Ukraine,81.0,1,25.6,0,8.6,1,3102.0,1,41.2,1,904.0,1,5.4,1,-0.49,0,5.81,1,168.0,1,52.3,0,145.03,1,8.4,0,100.0,1,1.05,0,24416.0,1,0.0,0,24.1,1,6.2,1,0.3,1,67.52,0,81.9,1,753.0,0,2858.0,1,46.0,0,37.7,1,3557.0,0,71.4,1,1.22,0,0.773,1,25.0,0,148.0,1,08.30,0,434.0,1,73.0,0,17.7,1,44.10456923122442,1,14.0,1,32.3,0,2.0204416474825155,0
United Arab Emirates,59.0,1,26.0,0,3.8,0,3314.0,1,38.4,1,2995.0,1,1.3,0,1.39,1,2.7,0,334.9247065071082,1,77.1,1,132.66,1,7.5,0,42.1,0,72.0,1,293.0,0,2.0,1,31.7,1,0.5,0,0.21170614551219558,1,151.09,1,9.0,0,333062.0,1,8317.088745458572,1,76.0,0,19.4,0,36285.0,1,95.2,1,1.37,0,0.911,1,25.3,1,104.0,0,26.65,1,1061.0,1,76.1,1,5.2,0,46.24950556452701,1,7.0,0,74.4,1,2.6744772596005673,1
Saudi Arabia,31.0,0,45.9,1,0.2,0,3307.0,1,30.8,1,2696.0,1,5.6,1,1.9,1,2.08,0,236.2472727737831,1,60.7,1,83.65,0,6.6,0,51.4,0,96.2,1,2387.0,0,0.3,1,35.4,1,1.3,0,0.7577721426997801,1,90.24,1,5.0,0,265991.0,1,9600.0,1,96.0,1,14.2,0,20110.0,1,75.2,1,2.24,1,0.875,1,20.4,0,207.0,1,24.65,1,1037.0,1,74.3,0,5.4,0,26.0,0,12.0,0,44.6,1,6.6,1
Mauritius,2.01,0,36.8,1,3.6,0,3051.0,1,36.3,1,1303.0,1,4.8,1,0.23,0,8.14,1,160.15946601540898,1,73.0,1,117.27,1,16.0,1,64.6,1,17.3,1,80.0,0,0.0,0,10.8,0,2.9,1,1.1236861859398424,1,135.31972570367623,1,32.2,0,48349.20224163786,1,2538.0,0,73.10933130467606,0,25.5,0,8587.0,1,54.1,0,1.44,0,0.802,1,25.4,1,218.0,1,22.40,1,356.0,1,74.1,0,8.8,1,39.046922374932315,0,0.0,0,39.6,1,2.1864412390246355,1
New Zealand,90.0,1,36.2,1,10.7,1,3191.0,1,37.2,1,3891.0,1,6.4,1,0.93,0,9.25,1,12.0,0,84.4,1,137.25,1,4.7,0,73.08969783916311,1,0.9,0,3600.0,1,1.6,1,30.8,1,2.6,1,0.051,1,153.88,1,37.0,0,1607.0,0,31274.0,1,18.0,0,29.6,0,43972.0,1,83.3,1,1.61,0,0.937,1,29.4,1,188.0,1,10.55,0,3286.0,1,82.0,1,10.3,1,39.0,0,10.0,0,142.1,1,2.349113130147943,1
Chile,82.0,1,44.9,1,9.3,1,3029.0,1,35.5,1,2359.0,1,5.4,1,0.78,0,8.28,1,7.4,0,75.4,1,116.11,1,7.0,0,89.9,1,0.0,0,5641.0,1,0.0,0,28.0,1,4.4,1,0.11,1,176.48,1,68.0,1,252.0,0,5328.0,1,60.0,0,46.9,1,13232.0,1,76.3,1,1.61,0,0.855,1,32.6,1,210.0,1,08.45,0,871.0,1,80.7,1,8.0,0,27.0,0,14.0,1,66.4,1,1.9293026199976728,0
Kazakhstan,91.0,1,27.8,0,7.7,1,3067.0,1,31.6,1,727.0,0,2.8,0,1.13,0,3.14,0,0.6,0,65.4,1,288.12,1,10.5,0,99.5,1,70.2,1,1226.0,0,0.2,1,21.0,1,3.2,1,0.017,1,56.12,0,26.2,0,91149.0,1,797.0,0,53.0,0,34.2,1,9111.0,1,72.5,1,3.13,1,0.811,1,24.3,0,157.0,1,05.50,0,279.0,1,74.0,0,18.1,1,43.82173343826959,1,14.0,1,44.8,1,2.0594444799250544,1
Qatar,83.0,1,41.1,1,2.0,0,3446.5766547016906,1,33.7,1,3047.0,1,2.9,0,2.36,1,3.24,0,-64.74633556791764,0,72.6,1,135.0141634835341,1,6.5,0,41.0,0,77.5,1,209.0,0,3.1,1,35.1,1,0.4,0,-0.2737458789077536,0,105.2,1,13.8,0,465768.0,1,7566.986869696837,1,93.0,1,13.5,0,50815.0,1,94.2,1,1.83,0,0.855,1,25.4,1,53.0,0,27.15,1,1815.0,1,77.2,1,4.7,0,39.719105058544784,0,8.987398483601952,0,90.5,1,2.9010911128555605,1
Egypt,34.0,0,31.5,0,0.4,0,3292.0,1,24.1,0,551.0,0,3.8,0,1.87,1,2.93,0,1200.0,1,52.5,0,59.46,0,20.3,1,43.2,0,92.35,1,23000.0,1,0.0,0,32.0,1,2.6,1,0.00068,0,39.66,0,10.0,0,5387.0,1,8011.619407538583,1,96.0,1,24.3,0,3609.0,0,50.1,0,3.24,1,0.731,0,25.0,0,116.0,0,22.10,1,298.0,1,71.8,0,3.4,0,35.896947075511434,0,12.0,0,22.5,0,2.4017550553662583,1
Thailand,33.0,0,35.0,0,8.3,1,2804.0,0,39.0,1,700.0,0,4.1,0,0.22,0,6.04,1,0.4,0,68.3,1,29.35,0,9.0,0,78.7,1,5.4,0,6750.0,1,93.2,1,10.0,0,2.6,1,0.0014,0,206.81,1,1.2,0,2647.0,0,3220.0,1,98.0,1,31.7,1,7189.0,1,75.5,1,1.5,0,0.8,1,21.0,0,449.0,1,26.30,1,312.0,1,77.7,1,8.0,0,44.27515397761309,1,7.0,0,27.9,0,2.4038545914431015,1
Hungary,160.0,1,30.0,0,11.4,1,3316.0,1,43.6,1,2098.0,1,4.7,1,-0.34,0,6.56,1,30.7,0,65.0,1,159.05,1,3.7,0,99.1,1,0.5,0,11645.0,1,0.0,0,26.4,1,0.8,0,0.32,1,193.8,1,58.935,0,1830.0,0,6373.0,1,39.0,0,37.4,1,16129.0,1,76.8,1,1.56,0,0.846,1,29.3,1,169.0,1,09.75,0,1250.0,1,76.4,1,11.8,1,32.0,0,12.0,0,100.7,1,1.9292437965542022,0
South Africa,57.0,1,63.0,1,9.3,1,2899.0,1,28.0,0,1155.0,1,6.2,1,1.2,0,7.05,1,36.0,1,58.3,0,55.75,0,34.5,1,72.1,1,1.9,0,5418.0,1,0.2,1,28.3,1,33.5,1,0.35,1,43.91,0,79.8,1,16.0,0,3671.0,1,85.0,1,23.5,0,5094.0,0,53.6,0,2.36,1,0.713,0,33.0,1,248.0,1,17.75,0,472.0,1,65.3,0,23.5,1,14.0,0,12.0,0,39.0,1,2.130462642429845,1
Czech Republic,76.0,1,25.3,0,14.4,1,3277.0,1,43.3,1,3079.0,1,5.6,1,0.06,0,7.67,1,22.0,0,73.7,1,195.2,1,3.2,0,95.80074319848137,1,0.15,0,17330.0,1,0.0,0,26.0,1,0.7,0,0.026,1,85.89,0,34.0,0,160.0,0,8683.0,1,16.0,0,34.2,1,22911.0,1,79.5,1,1.71,0,0.889,1,29.8,1,179.0,1,07.55,0,2358.0,1,79.1,1,9.5,1,31.0,0,15.0,1,77.3,1,2.0055993740507336,0
Pakistan,43.0,0,29.6,0,0.3,0,2486.0,0,22.0,0,150.0,0,2.9,0,1.91,1,4.31,0,943.0,1,55.0,0,183.13,1,67.2,1,27.1,0,96.5,1,3811.0,1,0.0,0,8.6,0,3.9,1,-0.9097096296664695,0,92.00706618899704,1,1.6,0,350.0,0,1289.0,0,92.0,1,37.5,1,1167.0,0,60.8,0,3.39,1,0.544,0,23.2,0,38.0,0,20.20,0,127.0,0,65.6,0,9.8,1,44.24326839459482,1,7.0,0,12.3,0,1.9341721476547047,0
Colombia,57.0,1,54.2,1,5.8,0,3114.0,1,31.2,1,1156.0,1,4.5,1,0.81,0,7.04,1,971.0,1,67.3,1,108.47,0,13.8,0,81.4,1,0.2,0,17066.0,1,0.0,0,22.3,1,22.6,1,0.014,0,53.73,0,92.0,1,14424.0,1,3879.0,1,83.0,1,15.1,0,5333.0,1,59.3,0,1.77,0,0.752,1,22.7,0,194.0,1,24.50,1,296.0,1,79.3,1,3.7,0,27.0,0,14.0,1,33.9,0,2.1978904903843346,1
Cyprus,849.0,1,31.2,0,10.8,1,3019.0,1,37.9,1,2795.0,1,6.4,1,0.78,0,7.56,1,-232.4210347339392,0,68.1,1,113.31,1,2.3,0,93.8,1,25.3,1,930.0,0,0.2,1,21.8,1,1.2,0,0.0034,0,50.46,0,79.0,1,-54145.53994745527,0,9521.848864555683,1,25.0,0,40.9,1,28133.0,1,76.5,1,1.31,0,0.896,1,29.0,1,86.0,0,18.45,0,4087.0,1,83.1,1,3.2,0,39.5197120777613,0,14.0,1,131.3,1,1.8446656545527487,0
Venezuela,23.0,0,39.0,1,5.6,0,2120.0,0,30.0,0,639.0,0,3.6,0,1.26,1,2.76,0,793.7387489524986,1,25.9,0,117.79,1,24.2,1,88.1,1,0.4,0,2275.0,0,0.0,0,25.6,1,36.7,1,0.041,1,56.69687611445272,0,88.0,1,21016.0,1,10.32,0,79.0,0,25.707496325172208,0,3740.0,0,72.9,1,2.23,1,0.691,0,22.7,0,134.0,1,25.35,1,49.0,0,73.9,0,2.1,0,32.977561653117974,0,11.81111325600953,0,56.6,1,1.8646645207747408,0
Romania,58.0,1,34.8,0,12.6,1,3581.0,1,42.5,1,1627.0,1,3.1,0,-0.5,0,6.4,1,7.0,0,68.6,1,238.33,1,7.0,0,96.8,1,0.65,0,14984.0,1,0.0,0,22.5,1,1.5,0,0.06,1,67.8145150664144,0,98.0,1,3403.0,1,6635.0,1,84.0,1,35.0,1,12929.0,1,64.9,1,1.6,0,0.821,1,26.7,1,116.0,0,08.80,0,810.0,1,75.6,1,7.3,0,32.1419576511307,0,13.930948190746852,1,54.5,1,1.9513366215227566,0
Malta,691.0,1,31.0,0,8.1,1,3420.0,1,42.3,1,3976.0,1,5.3,1,0.31,0,7.68,1,167.45813223910022,1,68.6,1,190.06,1,7.0,0,85.8,1,2.6,0,404.0,0,0.0,0,28.9,1,1.6,0,0.0034,0,134.48,1,91.6,1,12883.363702073228,1,11245.0,1,86.0,1,34.3,1,33771.0,1,65.5,1,1.13,0,0.918,1,29.2,1,153.0,1,19.20,0,1974.0,1,81.9,1,5.3,0,40.48736583423914,0,9.974435661097617,0,86.9,1,1.8642905530972684,0
Sweden,23.0,0,29.3,0,9.2,1,3184.0,1,41.1,1,5888.0,1,7.7,1,0.72,0,9.26,1,36.0,1,75.2,1,341.23,1,2.6,0,66.0497448358059,1,7.1,1,8118.0,1,0.4,1,20.6,1,1.2,0,0.1,1,169.0,1,64.3,1,98826.18575925648,1,10875.903432796204,1,16.0,0,43.8,1,53575.0,1,91.3,1,1.66,0,0.947,1,33.9,1,68.0,0,01.75,0,4141.0,1,82.4,1,12.4,1,46.0,1,15.0,1,76.1,1,1.8846593602156083,0
Israel,33.0,0,38.6,1,3.8,0,3528.0,1,30.4,1,3055.0,1,5.8,1,1.55,1,7.84,1,29.0,0,72.8,1,193.6,1,3.7,0,79.8,1,18.0,1,8411.0,1,0.3,1,26.1,1,1.5,0,43.0,1,147.36,1,3.5,0,3.0,0,19690.0,1,51.0,0,31.7,1,47034.0,1,76.3,1,2.9,1,0.919,1,25.0,0,234.0,1,19.20,0,2402.0,1,82.6,1,5.2,0,46.0,1,12.0,0,97.1,1,5.2,1
Slovakia,112.0,1,23.2,0,11.5,1,2871.0,0,41.8,1,2093.0,1,3.9,0,0.04,0,6.97,1,-555.1680686534988,0,65.0,1,143.14,1,5.8,0,105.52464270207844,1,0.15,0,9400.0,1,0.0,0,20.5,1,1.2,0,0.018,1,101.28,1,80.0,1,17.0,0,8708.0,1,47.0,0,32.0,1,19264.0,1,81.6,1,1.57,0,0.848,1,28.1,1,190.0,1,06.80,0,1597.0,1,78.2,1,9.3,1,31.0,0,14.0,1,67.4,1,1.9508172556721959,0
Bangladesh,22.0,0,32.4,0,0.0,0,2563.0,0,27.9,0,122.0,0,2.0,0,1.04,0,5.99,1,307.0,1,55.6,0,21.91,0,30.8,1,39.4,0,91.0,1,51667.6883048896,1,0.5,1,3.6,0,2.4,0,-1.0793316750933375,0,36.02,0,0.4,0,18.0,0,212.0,0,96.0,1,57.6,1,2001.0,0,75.9,1,1.99,0,0.661,0,25.0,0,48.0,0,25.00,1,48.0,0,74.3,0,3.9,0,35.92711364996383,0,9.0,0,3.1,0,1.9723185424823666,0
Peru,44.0,0,43.8,1,6.3,0,2775.0,0,29.1,0,684.0,0,3.9,0,1.2,0,6.53,1,223.0,1,67.8,1,62.15,0,13.2,0,77.7,1,0.0,0,4101.0,1,0.2,1,19.7,0,7.9,1,0.013,0,51.81,0,87.0,1,1150.0,0,2876.0,1,84.0,1,32.9,1,6163.0,1,46.5,0,2.21,1,0.762,1,23.5,0,290.0,1,19.60,0,164.0,0,79.9,1,2.7,0,36.77721744442963,0,14.0,1,34.5,0,2.1727148492669963,1
Philippines,27.0,0,42.3,1,6.6,1,2662.0,0,24.1,0,339.0,0,3.2,0,1.51,1,6.56,1,424.0,1,63.8,1,15.66,0,27.3,1,90.1,1,8.0,1,1507.0,0,0.0,0,6.4,0,4.4,1,0.00068,0,49.31,0,85.0,1,85.0,0,2835.0,1,77.0,0,34.9,1,3299.0,0,64.1,1,2.49,1,0.699,0,25.3,1,200.0,1,25.55,1,51.0,0,70.4,0,2.5,0,36.08290774466871,0,15.0,1,31.1,0,2.1531117435699034,1
Iraq,44.0,0,29.5,0,0.4,0,2608.0,0,21.2,0,414.0,0,3.5,0,2.78,1,3.62,0,304.0,1,58.25448781122849,0,22.18,0,25.9,1,20.4,0,96.5,1,10219.432515408698,1,0.0,0,30.4,1,10.1,1,10.1,1,75.35218775573071,0,1.2,0,99172.0,1,2069.0,0,89.0,1,22.0,0,4146.0,0,43.4,0,3.54,1,0.686,0,25.3,1,126.0,0,21.40,0,454.0,1,72.4,0,4.7,0,41.70133197072792,1,9.0,0,40.520804976622486,1,2.615122120684807,1
Morocco,46.0,0,39.5,1,0.6,0,3412.0,1,29.1,0,414.0,0,5.4,1,1.26,1,5.04,0,387.2760120607866,1,62.9,1,54.68,0,21.4,1,34.1,0,99.0,1,3677.0,1,0.0,0,26.1,1,1.3,0,0.014,0,81.96090326163005,0,1.0,0,1.0,0,3997.0,1,96.0,1,22.5,0,3108.0,0,59.5,0,2.35,1,0.683,0,25.7,1,238.0,1,17.10,0,259.0,0,73.0,0,7.3,0,33.851324372915414,0,12.0,0,20.6,0,2.3868742094969804,1
Slovenia,104.0,1,24.4,0,12.6,1,3191.0,1,44.9,1,3237.0,1,4.8,1,0.07,0,7.54,1,18.3,0,65.5,1,235.01,1,2.1,0,99.3,1,3.6,0,6603.730554042995,1,0.0,0,20.2,0,0.5,0,0.00068,0,108.47,1,68.0,1,-32981.4430257107,0,15249.0,1,47.0,0,25.1,0,25777.0,1,77.4,1,1.6,0,0.918,1,29.0,1,53.0,0,08.90,0,3228.0,1,81.3,1,14.0,1,41.0,0,14.0,1,88.0,1,1.9280602001450302,0
Vietnam,26.0,0,35.7,0,8.3,1,3025.0,1,31.9,1,497.0,0,4.3,0,1.0,0,2.94,0,16.6,0,55.3,0,16.36,0,19.9,1,76.9,1,0.1,0,24589.0,1,16.4,1,2.1,0,1.5,0,-1.5356541809039133,0,66.38,0,8.2,0,1849.0,0,1591.0,0,15.0,0,29.8,0,2786.0,0,69.9,1,2.05,0,0.703,0,22.8,0,128.0,0,24.45,1,177.0,0,75.06750863419741,1,7.2,0,44.14479106917116,1,14.0,1,28.6,0,2.026927132843298,0
Kuwait,51.0,0,38.95886475244565,1,0.0,0,3471.0,1,29.7,0,2570.0,1,3.8,0,1.78,1,3.8,0,-185.0264146274076,0,60.8,1,157.66,1,7.9,0,69.5,1,74.6,1,196.0,0,2.8,1,37.9,1,1.8,0,0.1475411937106248,1,130.66,1,15.0,0,541020.0,1,2400.0,0,91.0,1,20.0,0,24809.0,1,95.4,1,2.07,0,0.831,1,27.5,1,117.0,0,27.15,1,502.0,1,81.0,1,2.7,0,42.977280210241645,1,7.0,0,60.2,1,3.0459025244993905,1
Sri Lanka,68.0,1,39.3,1,4.3,0,2737.0,0,33.7,1,517.0,0,2.8,0,0.35,0,6.14,1,-94.62971101034324,0,56.4,0,34.98,0,7.1,0,81.0,1,9.7,1,4115.0,1,69.3,1,5.2,0,2.4,0,-2.0957773134854385,0,89.94075154170059,1,7.4,0,19302.604504666437,1,603.0,0,97.0,1,28.5,0,3768.0,0,32.7,0,2.17,0,0.782,1,23.4,0,135.0,1,26.95,1,128.0,0,76.9,1,12.9,1,38.13705103876579,0,12.0,0,6.6,0,2.001204510892139,0
Croatia,89.0,1,28.9,0,8.9,1,3074.0,1,43.9,1,1923.0,1,4.6,1,-0.58,0,6.5,1,7.0,0,61.4,1,231.02,1,4.8,0,97.1,1,1.5,0,-6293.500126179424,0,0.0,0,24.4,1,1.0,0,0.011,0,57.3,0,90.1,1,2929.0,0,7075.0,1,70.0,0,34.4,1,13934.0,1,69.2,1,1.48,0,0.858,1,28.1,1,84.0,0,10.90,0,2010.0,1,78.6,1,11.0,1,36.06270353342496,0,14.0,1,49.9,1,1.9667578251860478,0
Sudan,121.0,1,34.2,0,0.5,0,2578.0,0,18.3,0,206.0,0,2.2,0,2.38,1,2.54,0,623.0,1,47.7,0,155.2,1,58.4,1,24.3,0,96.0,1,9428.964313798933,1,0.0,0,6.6,0,5.1,1,-0.04407983038177399,0,53.64180170825557,0,1.5,0,1489.0,0,13.0,0,93.0,1,24.98309634701857,0,1415.0,0,27.4,0,4.29,1,0.508,0,22.0,0,52.0,0,26.90,1,27.0,0,69.1,0,4.8,0,42.174928710790994,1,12.0,0,21.0,0,1.9048664151811185,0
Latvia,126.0,1,34.5,0,12.9,1,3229.0,1,44.4,1,1904.0,1,4.7,1,-1.03,0,7.24,1,35.3,1,70.4,1,174.11,1,3.6,0,99.9,1,0.15,0,2910.0,1,0.0,0,23.6,1,2.6,1,0.03,1,128.69,1,75.0,1,-25243.36565346975,0,7096.0,1,29.0,0,43.8,1,17871.0,1,84.6,1,1.55,0,0.863,1,30.6,1,175.0,1,05.60,0,1349.0,1,75.4,1,16.1,1,40.0,0,14.0,1,45.7,1,1.9917270946538754,0
Bulgaria,63.0,1,40.3,1,12.7,1,2854.0,0,43.7,1,1681.0,1,4.1,0,-0.67,0,6.71,1,428.8457090496314,1,69.0,1,155.71,1,6.7,0,97.5,1,13.4,1,10068.0,1,0.0,0,25.0,1,1.0,0,0.014,0,78.84,0,85.0,1,153.0,0,4866.0,1,34.0,0,47.5,1,10058.0,1,65.2,1,1.56,0,0.795,1,26.9,1,109.0,0,10.55,0,956.0,1,75.1,1,6.5,0,38.12267062456576,0,14.0,1,69.4,1,1.8871173813544817,0
Lebanon,220.0,1,31.8,0,1.5,0,2857.0,0,33.7,1,1485.0,1,2.5,0,0.57,0,4.16,0,254.80242711706177,1,51.1,0,114.52,1,7.2,0,60.2,0,67.8,1,3686.0,1,0.2,1,32.0,1,1.9,0,-0.40861967094581253,0,91.87506328604809,1,39.5,0,89359.83245938778,1,5373.0,1,87.0,1,40.2,1,9310.0,1,85.0,1,2.06,0,0.706,0,28.8,1,205.0,1,15.00,0,628.0,1,76.4,1,2.8,0,42.20960082400889,1,7.0,0,63.1,1,2.2248262465219195,1
Belarus,66.0,1,24.4,0,11.2,1,3270.0,1,40.9,1,1045.0,1,4.8,1,-0.15,0,2.59,0,-197.6019182023517,0,57.9,0,133.73,1,3.2,0,98.6,1,0.75,0,8205.0,1,0.0,0,24.5,1,2.4,0,0.057,1,68.73,0,55.4,0,3670.0,1,4670.021127248681,1,34.0,0,41.8,1,6377.0,1,73.6,1,1.38,0,0.808,1,25.3,1,345.0,1,06.15,0,272.0,1,74.8,1,16.5,1,47.18650131237443,1,14.0,1,58.6,1,2.1804857685012147,1
Angola,41.0,0,51.3,1,6.4,1,2385.0,0,15.9,0,181.0,0,3.5,0,3.28,1,3.66,0,24.20953179994092,0,50.6,0,12.3,0,74.7,1,27.0,0,0.3,0,22.0,0,0.0,0,8.2,0,4.8,1,-0.2361638257368277,0,83.01039750135783,0,75.0,1,34076.0,1,663.0,0,88.0,1,22.120312589611075,0,1896.0,0,12.4,0,5.37,1,0.586,0,21.4,0,93.0,0,21.55,1,5.0,0,63.1,0,12.6,1,41.799392265144206,1,14.0,1,25.0,0,1.9972822607486278,0
Ecuador,57.0,1,47.3,1,4.4,0,2606.0,0,28.8,0,935.0,1,5.0,1,1.42,1,6.13,1,-74.23210765621914,0,46.9,0,139.6,1,14.0,0,77.7,1,0.0,0,2854.0,0,0.0,0,19.9,0,7.8,1,0.0041,0,79.98776882463841,0,94.0,1,26108.0,1,5525.0,1,82.0,1,18.4,0,5600.0,1,53.5,0,2.38,1,0.74,0,21.8,0,224.0,1,21.85,1,308.0,1,78.4,1,7.7,0,40.43347991420313,0,12.0,0,45.0,1,2.055337845395124,1
Lithuania,74.0,1,35.3,0,15.0,1,3411.0,1,44.5,1,2369.0,1,4.0,0,-0.55,0,7.13,1,14.1,0,74.2,1,295.46,1,3.7,0,99.8,1,0.1,0,3075.0,1,0.0,0,26.3,1,3.7,1,0.016,1,132.67,1,83.7,1,247.0,0,10996.0,1,40.0,0,41.4,1,20772.0,1,80.5,1,1.48,0,0.875,1,28.3,1,216.0,1,06.20,0,1667.0,1,76.0,1,20.2,1,55.0,1,14.0,1,49.5,1,2.087552636966054,1
Serbia,62.0,1,34.5,0,11.1,1,2828.0,0,43.4,1,1508.0,1,4.0,0,-0.34,0,6.22,1,28.5,0,63.9,1,148.53,1,5.3,0,96.6,1,2.1,0,11897.0,1,0.0,0,21.5,1,1.0,0,0.0095,0,77.88,0,91.0,1,2236.0,0,3610.0,1,54.0,0,45.1,1,7656.0,1,84.7,1,1.48,0,0.802,1,28.1,1,158.0,1,10.55,0,1158.0,1,75.9,1,7.9,0,37.86912075186581,0,14.0,1,50.481082625710684,1,1.9539393324964898,0
Jordan,83.0,1,33.7,0,0.7,0,2732.0,0,23.5,0,767.0,0,3.6,0,2.17,1,3.62,0,0.0,0,66.5,1,77.68,0,15.6,1,87.7,1,97.2,1,511.0,0,0.4,1,35.5,1,1.0,0,5.473530248834884,1,67.35,0,6.0,0,148812.0803829109,1,5408.0,1,96.0,1,30.7,1,4283.0,0,58.1,0,2.64,1,0.72,0,26.6,1,198.0,1,18.30,0,587.0,1,77.9,1,2.0,0,33.50862007438583,0,12.0,0,29.8,0,2.6838285813241605,1
Cuba,34.0,0,39.30158465238447,1,6.1,0,3344.0,1,42.1,1,2484.0,1,12.9,1,0.06,0,2.84,0,-99.7404433132975,0,27.8,0,99.94,0,5.1,0,99.2,1,0.1,0,992.0,0,0.0,0,24.6,1,5.0,1,0.0034,0,80.42669509972393,0,65.0,1,3052.0,1,44.0,0,34.0,0,40.8,1,9478.0,1,50.1,0,1.59,0,0.764,1,21.3,0,510.0,1,25.20,1,187.0,0,77.8,1,10.2,1,40.521982933483244,0,16.0,1,32.2,0,2.19543161703775,1
Uruguay,50.0,0,40.2,1,10.8,1,3202.0,1,35.5,1,2140.0,1,4.9,1,0.36,0,8.61,1,-153.68759644841688,0,68.6,1,210.54,1,7.1,0,97.1,1,0.0,0,3231.0,1,0.0,0,27.9,1,12.1,1,0.11,1,53.88,0,58.1,0,82262.27369305922,1,5336.0,1,40.0,0,35.3,1,15438.0,1,68.9,1,1.95,0,0.809,1,24.0,0,337.0,1,17.55,0,535.0,1,77.1,1,18.8,1,36.636486551312174,0,13.0,0,98.6,1,2.1242316190870736,1
Dominican Republic,36.0,0,39.6,1,6.9,1,2892.0,1,27.9,0,739.0,0,4.3,0,1.07,0,6.32,1,224.24632406060607,1,61.0,1,73.75,0,28.0,1,79.8,1,0.0,0,1866.0,0,0.0,0,27.8,1,8.9,1,0.00068,0,82.07217800894637,0,83.0,1,96120.66539427463,1,2613.0,1,87.0,1,18.7,0,7268.0,1,62.9,1,2.3,1,0.767,1,21.0,0,243.0,1,24.55,1,33.0,0,72.8,0,5.1,0,34.5398968102927,0,11.087125970737883,0,37.8,1,2.3264386465433287,1
Mongolia,245.0,1,32.7,0,7.4,1,2579.0,0,29.8,0,469.0,0,4.1,0,1.5,1,6.48,1,-328.2768743054795,0,55.4,0,139.82,1,15.6,1,94.6,1,5.0,0,285.0,0,55.1,1,20.6,1,6.0,1,2.779156901328138,1,43.67,0,1.3,0,4815.0,1,1769.0,0,62.45880247787128,0,34.1,1,4007.0,0,21.8,0,2.83,1,0.739,0,26.0,1,154.0,1,01.70,0,194.0,0,68.1,0,18.0,1,40.91123036838746,0,14.0,1,108.8,1,1.8132780586350936,0
Tunisia,97.0,1,32.8,0,1.9,0,3450.0,1,32.7,1,673.0,0,6.6,1,1.09,0,6.59,1,247.62246966721568,1,55.4,0,114.47,1,16.9,1,39.8,0,97.8,1,720.0,0,0.0,0,26.9,1,4.8,1,0.0068,0,56.820962593440925,0,0.1,0,2986.0,1,2000.0,0,93.0,1,34.3,1,3318.0,0,52.2,0,2.15,0,0.731,0,28.7,1,194.0,1,19.20,0,710.0,1,77.0,1,3.2,0,31.745033768827724,0,13.0,0,25.5,0,2.261368446479781,1
Costa Rica,43.0,0,49.3,1,4.8,0,3029.0,1,32.6,1,1541.0,1,7.4,1,0.96,0,8.16,1,6.6,0,65.3,1,183.28,1,8.6,0,90.4,1,0.0,0,2158.0,0,0.0,0,25.7,1,11.2,1,0.017,1,47.93,0,82.0,1,-1234.143218708923,0,6145.0,1,79.0,0,18.0,0,12077.0,1,68.1,1,1.72,0,0.809,1,25.7,1,374.0,1,24.80,1,279.0,1,80.8,1,7.6,0,28.0,0,12.0,0,40.4,1,2.143845853599616,1
Iceland,81.0,1,26.1,0,9.1,1,3654.0,1,37.1,1,4789.0,1,7.5,1,0.77,0,9.37,1,10.3,0,77.1,1,225.82,1,2.0,0,56.46196844130279,0,0.2,0,1767.0,0,0.4,1,21.9,1,1.5,0,2.0689915449069147,1,158.12701009179318,1,72.3,1,68102.63334120248,1,12846.349997049732,1,34.47687150535559,0,30.2,1,63644.0,1,88.9,1,1.72,0,0.959,1,32.7,1,33.0,0,-0.70,0,4622.0,1,82.3,1,11.2,1,40.0,0,15.0,1,84.8,1,2.168677305541321,1
Ethiopia,32.0,0,35.0,0,2.8,0,2338.0,0,19.8,0,70.0,0,4.7,1,2.43,1,3.38,0,234.0,1,53.6,0,44.14,0,50.7,1,13.6,0,31.3,1,240.0,0,0.0,0,4.5,0,8.8,1,0.00068,0,106.25617409153728,1,75.0,1,-21312.729060928366,0,-1534.1603125484908,0,103.24790659426645,1,6.8,0,840.0,0,16.2,0,4.05,1,0.498,0,21.3,0,99.0,0,22.20,1,52.0,0,68.7,0,9.5,1,45.170497554025566,1,9.0,0,7.9,0,1.8908867068668385,0
Kenya,26.0,0,40.8,1,3.4,0,2197.0,0,20.0,0,187.0,0,5.2,1,2.49,1,5.05,0,73.3,1,55.1,0,94.86,0,43.2,1,54.0,0,11.2,1,300.0,0,0.0,0,7.1,0,4.0,1,0.002,0,62.31563082730872,0,85.1,1,20265.27481907941,1,702.0,0,94.0,1,19.3,0,1879.0,0,16.7,0,3.37,1,0.575,0,20.2,0,81.0,0,24.75,1,86.0,0,66.1,0,11.0,1,40.54382713153605,0,8.0,0,14.3,0,1.9025821347649396,0
Papua New Guinea,111.0,1,41.9,1,1.2,0,2366.4755798389415,0,24.0,0,91.0,0,3.149931909161527,0,2.01,1,6.1,1,506.59437416464357,1,58.4,0,35.921634924217216,0,44.8,1,33.0,0,0.0,0,122.0,0,0.0,0,21.3,1,4.380638616579115,1,1.3685170285144217,1,48.74682411364097,0,97.0,1,4081.0,1,2086.0,0,108.96921276829555,1,54.1,1,2640.0,0,9.3,0,3.48,1,0.558,0,21.4,0,62.0,0,25.25,1,25.0,0,65.3,0,3.6,0,35.16836734452824,0,7.0,0,73.0,1,1.9122130970936322,0
Trinidad,76.0,1,40.3,1,8.4,1,2991.0,1,37.8,1,1666.0,1,3.1,0,0.26,0,7.16,1,66.41965484137344,1,57.0,0,103.8,0,17.5,1,82.8,1,5.8,1,30231.70568810444,1,0.3,1,18.6,0,30.6,1,1.9381272297101422,1,79.89,0,57.6,0,43748.0,1,4615.0,1,92.0,1,26.90287182214763,0,15286.0,1,69.4,1,1.7,0,0.81,1,29.2,1,292.0,1,25.75,1,320.0,1,76.1,1,8.3,0,30.61291354329505,0,10.91470362018669,0,57.8,1,2.195087575064887,1
Ghana,30.0,0,43.5,1,2.7,0,3035.0,1,21.4,0,178.0,0,3.6,0,2.16,1,6.5,1,32.9,0,57.5,0,9.08,0,46.2,1,34.9,0,19.9,1,28.0,0,0.0,0,10.9,0,2.1,0,-0.4460990505263531,0,51.93,0,71.2,1,5835.0,1,433.0,0,95.0,1,7.0,0,2206.0,0,45.9,0,3.77,1,0.632,0,21.7,0,43.0,0,27.20,1,136.0,0,66.3,0,10.5,1,31.762362151208777,0,12.0,0,9.9,0,2.029370603383169,0
Bahrain,66.0,1,35.517531107474724,0,1.9,0,3275.0995179548568,1,32.9,1,2038.0,1,2.3,0,4.26,1,2.49,0,55.857502246402206,1,66.4,1,123.19330304745722,1,6.9,0,42.3,0,73.7,1,40.0,0,2.5,1,29.8,1,0.5,0,2.9405839556915616,1,58.53,0,15.0,0,116433.0,1,10586.622078258315,1,94.0,1,22.2,0,19925.0,1,97.8,1,1.94,0,0.875,1,26.3,1,234.0,1,26.80,1,710.0,1,75.8,1,7.2,0,36.65964908269951,0,15.0,1,70.7,1,2.490769474125974,1
Oman,35.0,0,36.63406110019997,1,0.8,0,2940.0,1,26.2,0,1126.0,1,6.8,1,4.08,1,3.0,0,247.3272804044074,1,61.0,1,152.28,1,11.4,0,41.9,0,86.0,1,7.0,0,0.8,1,27.0,1,0.3,0,-1.2524560311571822,0,57.53,0,6.5,0,214450.0,1,10263.0,1,96.0,1,7.6,0,12409.0,1,82.2,1,2.78,1,0.816,1,24.8,0,45.0,0,25.60,1,562.0,1,73.9,0,4.5,0,40.37238072444078,0,9.0,0,49.8,1,2.4840186147602696,1
Estonia,89.0,1,30.8,0,11.6,1,3247.0,1,43.7,1,2442.0,1,5.2,1,-0.23,0,7.84,1,15.2,0,76.6,1,284.85,1,2.4,0,99.7,1,0.0,0,3916.0,1,0.0,0,21.2,1,3.2,1,0.013,0,78.58,0,45.0,0,-27503.666273891577,0,7897.0,1,16.0,0,46.0,1,23106.0,1,86.8,1,1.58,0,0.89,1,30.4,1,173.0,1,02.00,0,2865.0,1,78.9,1,12.0,1,41.0,0,14.0,1,67.4,1,1.9943715296332718,0
Guatemala,28.0,0,48.3,1,2.4,0,2551.0,0,23.2,0,514.0,0,2.8,0,1.94,1,4.97,0,315.0,1,62.6,1,46.6,0,24.5,1,50.7,0,0.0,0,1042.0,0,0.0,0,21.2,1,22.5,1,0.0061,0,64.71324603955003,0,87.0,1,369.0,0,3924.0,1,88.0,1,14.3,0,4332.0,0,66.7,1,2.78,1,0.627,0,21.3,0,139.0,1,23.45,1,24.0,0,72.0,0,6.2,0,32.667076775347006,0,11.778151587847416,0,23.8,0,2.038807577127702,0
Panama,157.0,1,49.8,1,7.9,1,2851.0,0,30.1,1,2511.0,1,4.1,0,1.55,1,7.18,1,138.0422563429807,1,67.2,1,70.29,0,14.9,1,80.9,1,0.7,0,940.0,0,0.2,1,22.7,1,11.1,1,0.068,1,125.25,1,92.0,1,58792.48479344332,1,3819.0,1,88.0,1,13.4,0,12269.0,1,54.5,0,2.42,1,0.805,1,21.6,0,420.0,1,25.40,1,182.0,0,79.3,1,2.9,0,35.876825172266486,0,12.0,0,54.5,1,2.2094159350311076,1
Jamaica,122.0,1,35.0,0,4.2,0,2792.0,0,29.4,0,621.0,0,5.4,1,0.29,0,7.13,1,824.0799924067662,1,68.6,1,91.13,0,13.9,0,66.6,1,0.2,0,-25582.42905377393,0,0.0,0,24.7,1,44.7,1,0.0034,0,37.95,0,65.3,1,10588.78359433511,1,2402.0,0,70.0,0,17.4,0,4665.0,0,49.9,0,1.95,0,0.709,0,33.2,1,137.0,1,24.95,1,175.0,0,76.0,1,2.3,0,31.258181966527395,0,11.281001953012987,0,56.8,1,2.0456159567503063,0
Georgia,128.0,1,34.5,0,9.8,1,2835.0,0,38.6,1,1026.0,1,3.8,0,-0.27,0,5.31,0,760.0,1,75.9,1,149.26,1,9.6,0,99.1,1,10.7,1,581.0,0,8.651425522439409,1,21.7,1,2.2,0,0.01,0,117.49888326217439,1,88.6,1,80.0,0,93.0,0,81.0,1,32.8,1,3984.0,0,91.7,1,2.05,0,0.802,1,26.6,1,245.0,1,05.65,0,511.0,1,73.3,0,7.7,0,40.55795176867764,0,14.0,1,26.0,0,2.1001063702450526,1
Paraguay,54.0,1,43.5,1,7.2,1,2768.0,0,29.7,0,957.0,1,3.4,0,1.25,1,6.18,1,-8.765955979689863,0,61.8,1,75.72,0,19.4,1,77.8,1,0.0,0,1007.0,0,0.0,0,20.3,0,6.7,1,0.0074,0,56.89,0,96.0,1,48420.2611910002,1,4055.0,1,92.0,1,29.1,0,4950.0,0,62.1,0,2.38,1,0.717,0,22.7,0,241.0,1,23.55,1,55.0,0,75.8,1,6.2,0,33.99098712768691,0,14.0,1,70.3,1,2.101301972023688,1
Tanzania,34.0,0,40.5,1,9.4,1,2373.0,0,18.2,0,104.0,0,3.4,0,3.06,1,5.1,0,477.6450299333427,1,60.2,0,40.29,0,50.3,1,43.5,0,35.2,1,172.0,0,0.0,0,8.4,0,6.5,1,-0.6101888068126193,0,89.5092470819892,1,61.4,0,51902.91386871028,1,209.0,0,89.0,1,27.8,0,1115.0,0,47.2,0,4.77,1,0.549,0,18.9,0,59.0,0,22.35,1,37.0,0,67.3,0,8.2,0,41.69159619808663,1,7.0,0,10.0,0,2.0733345882261727,1
Uzbekistan,24.0,0,35.3,0,2.7,0,3011.0,1,30.1,1,374.0,0,6.3,1,1.41,1,2.12,0,693.854605038094,1,53.3,0,130.81,1,17.4,1,99.8,1,88.7,1,1003.0,0,0.0,0,16.6,0,1.1,0,0.02,1,39.2,0,2.6,0,1418.0,0,1041.0,0,55.0,0,24.9,0,1724.0,0,49.0,0,2.9,1,0.727,0,22.4,0,68.0,0,12.05,0,99.0,0,73.0,0,8.3,0,35.28824563129989,0,13.0,0,20.7,0,2.0428463411964963,0
Nigeria,2.0,0,35.1,0,13.4,1,2572.0,0,18.6,0,161.0,0,5.94,1,2.58,1,4.1,0,1658.0,1,57.3,0,7.91,0,117.2,1,21.6,0,48.0,1,1314.0,0,0.0,0,8.9,0,34.5,1,0.00068,0,214.33,1,45.9,0,7051.0,1,901.0,0,77.0,0,9.3,0,2085.0,0,63.8,1,5.25,1,0.535,0,21.2,0,32.0,0,27.00,1,63.0,0,62.6,0,6.9,0,42.117452437588454,1,7.0,0,8.6,0,2.1807613628995326,1
El Salvador,56.0,1,38.8,1,3.7,0,2696.0,0,27.7,0,751.0,0,3.8,0,0.52,0,5.9,1,229.18037815268443,1,61.8,1,124.34,1,13.3,0,65.7,1,0.28,0,661.0,0,0.0,0,24.6,1,37.2,1,0.00068,0,46.73503595597157,0,81.9,1,-62098.28253857362,0,3650.0,1,77.0,0,15.9,0,3799.0,0,31.6,0,2.0,0,0.675,0,22.5,0,572.0,1,24.45,1,16.0,0,75.0,1,6.1,0,39.799098957544814,0,12.0,0,21.4,0,2.293692296564488,1
Laos,53.0,0,38.8,1,10.4,1,2758.0,0,24.0,0,174.0,0,2.9,0,1.45,1,1.77,0,233.9618017014646,1,57.4,0,2.92,0,45.5,1,58.6,0,0.0,0,88.0,0,66.1,1,5.3,0,-0.3335830119581553,0,0.891189832120066,1,43.98,0,2.2,0,456.57714562345063,0,1732.0,0,96.0,1,52.5,1,2623.0,0,23.6,0,2.58,1,0.607,0,20.5,0,130.0,1,22.80,1,42.0,0,68.5,0,6.0,0,39.33049958804584,0,15.0,1,15.0,0,2.143135795947303,1
Nicaragua,83.0,1,46.2,1,5.2,0,2582.0,0,27.3,0,491.0,0,4.3,0,1.07,0,3.6,0,193.4203896861462,1,57.7,0,85.16,0,16.6,1,49.2,0,0.0,0,27.0,0,0.0,0,23.7,1,7.2,1,-0.4026539295002234,0,56.97052811619568,0,84.6,1,5582.684101857856,1,1506.0,0,70.0,0,20.883424115581494,0,1905.0,0,25.3,0,2.35,1,0.667,0,20.6,0,332.0,1,24.90,1,21.0,0,75.0,1,4.7,0,44.914863238409566,1,13.0,0,14.9,0,2.1872489815611473,1
Zimbabwe,77.0,1,50.3,1,4.8,0,1908.0,0,20.5,0,180.0,0,6.1,1,2.28,1,3.16,0,848.0,1,40.4,0,31.9,0,54.6,1,81.1,1,0.7,0,232.0,0,0.0,0,15.5,0,7.5,1,0.0014,0,96.58168966242357,1,87.0,1,4689.797964037891,1,833.3666790569805,0,88.0,1,21.0,0,1466.0,0,28.0,0,3.46,1,0.593,0,19.9,0,127.0,0,21.00,0,71.0,0,60.7,0,23.6,1,41.75199404000861,1,7.0,0,15.2,0,2.007039682304042,0
Luxembourg,22.1,0,34.2,0,13.0,1,3465.0,1,39.5,1,6212.0,1,4.0,0,1.27,1,8.68,1,37.5,1,75.9,1,255.3,1,2.8,0,66.41541493404401,1,2.3,0,2000.0,0,0.0,0,22.6,1,0.2,0,0.0047,0,154.26,1,72.4,1,101758.86790244526,1,32103.0,1,39.0,0,31.0,1,117182.0,1,89.3,1,1.37,0,0.93,1,31.1,1,83.0,0,08.65,0,3554.0,1,82.4,1,8.6,1,50.0,1,18.0,1,141.7,1,2.0625380248456846,1
Albania,66.0,1,30.8,0,7.5,1,3360.0,1,34.3,1,896.0,1,4.0,0,0.13,0,6.08,1,350.43520327806084,1,66.5,1,303.72,1,9.7,0,86.9,1,58.8,1,390.0,0,0.0,0,21.7,1,2.1,0,0.8892637641075574,1,45.25,0,17.0,0,5687.0,1,3709.0,1,50.0,0,35.0,1,5181.0,0,73.7,1,1.58,0,0.796,1,24.0,0,164.0,1,11.40,0,216.0,0,78.0,1,3.7,0,39.58473218258514,0,14.0,1,38.2,1,2.0222358961969373,0
Cambodia,57.0,1,37.9,1,6.7,1,2492.0,0,26.4,0,265.0,0,1.9,0,1.49,1,3.1,0,43.339383784704154,1,57.8,0,3.47,0,26.6,1,53.1,0,2.0,0,4668.379610402131,1,97.9,1,3.9,0,1.8,0,-1.653921437016363,0,86.31109961911085,0,1.0,0,10507.121058914316,1,-1559.231872100223,0,96.0,1,42.3,1,1513.0,0,32.8,0,2.45,1,0.593,0,21.0,0,220.0,1,26.80,1,34.0,0,70.1,0,5.5,0,42.43325130182323,1,14.0,1,13.9,0,2.050373866410105,1
Mozambique,72.0,1,54.0,1,2.4,0,2103.0,0,17.0,0,107.0,0,6.5,1,2.86,1,3.51,0,246.0,1,48.6,0,4.79,0,74.2,1,26.0,0,18.9,1,13137.590831298628,1,0.0,0,7.2,0,3.5,1,-0.6220751235941719,0,62.73998490513412,0,56.1,0,-5789.669055207138,0,550.0,0,86.0,1,29.4,0,449.0,0,19.2,0,4.71,1,0.446,0,18.7,0,63.0,0,23.80,1,20.0,0,58.1,0,23.2,1,40.93608611428026,0,16.0,1,5.6,0,1.895018433301571,0
Zambia,45.0,0,57.1,1,4.8,0,2002.0,0,16.9,0,177.0,0,1.3,0,2.97,1,4.86,0,251.15947525704433,1,53.6,0,9.71,0,61.7,1,52.3,0,1.0,0,28984.09809053241,1,0.0,0,8.1,0,5.4,1,0.3106518876993327,1,94.00112402267854,1,95.5,1,3301.9073741529137,1,596.0,0,95.0,1,19.9,0,985.0,0,24.4,0,4.5,1,0.565,0,18.7,0,123.0,0,21.40,0,44.0,0,62.5,0,14.4,1,39.232717481756126,0,8.0,0,11.9,0,1.9596317778384738,0
Honduras,38.0,0,48.2,1,4.0,0,2673.0,0,24.4,0,412.0,0,6.0,1,1.63,1,5.36,0,1235.0,1,60.2,0,91.33,0,16.8,1,66.3,1,0.3,0,102.0,0,0.1,1,21.4,1,36.3,1,0.49895372146747796,1,38.55098833458749,0,88.0,1,-27691.683797787206,0,2420.0,0,83.4959383226675,1,17.026964494064543,0,2406.0,0,29.0,0,2.39,1,0.621,0,21.2,0,237.0,1,23.50,1,37.0,0,71.9,0,2.6,0,34.80962601857836,0,11.261953570159598,0,24.7,0,2.1822425233615044,1
Kyrgyzstan,112.0,1,29.0,0,6.2,0,2729.0,0,27.3,0,268.0,0,6.1,1,1.44,1,4.21,0,329.6827517189962,1,55.52181950971543,0,210.92,1,18.3,1,92.5,1,85.0,1,1455.0,0,0.0,0,16.6,0,2.2,0,0.0027,0,48.12,0,14.2,0,104.0,0,162.0,0,72.0,0,31.4,1,1186.0,0,35.4,0,3.0,1,0.692,0,21.8,0,161.0,1,02.10,0,76.0,0,74.2,0,8.3,0,41.83986821116281,1,14.0,1,39.0,1,1.9336549815629716,0
North Macedonia,73.0,1,33.0,0,6.82799662385053,1,3072.0,1,39.0,1,1065.0,1,3.3,0,0.08,0,5.89,1,269.2829923614556,1,71.1,1,157.93,1,6.1,0,85.78835850111496,1,33.3,1,24115.338237346194,1,0.0,0,22.4,1,1.2,0,0.00068,0,37.2,0,70.7,1,39394.626979113,1,2418.0,0,76.0,0,41.53501416370103,1,5886.0,1,75.6,1,1.3,0,0.77,1,26.0,1,105.0,0,09.80,0,540.0,1,74.8,1,7.2,0,35.81373132978933,0,14.0,1,35.4,0,2.0416878439558994,0
Cameroon,24.0,0,46.6,1,8.9,1,2733.0,0,18.5,0,138.0,0,3.1,0,2.56,1,2.77,0,389.0,1,52.4,0,15.27,0,74.8,1,26.1,0,30.0,1,13279.455850885337,1,0.0,0,11.4,0,1.4,0,0.412012092467128,1,109.20260590568898,1,73.0,1,2596.0,0,785.0,0,96.0,1,12.8,0,1502.0,0,20.5,0,4.44,1,0.576,0,19.0,0,124.0,0,24.60,1,86.0,0,62.4,0,15.9,1,40.41292618229588,0,10.0,0,14.4,0,2.123323231040894,1
Yemen,21.0,0,36.7,1,0.1,0,2154.0,0,18.21455502894711,0,117.90366311232128,0,5.2,1,2.33,1,1.95,0,1294.0,1,52.16209194093227,0,43.97,0,58.4,1,13.7,0,97.2,1,-2116.36842425706,0,0.0,0,17.1,0,6.8,1,0.2605026678947979,1,95.74375902687859,1,0.01,0,2080.0,0,3016.651832857311,1,98.0,1,27.3,0,937.0,0,22.9,0,3.61,1,0.455,0,23.0,0,53.0,0,23.85,1,35.0,0,66.6,0,7.1,0,43.85271274844463,1,7.0,0,14.7,0,2.109247878414975,1
Iran,2.0,0,40.9,1,1.0,0,3087.0,1,31.7,1,1115.0,1,4.0,0,1.04,0,2.2,0,1.9,0,51.1,0,46.69,0,13.9,0,36.8,0,99.4,1,102691.0,1,0.0,0,25.8,1,2.5,1,0.064,1,98.89470509366583,1,0.95,0,29617.0,1,7587.0,1,78.0,0,21.5,0,11183.0,1,88.8,1,2.14,0,0.774,1,23.8,0,228.0,1,17.25,0,863.0,1,77.3,1,5.1,0,37.01829832029543,0,12.0,0,23.1,0,2.3,1
Azerbaijan,22.0,0,33.7,0,0.8,0,3149.0,1,32.6,1,507.0,0,2.5,0,0.98,0,2.68,0,725.0,1,65.4,1,152.07,1,20.4,1,98.4,1,97.3,1,542.0,0,0.0,0,19.9,0,2.3,0,0.049,1,66.75813998292773,0,3.1,0,69648.0,1,2118.0,0,36.0,0,28.7,0,4202.0,0,75.3,1,1.7,0,0.745,0,23.7,0,208.0,1,11.95,0,174.0,0,71.4,0,4.0,0,43.15064915797784,1,14.0,1,15.9,0,2.397375857353752,1
Moldova,70.0,1,26.0,0,15.2,1,2383.0,0,37.7,1,827.0,0,6.7,1,-0.24,0,5.78,1,136.31273045818938,1,59.1,0,155.18,1,14.4,0,95.8,1,0.4,0,20529.712282311913,1,-16.320985598174524,0,18.9,0,4.1,1,0.013,0,114.01,1,95.3,1,-12149.088531767396,0,1883.0,0,21.0,0,25.3,0,2954.0,0,100.7,1,1.28,0,0.767,1,25.8,1,182.0,1,09.45,0,211.0,0,73.3,0,12.2,1,50.92159090940983,1,14.0,1,22.7,0,1.8660874190487475,0
namibia,64.0,1,59.1,1,9.8,1,2469.0,0,21.8,0,874.0,0,8.4,1,2.12,1,6.52,1,357.8533763263975,1,58.7,0,73.05,0,42.4,1,56.7,0,0.4,0,106.0,0,0.0,0,17.2,0,11.9,1,0.00068,0,96.44563138874929,1,90.0,1,-16378.747905751341,0,2449.650731645761,0,92.0,1,25.6,0,4215.0,0,36.9,0,3.29,1,0.615,0,29.2,1,295.0,1,19.95,0,205.0,0,64.6,0,13.5,1,34.6036708544496,0,7.0,0,34.0,0,2.072047264934561,1
Bolivia,33.0,0,43.6,1,4.8,0,2412.0,0,25.3,0,573.0,0,7.3,1,1.47,1,5.08,0,215.15962540727037,1,42.3,0,46.04,0,26.0,1,67.5,1,0.0,0,1578.0,0,0.0,0,20.2,0,6.2,1,0.0034,0,64.69691243888354,0,89.0,1,2681.0,0,4071.0,1,89.0,1,32.1,1,3133.0,0,40.1,0,2.65,1,0.692,0,24.1,0,164.0,1,21.55,1,38.0,0,72.1,0,6.8,0,37.56751901139823,0,14.0,1,50.0,1,1.9839410041781889,0
Uganda,24.0,0,42.7,1,9.5,1,1981.0,0,15.7,0,95.0,0,2.6,0,3.23,1,4.94,0,143.0,1,59.7,0,37.27,0,45.8,1,36.1,0,14.0,1,288.0,0,0.0,0,5.3,0,9.7,1,-0.7461526191269794,0,60.57914372442684,0,88.6,1,1252.1342621521617,0,426.0,0,93.0,1,24.7,0,846.0,0,22.2,0,4.7,1,0.525,0,18.2,0,124.0,0,22.80,1,53.0,0,66.7,0,10.4,1,43.38437624961411,1,12.0,0,11.7,0,1.9069834543502007,0
Senegal,42.0,0,38.1,1,0.7,0,2545.0,0,19.4,0,153.0,0,4.8,1,2.77,1,5.67,0,218.3963930701342,1,56.3,0,16.86,0,45.3,1,21.5,0,97.2,1,3555.6446544911596,1,0.3,1,8.8,0,0.3,0,-0.3214829971347992,0,75.55665603629143,0,4.2,0,39237.10708172535,1,686.0,0,96.0,1,14.3,0,1458.0,0,27.8,0,4.49,1,0.511,0,22.2,0,68.0,0,27.85,1,54.0,0,68.6,0,11.0,1,38.85802060285885,0,13.0,0,17.7,0,2.09027225695679,1
Armenia,102.0,1,25.2,0,5.5,0,2997.0,1,36.6,1,1356.0,1,2.3,0,0.15,0,5.35,0,359.1939608880052,1,67.7,1,209.03,1,11.8,0,98.9,1,0.03,0,396.0,0,0.0,0,20.2,0,1.8,0,0.00068,0,74.53736796410652,0,97.9,1,19474.74894041248,1,1787.0,0,79.0,0,32.0,1,4266.0,0,73.2,1,1.76,0,0.759,1,26.3,1,74.0,0,07.15,0,396.0,1,76.0,1,2.7,0,39.00581578115653,0,14.0,1,27.7,0,1.864814090779174,0
Myanmar,17.0,0,30.7,0,4.8,0,2673.0,0,30.22080110683233,1,229.0,0,2.2,0,0.9,0,3.04,0,271.4465692008845,1,53.6,0,31.48,0,44.7,1,58.2,0,-8.137500945344101,0,3660.0,1,89.9,1,7.290871204363798,0,2.3,0,-1.3537341584304254,0,111.30897435422509,1,6.2,0,138.0,0,691.0,0,96.0,1,66.9,1,1292.0,0,30.4,0,2.12,0,0.585,0,20.5,0,171.0,1,13.05,0,18.0,0,69.1,0,3.0,0,46.08032927403545,1,7.0,0,10.7,0,2.0716008166874365,1
Syria,24.0,0,37.5,1,0.3,0,2726.0852545343,0,23.5,0,1112.2789409947231,1,5.1,1,0.2,0,1.43,0,3753.0,1,66.62464164253558,1,111.43,1,21.5,1,39.0,0,86.0,1,1138.0,0,0.9823527480379006,1,27.8,1,0.9,0,0.00068,0,117.51332795281797,1,10.0,0,1544.0,0,96.0,0,89.0,1,36.1450782126606,1,890.0,0,29.3,0,2.73,1,0.577,0,26.3,1,60.0,0,17.75,0,40.0,0,72.7,0,2.1,0,48.855725637095446,1,10.0,0,21.2,0,2.279493989290776,1
Gabon,35.0,0,38.0,1,11.5,1,2633.0,0,21.0,0,401.0,0,2.7,0,2.17,1,3.54,0,-70.92052194141695,0,56.3,0,30.16,0,42.5,1,60.6,0,10.0,1,-4138.665827623394,0,-1.9081076049030194,0,15.0,0,8.865784486345092,1,0.8384230676918012,1,75.72983040877375,0,88.0,1,78388.0,1,3246.0,1,81.05083080091,1,15.526855864506945,0,6789.0,1,44.4,0,3.87,1,0.706,0,20.4,0,241.0,1,25.05,1,85.0,0,66.5,0,13.1,1,42.996135805966404,1,13.0,0,46.0,1,2.3021735035153092,1
Bosnia and Herzegovina,23.0,0,33.0,0,6.4,1,3307.0,1,43.3,1,1297.0,1,4.160255347945162,0,-0.22,0,4.84,0,305.2239472570195,1,61.9,1,174.03,1,5.9,0,86.0,1,50.7,1,43007.640903481355,1,-0.7259756433329194,0,17.9,0,1.2,0,0.0034,0,44.85,0,45.94,0,6821.462644720392,1,3949.0,1,75.0,0,46.6,1,6035.0,1,70.9,1,1.24,0,0.78,1,27.1,1,83.0,0,09.85,0,474.0,1,76.8,1,8.3,0,35.77416628566092,0,14.0,1,21.4,0,2.003250092477479,0
Barbados,100.0,1,39.112989264185686,1,9.6,1,2956.0,1,39.5,1,1080.0,1,4.7,1,0.24,0,6.144601694006602,1,3.71106282032801,0,64.7,1,110.48,0,12.7,0,98.5,1,1.5,0,-291.4401508393639,0,0.0,0,23.1,1,9.8,1,0.00068,0,105.71,1,74.0,1,3546.0,1,6500.0,1,60.851010238048325,0,10.2,0,15449.0,1,83.1,1,1.63,0,0.79,1,31.8,1,296.0,1,26.00,1,542.0,1,76.0,1,0.3,0,31.75574099007636,0,12.832319880906217,0,88.7,1,2.0966019498417316,1
Montenegro,151.0,1,36.8,1,8.0,1,3500.0,1,39.6,1,1769.0,1,5.29431719733115,1,0.04,0,5.77,0,114.26515156291038,1,60.5,0,349.21,1,2.3,0,93.9,1,19.1,1,11646.194335413427,1,0.0,0,23.3,1,2.9,1,-1.0814159068622136,0,64.44,0,78.8,1,-3195.053943293926,0,6387.0,1,71.0,0,38.7,1,7626.0,1,80.4,1,1.75,0,0.832,1,28.6,1,172.0,1,10.55,0,1006.0,1,75.9,1,16.2,1,37.88755505361496,0,14.0,1,56.2597920944454,1,1.893239088996691,0
Madagascar,41.0,0,42.6,1,1.9,0,1938.0,0,20.3,0,68.0,0,2.8,0,2.67,1,5.7,0,216.75224965506874,1,56.6,0,24.84,0,50.6,1,49.4,0,10.0,1,119.0,0,0.0,0,5.3,0,2.6562240768645164,1,0.00068,0,41.4,0,85.0,1,-44333.865005428466,0,376.0,0,93.0,1,46.7,1,470.0,0,8.7,0,3.98,1,0.501,0,18.4,0,102.0,0,22.65,1,15.0,0,65.3,0,9.2,1,40.09912008191833,0,13.0,0,17.6,0,1.7904276831559285,0
Algeria,2.0,0,27.6,0,0.9,0,3322.0,1,28.9,0,741.0,0,4.3,0,1.67,1,3.77,0,277.66495919373835,1,46.2,0,141.53,1,23.3,1,19.5,0,99.0,1,3955.0,1,0.0,0,27.4,1,1.3,0,1.2452921620918271,1,66.45724698712507,0,0.01,0,24959.0,1,1777.0,0,95.0,1,22.2,0,3368.0,0,59.6,0,2.94,1,0.745,0,28.2,1,153.0,1,22.50,1,176.0,0,77.1,1,2.6,0,37.42599726091663,0,13.0,0,18.4,0,2.2096346587699416,1
Mali,26.0,0,36.1,0,1.3,0,2873.0,0,16.1,0,84.0,0,3.1,0,2.99,1,3.93,0,164.0,1,58.1,0,98.68,0,94.0,1,13.6,0,95.0,1,14.0,0,0.0,0,8.6,0,-0.6940180712799839,0,2.078989560485306,1,77.68637314731234,0,2.4,0,36543.89432554267,1,616.0,0,95.0,1,16.3,0,856.0,0,10.8,0,5.69,1,0.428,0,18.8,0,33.0,0,28.25,1,16.0,0,62.8,0,8.0,0,36.62644148924811,0,13.0,0,19.0,0,2.1033696963000215,1
Mauritania,76.0,1,32.6,0,0.0,0,2877.0,1,21.0,0,188.0,0,2.6,0,2.69,1,3.92,0,443.30767382666,1,55.7,0,160.82,1,72.9,1,26.6,0,100.0,1,-12775.803358952398,0,-4.28713120991004,0,12.7,0,1.7183277919538718,0,1.3595179135106399,1,84.3997998789203,0,0.14,0,53149.444872789056,1,982.0,0,97.0,1,21.3,0,1702.0,0,19.9,0,4.45,1,0.556,0,19.0,0,53.0,0,27.65,1,20.0,0,68.4,0,5.5,0,39.21107107004282,0,7.0,0,29.9,0,2.1072133714138808,1
Libya,9.0,0,36.779911154747225,1,0.0,0,2982.3004745726334,1,25.8,0,962.2707234584941,1,2.3,0,1.33,1,1.95,0,405.0,1,57.721678043957986,0,75.0,0,11.5,0,24.2,0,97.0,1,26.0,0,0.3,1,32.5,1,-0.3345477508276975,0,0.14536752258508834,1,48.23885097917514,0,2.7,0,181710.0,1,1169.0,0,102.1527483800224,1,21.65869977389159,0,4243.0,0,20.6,0,2.17,0,0.718,0,29.2,1,139.0,1,21.80,1,97.0,0,75.8,1,4.5,0,40.63782152984513,0,14.0,1,28.6,0,2.4809825998954986,1
Nepal,16.0,0,32.8,0,2.0,0,2769.0,0,25.3,0,172.0,0,5.2,1,1.09,0,5.22,0,117.20987069892806,1,53.8,0,52.1,0,30.8,1,20.8,0,4.2,0,74994.71161420319,1,10.3,1,4.1,0,2.3,0,4.572778196219989,1,68.34433915068712,0,0.9,0,-41498.09495417189,0,1524.0,0,93.0,1,64.5,1,1135.0,0,53.9,0,1.84,0,0.602,0,20.1,0,86.0,0,08.10,0,84.0,0,70.9,0,9.8,1,44.98566795919058,1,10.0,0,10.0,0,2.0511880106698857,1
Burkina Faso,26.0,0,47.3,1,8.2,1,2737.0,0,17.9,0,105.0,0,4.2,0,2.87,1,3.73,0,335.0,1,59.4,0,29.79,0,87.5,1,8.4,0,63.8,1,12.0,0,0.0,0,5.6,0,1.3,0,-0.0790151143661042,0,85.74382425836905,0,22.0,0,23527.636466077092,1,750.0,0,88.0,1,29.8,0,831.0,0,13.8,0,5.03,1,0.449,0,17.9,0,37.0,0,28.29,1,30.0,0,62.7,0,14.4,1,39.09579973845903,0,13.0,0,11.2,0,2.070556434913456,1
Niger,36.0,0,37.3,1,0.5,0,2601.0,0,14.8,0,65.0,0,3.5,0,3.81,1,3.29,0,395.2498336440407,1,51.6,0,58.92,0,80.4,1,13.7,0,98.3,1,1731.3490505067166,0,-0.5292753459268802,0,5.5,0,4.4,1,1.2048605608276155,1,77.06670064435667,0,0.5,0,324.0,0,650.0,0,98.0,1,9.7,0,568.0,0,8.7,0,6.74,1,0.4,0,17.2,0,47.0,0,27.15,1,8.0,0,63.3,0,10.1,1,38.69879587144478,0,13.0,0,11.2,0,2.0374051319252984,0
Seychelles,180.0,1,32.1,0,13.8,1,2703.416602256588,0,36.8,1,1395.0,1,4.4,1,0.5,0,6.363850514712924,1,-10.263313257869896,0,61.4,1,79.23,0,14.2,0,71.5,1,1.1,0,-3620.920280926075,0,0.0,0,14.0,0,12.5,1,-2.4117778836730093,0,100.20958533831981,1,94.7,1,-21384.4149006535,0,3282.0,1,69.8714404477875,0,28.7,0,10767.0,1,52.3,0,2.29,1,0.785,1,25.2,1,324.0,1,27.15,1,1119.0,1,73.3,0,7.7,0,40.41977501921221,0,7.0,0,51.1,1,2.0240394500073857,0
Rwanda,29.0,0,43.7,1,9.0,1,2188.0,0,19.7,0,141.0,0,3.1,0,2.36,1,3.1,0,-144.92017696157168,0,71.1,1,7.23,0,34.3,1,24.3,0,4.8,0,21851.056625639103,1,8.7088532338257,1,5.8,0,2.6,1,0.8317656201953678,1,102.2059381406724,1,93.6,1,-92550.29270443376,0,-3366.9564849852213,0,95.0,1,24.8,0,798.0,0,19.7,0,3.93,1,0.534,0,20.6,0,511.0,1,17.85,0,55.0,0,69.1,0,9.5,1,47.44629368803564,1,14.0,1,4.4,0,2.1014938400446175,1
Benin,26.0,0,37.8,1,3.0,0,2755.0,0,17.0,0,77.0,0,4.0,0,2.73,1,4.58,0,82.85469798184168,1,55.3,0,8.4,0,90.3,1,7.0,0,27.7,1,84.0,0,0.0,0,9.6,0,1.1,0,2.434830132453275,1,102.03156948185796,1,42.8,0,4321.129113135277,1,865.0,0,93.0,1,16.7,0,1254.0,0,12.1,0,4.7,1,0.525,0,18.7,0,70.0,0,27.55,1,50.0,0,63.4,0,12.7,1,40.45009013083692,0,13.0,0,16.2,0,2.104826152006597,1
Tajikistan,38.0,0,34.0,0,3.3,0,2109.0,0,25.3,0,245.0,0,5.2,1,2.06,1,1.94,0,796.9657948350487,1,55.6,0,54.54,0,33.8,1,98.1,1,97.9,1,132.0,0,0.0,0,14.2,0,0.9,0,0.39167212861170775,1,73.04552737584834,0,1.4,0,33.0,0,265.0,0,85.0,1,34.532636050069335,1,838.0,0,20.1,0,3.52,1,0.685,0,22.5,0,121.0,0,06.40,0,34.0,0,69.5,0,5.3,0,38.36165723139842,0,14.0,1,8.7,0,2.0455935901417672,0
Bhutan,108.0,1,37.4,1,0.6,0,2922.2639760456773,1,29.1,0,364.0,0,6.6,1,1.18,0,5.71,0,0.0,0,62.9,1,21.63379915848381,0,28.5,1,14.9,0,0.2,0,50588.88065440858,1,74.7,1,6.4,0,2.5,1,-2.200643194019447,0,128.8734257623231,1,1.0,0,-31582.165971434675,0,609.0,0,96.00866391259748,1,47.15377111387674,1,3218.0,0,50.0,0,1.93,0,0.666,0,22.8,0,145.0,1,07.40,0,265.0,1,73.1,0,5.1,0,46.490692406143914,1,10.0,0,3.0,0,1.9672612685476256,0
Haiti,24.0,0,41.1,1,5.8,0,2121.0,0,24.1,0,137.0,0,2.5,0,1.2,0,4.22,0,34.0,1,52.7,0,18.98,0,62.8,1,8.5,0,0.0,0,-12260.587944799743,0,0.0,0,22.7,1,6.7,1,-3.4568252456577024,0,88.62512251282266,1,96.0,1,41650.89693134438,1,1014.0,0,85.0,1,12.3,0,1360.0,0,11.8,0,2.84,1,0.535,0,23.7,0,97.0,0,24.90,1,11.0,0,64.1,0,11.2,1,44.932429631676015,1,10.837191760798637,0,15.3,0,1.911186426193598,0
Malawi,39.0,0,38.5,1,3.7,0,2392.0,0,16.8,0,104.0,0,4.0,0,2.87,1,5.74,0,208.93165115535328,1,51.4,0,7.98,0,41.6,1,35.1,0,20.0,1,117.0,0,0.0,0,5.8,0,1.8,0,-0.7596500456825819,0,64.83341618826876,0,81.95,1,3388.8669471565227,1,266.0,0,97.0,1,24.1,0,615.0,0,12.9,0,4.05,1,0.512,0,17.9,0,71.0,0,21.90,1,50.0,0,65.6,0,10.6,1,43.36114720785197,1,7.0,0,5.1,0,1.9643164710989807,0
Chad,18.0,0,37.5,1,1.5,0,2115.0,0,16.1,0,72.0,0,2.9,0,3.01,1,1.55,0,209.0,1,49.9,0,20.63,0,113.8,1,7.0,0,58.0,1,-1012.9996059977566,0,0.0,0,6.1,0,7.495810162032005,1,-0.3264295699110864,0,119.2246407181579,1,35.0,0,5228.0,1,1298.0,0,95.0,1,13.9,0,679.0,0,5.6,0,5.55,1,0.394,0,18.8,0,59.0,0,26.55,1,4.0,0,59.6,0,13.2,1,42.93459157153711,1,13.0,0,14.3,0,1.9314571971776098,0
Botswana,8.0,0,53.3,1,8.4,1,2342.0,0,25.7,0,929.0,1,7.8,1,1.79,1,7.62,1,500.6115583509097,1,69.5,1,117.74,1,41.6,1,40.7,0,0.4,0,158.0,0,0.0,0,18.9,0,15.2,1,0.00068,0,77.06163980378909,0,71.6,1,22007.313838284055,1,1933.0,0,77.0,0,33.2,1,6711.0,1,36.7,0,2.8,1,0.693,0,26.4,1,208.0,1,21.50,1,332.0,1,62.2,0,20.2,1,37.822533580266885,0,8.0,0,27.3,0,2.045131941329831,0
Cape Verde,99.0,1,42.4,1,5.7,0,2541.0,0,26.8,0,347.0,0,5.2,1,1.25,1,7.65,1,-309.3341881691347,0,62.41788393536015,1,115.64,1,14.9,1,36.8,0,2.0,0,5356.606094234565,1,0.732044666779263,1,11.8,0,6.5,1,-1.6967604796593445,0,53.79205622584311,0,89.1,1,-39489.662554953946,0,1673.0,0,84.75597166396132,1,20.6,0,3064.0,0,37.08083648951958,0,2.21,1,0.662,0,21.5,0,296.0,1,23.30,1,119.0,0,71.87759005491176,0,15.2,1,44.01971615966417,1,16.0,1,26.3,0,1.910205195182969,0
Sierra Leone,36.0,0,35.7,0,5.7,0,2369.0,0,19.1,0,137.0,0,4.6,1,2.12,1,4.86,0,358.44270695946824,1,47.5,0,7.0,0,109.2,1,3.7,0,78.6,1,-9422.310230601579,0,0.3,1,8.7,0,1.7,0,-0.6363678498490426,0,96.17241794325213,1,15.45,0,-43028.39504143267,0,575.0,0,90.56109154171708,1,43.7,1,475.0,0,11.9,0,4.08,1,0.477,0,23.1,0,60.0,0,26.05,1,25.0,0,60.8,0,11.3,1,39.911216332212604,0,14.0,1,6.1,0,1.8864650017539408,0
Djibouti,71.0,1,41.6,1,0.5,0,2694.0,0,24.9,0,110.0,0,8.4,1,1.51,1,2.71,0,606.3479568831561,1,47.1,0,59.81,0,57.5,1,35.18568396715172,0,97.0,1,-1255.16173717755,0,-4.710221898098219,0,13.5,0,6.75193733248054,1,-2.2088048728755663,0,77.31931911001351,0,6.0,0,51393.2441146723,1,-854.6036292669196,0,96.0,1,25.837526761195438,0,3465.0,0,48.2,0,2.63,1,0.509,0,26.9,1,71.0,0,28.00,1,36.0,0,65.8,0,11.9,1,34.431606325826735,0,13.0,0,17.1,0,2.0771429160303043,1
Guinea,20.0,0,29.6,0,1.3,0,2746.0,0,19.1,0,95.0,0,2.2,0,2.57,1,3.08,0,416.1611431641685,1,55.7,0,20.62,0,98.8,1,13.1,0,89.1,1,-2212.3924664948136,0,0.0,0,7.7,0,0.849923713544741,0,0.5300476709233504,1,103.49253805367812,1,8.9,0,13014.86447031959,1,1016.213268274907,0,96.0,1,23.578720676671267,0,1179.0,0,10.7,0,4.55,1,0.465,0,19.8,0,28.0,0,25.70,1,11.0,0,61.0,0,12.3,1,40.550417228792185,0,10.0,0,6.5,0,2.094388366849983,1
Belize,75.0,1,49.8,1,6.7,1,2775.0,0,23.9,0,426.0,0,7.4,1,2.05,1,5.553834801232166,0,230.56695651895154,1,55.4,0,80.3,0,12.3,0,44.8,0,0.2,0,1201.6451379172504,0,0.5,1,24.1,1,25.7,1,-0.07115505543498735,0,49.44,0,76.7,1,2391.0,0,5850.0,1,62.0,0,15.0,0,3988.0,0,44.1,0,2.25,1,0.683,0,28.6,1,307.0,1,25.35,1,114.0,0,74.4,1,7.7,0,39.76190378002505,0,7.0,0,74.7,1,2.1863485583125684,1
Afghanistan,7.0,0,34.04110164422325,0,0.2,0,2040.0,0,19.5,0,300.0,0,4.1,0,2.41,1,2.85,0,1180.0,1,51.5,0,62.23,0,60.3,1,20.3,0,99.7,1,2795.0,0,0.0,0,5.5,0,6.7,1,-0.8926977989431215,0,76.27518639165015,0,0.02,0,-55979.8665432751,0,858.0,0,97.0,1,36.9,1,508.0,0,10.1,0,4.18,1,0.478,0,15.5,0,87.0,0,12.60,0,9.0,0,63.2,0,6.0,0,45.7340503198567,1,12.0,0,-3.3524003508126725,0,1.8959871873378271,0
Suriname,30.0,0,57.9,1,5.1,0,2698.0,0,31.0,1,1263.0,1,6.300744707086929,1,0.87,0,6.82,1,56.3781154869706,1,48.1,0,48.97,0,18.0,1,76.0,1,14.3,1,47.0,0,0.6,1,26.4,1,5.4,1,0.0014,0,69.7354804090939,0,50.0,0,24804.0,1,9501.37428002898,1,72.97980424323814,0,27.42707680967574,0,7023.0,1,45.0,0,2.37,1,0.73,0,29.3,1,183.0,1,25.70,1,100.0,0,71.5,0,25.9,1,35.46941728831593,0,12.36213825658487,0,40.3,1,2.145423802342755,1
Togo,26.0,0,42.4,1,3.1,0,2443.0,0,20.0,0,124.0,0,5.0,1,2.45,1,2.8,0,211.0,1,50.3,0,7.96,0,66.9,1,20.4,0,20.0,1,5967.3605453314085,1,0.0,0,8.4,0,8.508285388281433,1,0.3929309802029106,1,78.53466056529072,0,29.0,0,3552.1888128781575,1,757.0,0,80.0,0,14.4,0,863.0,0,11.1,0,4.2,1,0.539,0,22.3,0,67.0,0,27.15,1,28.0,0,64.3,0,14.8,1,41.11609647139233,1,14.0,1,8.5,0,2.008839831793639,0
Guyana,36.0,0,44.6,1,6.3,0,2913.0,1,27.5,0,622.0,0,6.3,1,0.57,0,6.01,1,-280.8253773219817,0,56.8,0,141.68,1,29.3,1,49.9,0,7.3,1,42.0,0,0.0,0,20.2,0,20.0,1,-0.3067240700564131,0,45.37,0,64.0,1,148118.0,1,2015.0,0,80.98338149767912,1,30.2,1,6956.0,1,36.1,0,2.42,1,0.714,0,21.5,0,239.0,1,26.00,1,91.0,0,65.7,0,40.9,1,44.593693751481624,1,9.813733185767472,0,31.8,0,2.352788145671574,1
Liberia,51.0,0,35.3,0,5.8,0,2168.0,0,18.0,0,146.0,0,2.3,0,2.52,1,5.32,0,270.03088963301946,1,49.7,0,3.04,0,84.6,1,32.8,0,20.0,1,-15754.157500394242,0,0.0,0,9.9,0,3.3,1,-0.9330229950780247,0,115.35229263163893,1,85.5,1,-941.2455334159313,0,4.0,0,94.0,1,16.3,0,491.0,0,7.3,0,4.18,1,0.481,0,18.9,0,54.0,0,25.30,1,15.0,0,64.1,0,7.4,0,42.72079083388259,1,7.0,0,7.9,0,1.8860697366571348,0
Guinea-Bissau,94.0,1,34.8,0,4.8,0,2229.0,0,18.0,0,145.0,0,2.1,0,2.44,1,2.63,0,397.44442420284867,1,54.0,0,19.88,0,78.5,1,19.5,0,46.1,1,-6384.495089761971,0,18.445066444689797,1,9.5,0,1.1,0,-0.1300879667792305,0,84.34795075150333,0,10.0,0,27898.946289954736,1,412.0,0,90.13229254440971,1,18.0,0,668.0,0,3.5,0,4.621434330023837,1,0.483,0,20.9,0,10.0,0,26.75,1,35.0,0,60.2,0,12.4,1,43.135257667251985,1,10.770356276398632,0,13.0,0,1.9587983256921007,0
Lesotho,53.0,0,44.9,1,5.0,0,2323.0,0,24.7,0,274.0,0,6.5,1,1.31,1,6.3,1,78.20488432365174,1,53.1,0,25.35,0,86.4,1,51.4,0,0.1,0,1894.820638569392,0,0.0,0,16.6,0,43.6,1,-1.0224792540476901,0,104.01640965631918,1,90.0,1,22568.112314760016,1,956.0,0,75.25890613569723,0,31.1,1,1061.0,0,29.2,0,3.07,1,0.514,0,20.9,0,92.0,0,11.85,0,46.0,0,50.7,0,87.5,1,46.144616543680016,1,10.0,0,15.4,0,1.9494403503226845,0
Fiji,18.0,0,30.7,0,3.0,0,2781.0,0,29.9,0,484.0,0,3.9,0,0.72,0,5.72,0,100.0145312967446,1,62.2,1,40.2,0,25.7,1,44.9275592650122,0,6.3,1,401.0,0,0.0,0,30.2,1,9.892805592788765,1,2.60047237662595,1,63.316291914725866,0,64.4,1,52948.347635281156,1,3232.0,1,79.88710726718844,0,32.3,1,5013.0,0,48.9,0,2.73,1,0.73,0,24.1,0,274.0,1,24.40,1,522.0,1,68.0,0,9.5,1,39.21921960589558,0,10.0,0,39.1,1,2.4325976386270334,1
Maldives,23.0,0,29.3,0,2.7,0,2235.0,0,29.5,0,1507.0,1,4.1,0,1.85,1,3.7280336957498728,0,20.30677316741398,0,53.2,0,111.47,1,7.6,0,92.8,1,98.4,1,11295.585854450212,1,0.6,1,8.6,0,0.7,0,4.0443475323042115,1,74.84126931679094,0,0.08,0,-12453.157291974145,0,-1380.1086562565288,0,73.16434925840167,0,38.3,1,6924.0,1,52.9,0,1.81,0,0.747,1,21.6,0,499.0,1,28.00,1,238.0,0,79.6,1,2.8,0,41.593316751375454,1,15.0,1,16.6,0,2.2407770472969597,1
Burundi,26.0,0,38.6,1,7.5,1,2226.7415836146074,0,17.7,0,56.0,0,4.8,1,3.15,1,2.14,0,281.4765650565532,1,48.9,0,4.6,0,56.5,1,24.9,0,10.0,1,1057.4654624427785,0,10.353803678818906,1,5.4,0,6.1,1,-1.5069318222723567,0,68.4013467986984,0,75.0,1,-30971.042254493106,0,-2030.9654870492886,0,96.0,1,24.0,0,286.0,0,4.8,0,5.24,1,0.426,0,20.3,0,96.0,0,19.80,0,9.0,0,63.8,0,12.1,1,43.525807161483435,1,15.0,1,3.5,0,1.828433814518662,0
Central African Republic,39.0,0,56.2,1,3.3,0,1786.0,0,20.0,0,99.0,0,1.2,0,1.58,1,1.32,0,1421.0,1,49.1,0,13.53,0,110.1,1,35.7,0,15.0,1,13661.298107982497,1,-2.153990406402972,0,7.5,0,20.1,1,-1.4480498922136196,0,107.1078940811974,1,80.0,1,-59274.540829082514,0,821.0,0,94.0,1,25.682138124437856,0,481.0,0,3.7,0,4.57,1,0.404,0,17.3,0,16.0,0,24.90,1,12.0,0,53.1,0,23.0,1,38.31907827407392,0,14.0,1,28.0,0,1.736456980998676,0
Turkmenistan,1.0,0,40.8,1,5.4,0,2830.0,0,29.2,0,997.0,1,3.0,0,1.61,1,1.72,0,-145.86658773318484,0,48.4,0,137.09,1,42.0,1,97.6,1,93.7,1,450.0,0,0.0,0,18.6,0,4.2,1,0.0014,0,96.30535923107675,1,9.0,0,28905.0,1,1834.0,0,80.0,0,12.0,0,7104.0,1,19.3,0,2.7,1,0.745,0,23.3,0,552.0,1,15.10,0,2.0,0,69.7,0,6.1,0,37.89545551854903,0,14.0,1,41.7,1,2.3854202494855565,1
Eswatini,14.0,0,54.6,1,9.9,1,2426.0,0,23.7,0,618.0,0,5.809693610871228,1,1.75,1,3.08,0,-15.670474050399719,0,54.7,0,56.6,0,49.4,1,45.2,0,2.0,0,19516.01432011732,1,-3.1208687994784725,0,16.5,0,11.6,1,0.12064770704452954,1,91.59387861793192,1,82.7,1,29244.71201226415,1,694.0,0,79.79044309837874,0,12.3,0,3306.0,0,34.7,0,2.92,1,0.597,0,26.5,1,278.0,1,21.40,0,125.0,0,57.7,0,40.5,1,41.736198599604045,1,11.575733878000149,0,27.86846542708986,0,2.123539554231459,1
Brunei,2.8,0,35.881970843446496,0,0.4,0,2985.0,1,31.1,1,1474.0,1,4.4,1,1.25,1,3.836393679589086,0,54.05323342227038,1,65.99956127063864,1,70.47,0,11.4,0,61.6,0,80.9,1,91.0,0,8.6,1,14.1,0,0.5,0,-1.6366170665323718,0,136.87278305932182,1,7.1,0,228321.0,1,625.8312705143435,0,84.17670248650477,1,16.7,0,27437.0,1,91.3,1,1.8,0,0.829,1,25.1,1,186.0,1,26.85,1,1584.0,1,77.74881723961546,1,2.5,0,38.315984955478974,0,7.0,0,30.444945946101313,0,2.607943611278809,1
Sao Tome and Principe,67.0,1,40.7,1,6.8,1,2446.0,0,19.3,0,237.0,0,4.9,1,2.18,1,4.41571802111503,0,236.0208475776572,1,54.0,0,22.58,0,29.8,1,49.6,0,3.0,0,-4967.297537566832,0,11.57145578600161,1,12.4,0,3.3,1,-0.47285569266623284,0,58.943604808926466,0,78.22786861712717,1,5078.926878584694,1,1401.0743497014482,0,84.36422306049468,1,7.8,0,2174.0,0,27.4,0,4.21,1,0.618,0,18.8,0,116.0,0,23.75,1,42.0,0,70.4,0,2.2,0,41.79691581392799,1,16.0,1,9.6,0,2.017677992415238,0
Vanuatu,27.0,0,45.73062751985066,1,1.0,0,2607.0,0,23.0,0,103.0,0,4.7,1,2.1,1,5.083093527154075,0,278.3987410370072,1,56.4,0,25.21,0,25.9,1,44.2,0,0.0,0,-18163.620021533134,0,0.0,0,25.2,1,8.931406850910008,1,0.845012586620637,1,38.70001338527658,0,76.03956211546216,1,86960.61773912533,1,3240.0,1,90.55593210106328,1,25.6,0,2783.0,0,22.3,0,3.71,1,0.607,0,20.8,0,72.0,0,23.95,1,173.0,0,65.3,0,21.0,1,39.12349929901319,0,10.0,0,32.6,0,2.262174076439823,1
Comoros,21.0,0,45.3,1,0.9,0,2491.00040771596,0,20.9,0,164.0,0,2.5,0,2.24,1,3.09,0,555.8249355209946,1,55.4,0,11.15,0,62.9,1,12.8,0,98.3,1,20038.207406806847,1,0.39248015226990063,1,7.8,0,-4.107754003935366,0,-1.0540394451833865,0,67.72071030765517,0,2.1,0,5960.765848785522,1,1587.0,0,96.0,1,39.5,1,1421.0,0,8.4,0,4.07,1,0.558,0,20.4,0,27.0,0,25.30,1,24.0,0,67.4,0,8.5,1,39.861456190336874,0,14.0,1,7.6,0,2.012889854942483,0
