Country,gdp_debt,gini % ,alcohol consumption 2016,Average daily dietary energy consumption per capita(kilocalories),Median Age 2020,health expenditure per capita 2018,spending on education(% GDP),population growth,democracy index 2020,Homelessness population per 10k,Economic Freedom Score,milk consumption per capita(2013),"2019 mortality rate, under-5 (per 1000 live births)",literacy rate elderly(+65),% Islam,titles(total),% Buddhists,Obesity rate (%),intentional homicide Rate,% Jewish,Averagedownloadspeed(Mbit/s)(Ookla),% Christians,Oil production per capita2021 (bbl/day/million people),Anual nominal US,yes important %,Prevalecence of tobacco use 2000,gdp estimate un,number of internet users %,Fertility rate  in 2020(births/woman),HDI 2021,Age of first marriage(woman),Incarceration rate per 100000,Average yearly temperature (1961–1990 Celsius),Scientific publications per capita (in ppm),Life expentacy at birth,Total Suicides per 100 000,Equivalent to a 2-year degree or higher(%),Age of criminal responsibility,kg per capita 2002,military expenditures %gdp
United Kingdom,273.06,35.1,11.4,3344.0,40.6,4608.0,3.9,0.58,8.54,54.4,78.9,232.2,4.3,NA,3.3,188000.0,0.4,27.8,1.12,2.0,92.63,59.3,12083.0,27068.0,25.0,37.9,40718.0,96.6,1.56,0.929,31.5,NA,08.45,2959.0,81.4,6.9,49.0,11.0,79.6,2.1
France,253.35,32.4,12.6,3502.0,41.7,5228.0,5.4,0.39,7.99,45.0,63.8,241.31,4.5,NA,8.8,106799.0,0.5,21.6,1.2,3.0,192.25,51.1,192.0,22752.0,30.0,34.2,38959.0,92.2,1.83,0.903,30.8,93.0,10.70,1664.0,82.5,9.7,45.0,13.0,101.1,2.0
United States,96.06,41.5,9.8,3782.0,38.5,10285.0,5.0,0.71,7.92,17.6,76.8,254.69,6.5,NA,1.1,275232.0,1.2,36.2,6.52,39.0,191.97,69.0,33556.0,15080.0,67.0,33.8,63123.0,91.2,1.64,0.921,28.6,639.0,08.55,1875.0,78.5,14.5,47.0,NA,124.8,3.2
Germany,160.35,31.7,13.4,3554.0,47.8,6337.0,4.8,0.2,8.67,4.4,73.5,258.7,3.8,NA,5.550000000000001,79916.0,0.3,22.3,0.8,0.8,120.93,53.9,424.0,25707.0,40.0,36.4,45909.0,93.3,1.53,0.942,30.9,69.0,08.40,2097.0,81.7,8.3,30.0,14.0,82.1,1.4
Japan,101.41,32.9,8.0,2705.0,48.6,4546.0,3.6,-0.23,8.13,0.3,72.1,72.06,2.5,NA,0.1,139078.0,36.2,4.3,0.3,0.0068,167.18,1.1,32.0,16166.0,14.0,33.3,39990.0,94.2,1.34,0.925,27.0,38.0,11.15,1016.0,84.3,12.2,60.0,14.0,45.9,1.1
China,14.39,38.2,7.2,3206.0,38.4,790.0,4.0,0.39,2.27,18.0,58.4,NA,7.9,73.9,1.725,208418.0,18.2,6.2,0.5,0.02,172.95,NA,2823.0,2084.0,NA,26.7,10229.0,72.4,1.7,0.768,24.9,121.0,07.50,527.0,77.4,6.7,35.8,12.0,52.4,1.7
Italy,141.0,35.2,7.5,3503.0,46.5,3733.0,3.8,-0.13,7.74,8.4,62.2,246.88,3.1,96.7,4.8,61966.0,0.2,19.9,0.5,0.18,90.93,83.0,1701.0,NA,72.0,26.2,31238.0,85.3,1.24,0.895,31.3,89.0,13.45,2159.0,83.0,4.3,25.0,14.0,90.4,1.5
Spain,170.0,34.3,10.0,3322.0,43.9,3674.0,4.2,0.03,8.12,6.4,65.7,164.29,3.1,94.7,2.6,89962.0,0.0,23.8,0.6,0.088,186.4,59.2,3.0,16558.0,49.0,36.8,27409.0,89.3,1.23,0.905,32.3,122.0,13.30,2202.0,83.2,5.3,41.0,14.0,118.6,1.4
Canada,143.0,33.3,8.9,3566.0,41.8,5427.0,5.5,0.9,9.24,10.0,77.7,187.77,4.9,NA,4.9,14625.0,0.8,29.4,2.0,2.7,175.61,53.3,114275.0,24128.0,22.0,28.4,43560.0,89.0,1.4,0.936,29.6,104.0,−5.10,3184.0,82.2,10.3,59.0,12.0,108.1,1.3
Australia,130.0,34.3,10.6,3391.0,37.5,5338.0,5.3,1.3,8.96,49.1,80.9,234.49,3.6,NA,3.2,28234.0,2.7,29.0,0.9,0.8,77.88,43.9,12860.0,31771.0,33.0,24.4,55823.0,81.6,1.58,0.951,30.5,160.0,21.65,4109.0,83.0,11.3,48.0,10.0,108.2,2.0
Switzerland,285.0,33.1,11.5,3354.0,42.7,8188.0,5.1,0.83,8.83,2.55,81.9,318.69,4.0,NA,5.2,12156.0,0.4,19.5,0.5,0.13,188.69,68.0,NA,NA,23.0,28.3,86919.0,91.4,1.46,0.962,30.1,80.0,05.10,5461.0,83.4,9.8,49.0,10.0,72.9,NA
Singapore,471.0,45.9,2.5,NA,35.6,3985.0,2.9,1.4,6.03,NA,89.4,NA,2.5,84.0,15.6,12000.0,33.9,6.1,0.2,0.0061,245.5,18.0,NA,NA,70.0,16.4,58114.0,81.1,1.1,0.939,27.9,185.0,26.45,4232.0,83.2,9.7,NA,10.0,71.1,NA
Belgium,269.0,27.2,12.1,3769.0,41.6,5682.0,6.5,0.58,7.51,NA,67.3,236.19,3.4,NA,7.6,13913.0,0.2,22.1,1.7,0.2,107.12,65.0,NA,24005.0,33.0,33.4,45028.0,86.3,1.55,0.937,30.0,95.0,09.55,2976.0,81.4,13.9,43.0,12.0,86.1,NA
Austria,165.0,30.2,11.6,3695.0,44.5,5905.0,5.5,0.24,8.16,25.4,72.0,258.09,3.5,NA,8.0,8056.0,0.2,20.1,0.7,0.07,117.31,60.0,1196.0,NA,17.0,52.3,48106.0,86.1,1.44,0.916,30.3,95.0,06.35,3044.0,81.6,10.4,39.0,14.0,94.1,NA
Norway,133.4,27.7,7.5,3371.0,39.5,7019.0,8.0,0.94,9.81,7.0,73.0,261.34,2.4,NA,3.2,10204.0,0.6,23.1,0.6,0.0088,159.99,76.7,324349.0,NA,22.0,44.0,66871.0,94.8,1.48,0.961,34.1,49.0,01.50,4654.0,82.6,11.8,48.0,15.0,61.7,NA
Finland,218.0,27.7,10.7,3343.0,42.8,4485.0,6.9,0.36,9.2,8.8,74.9,430.76,2.4,NA,1.8,9368.0,0.0,22.2,1.6,0.0088,119.32,69.8,NA,NA,23.0,35.7,48685.0,87.3,1.37,0.94,32.1,53.0,01.55,3948.0,81.6,13.4,41.0,15.0,67.4,NA
India,19.9,35.7,5.7,2533.0,28.7,189.0,3.1,1.1,6.61,12.6,55.2,84.5,34.3,45.4,14.6,90000.0,0.8,3.9,3.0,0.032,55.72,2.3,438.0,674.0,90.0,54.5,1931.0,59.5,2.18,0.633,25.3,35.0,23.65,138.0,70.8,12.9,NA,7.0,5.2,2.4
Brazil,38.0,48.9,7.8,3301.0,33.2,1417.0,6.2,0.75,6.92,10.0,51.9,149.28,11.0,74.3,0.36,46829.0,0.1,22.1,22.45,0.62,90.3,90.0,13484.0,2923.0,85.0,23.8,6797.0,77.1,1.71,0.754,30.0,357.0,24.95,416.0,75.9,6.4,16.0,12.0,82.4,1.2
Netherlands,52.0,29.2,8.7,3297.0,42.8,5811.0,5.5,0.29,8.96,18.0,76.8,341.47,4.0,NA,5.0,16502.0,0.2,20.4,0.6,0.2,152.94,40.4,1842.0,24925.0,33.0,34.3,53334.0,90.7,1.55,0.941,30.9,63.0,09.25,3534.0,81.8,9.3,45.0,12.0,89.3,1.4
Denmark,158.0,27.7,10.4,3401.0,42.0,5817.0,7.6,0.38,9.15,11.0,76.7,277.3,3.8,NA,5.4,13096.0,0.2,19.7,1.0,0.043,210.71,79.0,10817.0,NA,19.0,37.3,61477.0,92.4,1.67,0.948,32.7,68.0,−3.70,5110.0,81.3,7.6,44.0,15.0,145.9,NA
Russia,32.0,36.0,11.7,3345.0,40.3,1556.0,3.7,0.01,3.31,4.0,58.9,163.57,5.8,99.2,11.0,115171.0,0.1,23.1,7.3,1.0,87.01,61.8,69689.0,2489.0,34.0,33.3,10166.0,89.5,1.5,0.822,24.9,325.0,−5.35,819.0,73.2,21.6,58.0,NA,51.0,3.1
Turkey,55.0,41.9,2.0,3711.0,32.2,1146.0,4.4,1.37,4.48,8.5,64.6,193.94,10.0,88.1,93.5,75667.0,0.0,32.1,2.5,0.098,62.52,0.2,783.0,7458.0,64.0,32.9,8538.0,82.5,2.04,0.838,24.8,335.0,09.90,635.0,78.6,2.3,28.0,12.0,19.3,2.1
Greece,298.0,33.1,10.4,3382.0,45.3,2403.0,4.1,-0.21,7.39,37.1,57.7,255.26,3.8,92.5,2.85,6826.0,0.0,24.9,0.8,0.028,36.73,93.0,112.0,10758.0,71.0,54.9,18117.0,75.9,1.34,0.887,29.9,107.0,15.40,1884.0,81.1,3.6,40.0,15.0,78.7,NA
Mexico,43.0,45.4,6.5,3157.0,29.3,1101.0,4.9,1.23,6.07,35.4,64.7,111.87,14.2,78.9,0.01,7521.0,0.0,28.9,28.4,0.27,48.35,88.9,13494.0,3104.0,73.0,24.0,8326.0,71.3,2.08,0.758,26.0,166.0,21.00,231.0,76.0,5.3,21.0,14.0,58.6,NA
Portugal,128.0,32.8,12.3,3480.0,44.6,3285.0,4.9,-0.39,7.9,8.0,65.3,205.04,3.7,80.5,0.4,7868.0,0.6,20.8,0.9,0.021,150.39,84.3,NA,9935.0,72.0,25.7,22413.0,74.1,1.4,0.866,31.0,111.0,15.15,2821.0,81.6,7.2,33.0,NA,91.1,NA
South Korea,33.0,31.4,10.2,3420.0,43.2,3241.0,5.1,0.36,8.01,2.0,72.3,29.05,3.2,NA,0.1,63476.0,22.9,4.7,0.6,0.00068,241.58,NA,NA,19986.0,33.0,28.5,31947.0,95.4,0.84,0.925,29.0,105.0,11.50,1762.0,83.3,21.2,69.0,12.0,48.0,2.8
Indonesia,30.0,37.9,0.8,2884.0,31.1,335.0,3.6,1.05,6.3,136.0,65.8,14.82,23.9,70.1,86.7,135081.0,0.8,6.9,0.4,0.00068,NA,10.72,2389.0,2449.0,96.0,35.4,3870.0,71.6,2.27,0.705,20.0,93.0,25.85,181.0,71.3,2.6,11.0,12.0,8.3,NA
Poland,60.0,30.2,11.6,3537.0,41.9,2022.0,4.6,-0.17,6.85,8.0,67.8,205.39,4.4,93.0,0.02,21130.0,0.0,23.1,0.7,0.03,130.98,94.3,470.0,9358.0,50.0,39.6,15764.0,90.6,1.38,0.876,27.0,181.0,07.85,1364.0,78.3,9.3,43.0,13.0,78.1,2.1
Argentina,72.0,42.3,9.8,3307.0,32.4,2217.0,5.5,0.94,6.95,NA,52.2,195.08,9.3,97.9,0.9,28010.0,0.0,28.3,5.3,1.2,51.51,77.0,10720.0,7466.0,65.0,34.0,8476.0,74.1,2.23,0.842,33.2,230.0,14.80,341.0,76.6,8.1,NA,16.0,79.7,NA
Malaysia,68.0,41.1,0.9,2845.0,29.2,1033.0,4.7,1.35,7.19,NA,74.0,25.28,8.6,47.1,63.5,15354.0,19.8,15.6,2.1,NA,103.34,9.2,15604.0,2665.0,96.0,29.5,10402.0,75.5,1.97,0.803,25.0,212.0,25.40,1135.0,74.7,5.8,NA,10.0,50.9,NA
Ireland,701.0,30.6,13.0,3885.0,37.8,5862.0,3.7,0.78,9.05,16.0,80.5,291.86,3.3,NA,1.4,NA,0.2,25.3,0.7,0.018,112.81,83.8,NA,25184.0,54.0,35.6,86251.0,80.7,1.63,0.945,34.8,74.0,09.30,3309.0,81.8,8.9,52.0,10.0,106.3,NA
Ukraine,81.0,25.6,8.6,3102.0,41.2,904.0,5.4,-0.49,5.81,168.0,52.3,145.03,8.4,100.0,1.05,24416.0,0.0,24.1,6.2,0.3,67.52,81.9,753.0,2858.0,46.0,37.7,3557.0,71.4,1.22,0.773,25.0,148.0,08.30,434.0,73.0,17.7,NA,14.0,32.3,NA
United Arab Emirates,59.0,26.0,3.8,3314.0,38.4,2995.0,1.3,1.39,2.7,NA,77.1,132.66,7.5,42.1,72.0,293.0,2.0,31.7,0.5,NA,151.09,9.0,333062.0,NA,76.0,19.4,36285.0,95.2,1.37,0.911,25.3,104.0,26.65,1061.0,76.1,5.2,NA,7.0,74.4,NA
Saudi Arabia,31.0,45.9,0.2,3307.0,30.8,2696.0,5.6,1.9,2.08,NA,60.7,83.65,6.6,51.4,96.2,2387.0,0.3,35.4,1.3,NA,90.24,5.0,265991.0,9600.0,96.0,14.2,20110.0,75.2,2.24,0.875,20.4,207.0,24.65,1037.0,74.3,5.4,26.0,12.0,44.6,6.6
Mauritius,2.01,36.8,3.6,3051.0,36.3,1303.0,4.8,0.23,8.14,NA,73.0,117.27,16.0,64.6,17.3,80.0,0.0,10.8,2.9,NA,NA,32.2,NA,2538.0,NA,25.5,8587.0,54.1,1.44,0.802,25.4,218.0,22.40,356.0,74.1,8.8,NA,0.0,39.6,NA
New Zealand,90.0,36.2,10.7,3191.0,37.2,3891.0,6.4,0.93,9.25,12.0,84.4,137.25,4.7,NA,0.9,3600.0,1.6,30.8,2.6,0.051,153.88,37.0,1607.0,31274.0,18.0,29.6,43972.0,83.3,1.61,0.937,29.4,188.0,10.55,3286.0,82.0,10.3,39.0,10.0,142.1,NA
Chile,82.0,44.9,9.3,3029.0,35.5,2359.0,5.4,0.78,8.28,7.4,75.4,116.11,7.0,89.9,0.0,5641.0,0.0,28.0,4.4,0.11,176.48,68.0,252.0,5328.0,60.0,46.9,13232.0,76.3,1.61,0.855,32.6,210.0,08.45,871.0,80.7,8.0,27.0,14.0,66.4,NA
Kazakhstan,91.0,27.8,7.7,3067.0,31.6,727.0,2.8,1.13,3.14,0.6,65.4,288.12,10.5,99.5,70.2,1226.0,0.2,21.0,3.2,0.017,56.12,26.2,91149.0,797.0,53.0,34.2,9111.0,72.5,3.13,0.811,24.3,157.0,05.50,279.0,74.0,18.1,NA,14.0,44.8,NA
Qatar,83.0,41.1,2.0,NA,33.7,3047.0,2.9,2.36,3.24,NA,72.6,NA,6.5,41.0,77.5,209.0,3.1,35.1,0.4,NA,105.2,13.8,465768.0,NA,93.0,13.5,50815.0,94.2,1.83,0.855,25.4,53.0,27.15,1815.0,77.2,4.7,NA,NA,90.5,NA
Egypt,34.0,31.5,0.4,3292.0,24.1,551.0,3.8,1.87,2.93,1200.0,52.5,59.46,20.3,43.2,92.35,23000.0,0.0,32.0,2.6,0.00068,39.66,10.0,5387.0,NA,96.0,24.3,3609.0,50.1,3.24,0.731,25.0,116.0,22.10,298.0,71.8,3.4,NA,12.0,22.5,NA
Thailand,33.0,35.0,8.3,2804.0,39.0,700.0,4.1,0.22,6.04,0.4,68.3,29.35,9.0,78.7,5.4,6750.0,93.2,10.0,2.6,0.0014,206.81,1.2,2647.0,3220.0,98.0,31.7,7189.0,75.5,1.5,0.8,21.0,449.0,26.30,312.0,77.7,8.0,NA,7.0,27.9,NA
Hungary,160.0,30.0,11.4,3316.0,43.6,2098.0,4.7,-0.34,6.56,30.7,65.0,159.05,3.7,99.1,0.5,11645.0,0.0,26.4,0.8,0.32,193.8,58.935,1830.0,6373.0,39.0,37.4,16129.0,76.8,1.56,0.846,29.3,169.0,09.75,1250.0,76.4,11.8,32.0,12.0,100.7,NA
South Africa,57.0,63.0,9.3,2899.0,28.0,1155.0,6.2,1.2,7.05,36.0,58.3,55.75,34.5,72.1,1.9,5418.0,0.2,28.3,33.5,0.35,43.91,79.8,16.0,3671.0,85.0,23.5,5094.0,53.6,2.36,0.713,33.0,248.0,17.75,472.0,65.3,23.5,14.0,12.0,39.0,NA
Czech Republic,76.0,25.3,14.4,3277.0,43.3,3079.0,5.6,0.06,7.67,22.0,73.7,195.2,3.2,NA,0.15,17330.0,0.0,26.0,0.7,0.026,85.89,34.0,160.0,8683.0,16.0,34.2,22911.0,79.5,1.71,0.889,29.8,179.0,07.55,2358.0,79.1,9.5,31.0,15.0,77.3,NA
Pakistan,43.0,29.6,0.3,2486.0,22.0,150.0,2.9,1.91,4.31,943.0,55.0,183.13,67.2,27.1,96.5,3811.0,0.0,8.6,3.9,NA,NA,1.6,350.0,1289.0,92.0,37.5,1167.0,60.8,3.39,0.544,23.2,38.0,20.20,127.0,65.6,9.8,NA,7.0,12.3,NA
Colombia,57.0,54.2,5.8,3114.0,31.2,1156.0,4.5,0.81,7.04,971.0,67.3,108.47,13.8,81.4,0.2,17066.0,0.0,22.3,22.6,0.014,53.73,92.0,14424.0,3879.0,83.0,15.1,5333.0,59.3,1.77,0.752,22.7,194.0,24.50,296.0,79.3,3.7,27.0,14.0,33.9,NA
Cyprus,849.0,31.2,10.8,3019.0,37.9,2795.0,6.4,0.78,7.56,NA,68.1,113.31,2.3,93.8,25.3,930.0,0.2,21.8,1.2,0.0034,50.46,79.0,NA,NA,25.0,40.9,28133.0,76.5,1.31,0.896,29.0,86.0,18.45,4087.0,83.1,3.2,NA,14.0,131.3,NA
Venezuela,23.0,39.0,5.6,2120.0,30.0,639.0,3.6,1.26,2.76,NA,25.9,117.79,24.2,88.1,0.4,2275.0,0.0,25.6,36.7,0.041,NA,88.0,21016.0,10.32,79.0,NA,3740.0,72.9,2.23,0.691,22.7,134.0,25.35,49.0,73.9,2.1,NA,NA,56.6,NA
Romania,58.0,34.8,12.6,3581.0,42.5,1627.0,3.1,-0.5,6.4,7.0,68.6,238.33,7.0,96.8,0.65,14984.0,0.0,22.5,1.5,0.06,NA,98.0,3403.0,6635.0,84.0,35.0,12929.0,64.9,1.6,0.821,26.7,116.0,08.80,810.0,75.6,7.3,NA,NA,54.5,NA
Malta,691.0,31.0,8.1,3420.0,42.3,3976.0,5.3,0.31,7.68,NA,68.6,190.06,7.0,85.8,2.6,404.0,0.0,28.9,1.6,0.0034,134.48,91.6,NA,11245.0,86.0,34.3,33771.0,65.5,1.13,0.918,29.2,153.0,19.20,1974.0,81.9,5.3,NA,NA,86.9,NA
Sweden,23.0,29.3,9.2,3184.0,41.1,5888.0,7.7,0.72,9.26,36.0,75.2,341.23,2.6,NA,7.1,8118.0,0.4,20.6,1.2,0.1,169.0,64.3,NA,NA,16.0,43.8,53575.0,91.3,1.66,0.947,33.9,68.0,01.75,4141.0,82.4,12.4,46.0,15.0,76.1,NA
Israel,33.0,38.6,3.8,3528.0,30.4,3055.0,5.8,1.55,7.84,29.0,72.8,193.6,3.7,79.8,18.0,8411.0,0.3,26.1,1.5,43.0,147.36,3.5,3.0,19690.0,51.0,31.7,47034.0,76.3,2.9,0.919,25.0,234.0,19.20,2402.0,82.6,5.2,46.0,12.0,97.1,5.2
Slovakia,112.0,23.2,11.5,2871.0,41.8,2093.0,3.9,0.04,6.97,NA,65.0,143.14,5.8,NA,0.15,9400.0,0.0,20.5,1.2,0.018,101.28,80.0,17.0,8708.0,47.0,32.0,19264.0,81.6,1.57,0.848,28.1,190.0,06.80,1597.0,78.2,9.3,31.0,14.0,67.4,NA
Bangladesh,22.0,32.4,0.0,2563.0,27.9,122.0,2.0,1.04,5.99,307.0,55.6,21.91,30.8,39.4,91.0,NA,0.5,3.6,2.4,NA,36.02,0.4,18.0,212.0,96.0,57.6,2001.0,75.9,1.99,0.661,25.0,48.0,25.00,48.0,74.3,3.9,NA,9.0,3.1,NA
Peru,44.0,43.8,6.3,2775.0,29.1,684.0,3.9,1.2,6.53,223.0,67.8,62.15,13.2,77.7,0.0,4101.0,0.2,19.7,7.9,0.013,51.81,87.0,1150.0,2876.0,84.0,32.9,6163.0,46.5,2.21,0.762,23.5,290.0,19.60,164.0,79.9,2.7,NA,14.0,34.5,NA
Philippines,27.0,42.3,6.6,2662.0,24.1,339.0,3.2,1.51,6.56,424.0,63.8,15.66,27.3,90.1,8.0,1507.0,0.0,6.4,4.4,0.00068,49.31,85.0,85.0,2835.0,77.0,34.9,3299.0,64.1,2.49,0.699,25.3,200.0,25.55,51.0,70.4,2.5,NA,15.0,31.1,NA
Iraq,44.0,29.5,0.4,2608.0,21.2,414.0,3.5,2.78,3.62,304.0,NA,22.18,25.9,20.4,96.5,NA,0.0,30.4,10.1,10.1,NA,1.2,99172.0,2069.0,89.0,22.0,4146.0,43.4,3.54,0.686,25.3,126.0,21.40,454.0,72.4,4.7,NA,9.0,NA,NA
Morocco,46.0,39.5,0.6,3412.0,29.1,414.0,5.4,1.26,5.04,NA,62.9,54.68,21.4,34.1,99.0,3677.0,0.0,26.1,1.3,0.014,NA,1.0,1.0,3997.0,96.0,22.5,3108.0,59.5,2.35,0.683,25.7,238.0,17.10,259.0,73.0,7.3,NA,12.0,20.6,NA
Slovenia,104.0,24.4,12.6,3191.0,44.9,3237.0,4.8,0.07,7.54,18.3,65.5,235.01,2.1,99.3,3.6,NA,0.0,20.2,0.5,0.00068,108.47,68.0,NA,15249.0,47.0,25.1,25777.0,77.4,1.6,0.918,29.0,53.0,08.90,3228.0,81.3,14.0,41.0,14.0,88.0,NA
Vietnam,26.0,35.7,8.3,3025.0,31.9,497.0,4.3,1.0,2.94,16.6,55.3,16.36,19.9,76.9,0.1,24589.0,16.4,2.1,1.5,NA,66.38,8.2,1849.0,1591.0,15.0,29.8,2786.0,69.9,2.05,0.703,22.8,128.0,24.45,177.0,NA,7.2,NA,14.0,28.6,NA
Kuwait,51.0,NA,0.0,3471.0,29.7,2570.0,3.8,1.78,3.8,NA,60.8,157.66,7.9,69.5,74.6,196.0,2.8,37.9,1.8,NA,130.66,15.0,541020.0,2400.0,91.0,20.0,24809.0,95.4,2.07,0.831,27.5,117.0,27.15,502.0,81.0,2.7,NA,7.0,60.2,NA
Sri Lanka,68.0,39.3,4.3,2737.0,33.7,517.0,2.8,0.35,6.14,NA,56.4,34.98,7.1,81.0,9.7,4115.0,69.3,5.2,2.4,NA,NA,7.4,NA,603.0,97.0,28.5,3768.0,32.7,2.17,0.782,23.4,135.0,26.95,128.0,76.9,12.9,NA,12.0,6.6,NA
Croatia,89.0,28.9,8.9,3074.0,43.9,1923.0,4.6,-0.58,6.5,7.0,61.4,231.02,4.8,97.1,1.5,NA,0.0,24.4,1.0,0.011,57.3,90.1,2929.0,7075.0,70.0,34.4,13934.0,69.2,1.48,0.858,28.1,84.0,10.90,2010.0,78.6,11.0,NA,14.0,49.9,NA
Sudan,121.0,34.2,0.5,2578.0,18.3,206.0,2.2,2.38,2.54,623.0,47.7,155.2,58.4,24.3,96.0,NA,0.0,6.6,5.1,NA,NA,1.5,1489.0,13.0,93.0,NA,1415.0,27.4,4.29,0.508,22.0,52.0,26.90,27.0,69.1,4.8,NA,12.0,21.0,NA
Latvia,126.0,34.5,12.9,3229.0,44.4,1904.0,4.7,-1.03,7.24,35.3,70.4,174.11,3.6,99.9,0.15,2910.0,0.0,23.6,2.6,0.03,128.69,75.0,NA,7096.0,29.0,43.8,17871.0,84.6,1.55,0.863,30.6,175.0,05.60,1349.0,75.4,16.1,40.0,14.0,45.7,NA
Bulgaria,63.0,40.3,12.7,2854.0,43.7,1681.0,4.1,-0.67,6.71,NA,69.0,155.71,6.7,97.5,13.4,10068.0,0.0,25.0,1.0,0.014,78.84,85.0,153.0,4866.0,34.0,47.5,10058.0,65.2,1.56,0.795,26.9,109.0,10.55,956.0,75.1,6.5,NA,14.0,69.4,NA
Lebanon,220.0,31.8,1.5,2857.0,33.7,1485.0,2.5,0.57,4.16,NA,51.1,114.52,7.2,60.2,67.8,3686.0,0.2,32.0,1.9,NA,NA,39.5,NA,5373.0,87.0,40.2,9310.0,85.0,2.06,0.706,28.8,205.0,15.00,628.0,76.4,2.8,NA,7.0,63.1,NA
Belarus,66.0,24.4,11.2,3270.0,40.9,1045.0,4.8,-0.15,2.59,NA,57.9,133.73,3.2,98.6,0.75,8205.0,0.0,24.5,2.4,0.057,68.73,55.4,3670.0,,34.0,41.8,6377.0,73.6,1.38,0.808,25.3,345.0,06.15,272.0,74.8,16.5,NA,14.0,58.6,NA
Angola,41.0,51.3,6.4,2385.0,15.9,181.0,3.5,3.28,3.66,NA,50.6,12.3,74.7,27.0,0.3,22.0,0.0,8.2,4.8,NA,NA,75.0,34076.0,663.0,88.0,NA,1896.0,12.4,5.37,0.586,21.4,93.0,21.55,5.0,63.1,12.6,NA,14.0,25.0,NA
Ecuador,57.0,47.3,4.4,2606.0,28.8,935.0,5.0,1.42,6.13,NA,46.9,139.6,14.0,77.7,0.0,2854.0,0.0,19.9,7.8,0.0041,NA,94.0,26108.0,5525.0,82.0,18.4,5600.0,53.5,2.38,0.74,21.8,224.0,21.85,308.0,78.4,7.7,NA,12.0,45.0,NA
Lithuania,74.0,35.3,15.0,3411.0,44.5,2369.0,4.0,-0.55,7.13,14.1,74.2,295.46,3.7,99.8,0.1,3075.0,0.0,26.3,3.7,0.016,132.67,83.7,247.0,10996.0,40.0,41.4,20772.0,80.5,1.48,0.875,28.3,216.0,06.20,1667.0,76.0,20.2,55.0,14.0,49.5,NA
Serbia,62.0,34.5,11.1,2828.0,43.4,1508.0,4.0,-0.34,6.22,28.5,63.9,148.53,5.3,96.6,2.1,11897.0,0.0,21.5,1.0,0.0095,77.88,91.0,2236.0,3610.0,54.0,45.1,7656.0,84.7,1.48,0.802,28.1,158.0,10.55,1158.0,75.9,7.9,NA,14.0,NA,NA
Jordan,83.0,33.7,0.7,2732.0,23.5,767.0,3.6,2.17,3.62,0.0,66.5,77.68,15.6,87.7,97.2,511.0,0.4,35.5,1.0,NA,67.35,6.0,NA,5408.0,96.0,30.7,4283.0,58.1,2.64,0.72,26.6,198.0,18.30,587.0,77.9,2.0,NA,12.0,29.8,NA
Cuba,34.0,NA,6.1,3344.0,42.1,2484.0,12.9,0.06,2.84,NA,27.8,99.94,5.1,99.2,0.1,992.0,0.0,24.6,5.0,0.0034,NA,65.0,3052.0,44.0,34.0,40.8,9478.0,50.1,1.59,0.764,21.3,510.0,25.20,187.0,77.8,10.2,NA,16.0,32.2,NA
Uruguay,50.0,40.2,10.8,3202.0,35.5,2140.0,4.9,0.36,8.61,NA,68.6,210.54,7.1,97.1,0.0,3231.0,0.0,27.9,12.1,0.11,53.88,58.1,NA,5336.0,40.0,35.3,15438.0,68.9,1.95,0.809,24.0,337.0,17.55,535.0,77.1,18.8,NA,13.0,98.6,NA
Dominican Republic,36.0,39.6,6.9,2892.0,27.9,739.0,4.3,1.07,6.32,NA,61.0,73.75,28.0,79.8,0.0,1866.0,0.0,27.8,8.9,0.00068,NA,83.0,NA,2613.0,87.0,18.7,7268.0,62.9,2.3,0.767,21.0,243.0,24.55,33.0,72.8,5.1,NA,NA,37.8,NA
Mongolia,245.0,32.7,7.4,2579.0,29.8,469.0,4.1,1.5,6.48,NA,55.4,139.82,15.6,94.6,5.0,285.0,55.1,20.6,6.0,NA,43.67,1.3,4815.0,1769.0,NA,34.1,4007.0,21.8,2.83,0.739,26.0,154.0,01.70,194.0,68.1,18.0,NA,14.0,108.8,NA
Tunisia,97.0,32.8,1.9,3450.0,32.7,673.0,6.6,1.09,6.59,NA,55.4,114.47,16.9,39.8,97.8,720.0,0.0,26.9,4.8,0.0068,NA,0.1,2986.0,2000.0,93.0,34.3,3318.0,52.2,2.15,0.731,28.7,194.0,19.20,710.0,77.0,3.2,NA,13.0,25.5,NA
Costa Rica,43.0,49.3,4.8,3029.0,32.6,1541.0,7.4,0.96,8.16,6.6,65.3,183.28,8.6,90.4,0.0,2158.0,0.0,25.7,11.2,0.017,47.93,82.0,NA,6145.0,79.0,18.0,12077.0,68.1,1.72,0.809,25.7,374.0,24.80,279.0,80.8,7.6,28.0,12.0,40.4,NA
Iceland,81.0,26.1,9.1,3654.0,37.1,4789.0,7.5,0.77,9.37,10.3,77.1,225.82,2.0,NA,0.2,1767.0,0.4,21.9,1.5,NA,NA,72.3,NA,NA,NA,30.2,63644.0,88.9,1.72,0.959,32.7,33.0,−0.70,4622.0,82.3,11.2,40.0,15.0,84.8,NA
Ethiopia,32.0,35.0,2.8,2338.0,19.8,70.0,4.7,2.43,3.38,234.0,53.6,44.14,50.7,13.6,31.3,240.0,0.0,4.5,8.8,0.00068,NA,75.0,NA,NA,NA,6.8,840.0,16.2,4.05,0.498,21.3,99.0,22.20,52.0,68.7,9.5,NA,9.0,7.9,NA
Kenya,26.0,40.8,3.4,2197.0,20.0,187.0,5.2,2.49,5.05,73.3,55.1,94.86,43.2,54.0,11.2,300.0,0.0,7.1,4.0,0.002,NA,85.1,NA,702.0,94.0,19.3,1879.0,16.7,3.37,0.575,20.2,81.0,24.75,86.0,66.1,11.0,NA,8.0,14.3,NA
Papua New Guinea,111.0,41.9,1.2,NA,24.0,91.0,NA,2.01,6.1,NA,58.4,NA,44.8,33.0,0.0,122.0,0.0,21.3,NA,NA,NA,97.0,4081.0,2086.0,NA,54.1,2640.0,9.3,3.48,0.558,21.4,62.0,25.25,25.0,65.3,3.6,NA,7.0,73.0,NA
Trinidad,76.0,40.3,8.4,2991.0,37.8,1666.0,3.1,0.26,7.16,NA,57.0,103.8,17.5,82.8,5.8,NA,0.3,18.6,30.6,NA,79.89,57.6,43748.0,4615.0,92.0,NA,15286.0,69.4,1.7,0.81,29.2,292.0,25.75,320.0,76.1,8.3,NA,NA,57.8,NA
Ghana,30.0,43.5,2.7,3035.0,21.4,178.0,3.6,2.16,6.5,32.9,57.5,9.08,46.2,34.9,19.9,28.0,0.0,10.9,2.1,NA,51.93,71.2,5835.0,433.0,95.0,7.0,2206.0,45.9,3.77,0.632,21.7,43.0,27.20,136.0,66.3,10.5,NA,12.0,9.9,NA
Bahrain,66.0,NA,1.9,NA,32.9,2038.0,2.3,4.26,2.49,NA,66.4,NA,6.9,42.3,73.7,40.0,2.5,29.8,0.5,NA,58.53,15.0,116433.0,NA,94.0,22.2,19925.0,97.8,1.94,0.875,26.3,234.0,26.80,710.0,75.8,7.2,NA,15.0,70.7,NA
Oman,35.0,NA,0.8,2940.0,26.2,1126.0,6.8,4.08,3.0,NA,61.0,152.28,11.4,41.9,86.0,7.0,0.8,27.0,0.3,NA,57.53,6.5,214450.0,10263.0,96.0,7.6,12409.0,82.2,2.78,0.816,24.8,45.0,25.60,562.0,73.9,4.5,NA,9.0,49.8,NA
Estonia,89.0,30.8,11.6,3247.0,43.7,2442.0,5.2,-0.23,7.84,15.2,76.6,284.85,2.4,99.7,0.0,3916.0,0.0,21.2,3.2,0.013,78.58,45.0,NA,7897.0,16.0,46.0,23106.0,86.8,1.58,0.89,30.4,173.0,02.00,2865.0,78.9,12.0,41.0,14.0,67.4,NA
Guatemala,28.0,48.3,2.4,2551.0,23.2,514.0,2.8,1.94,4.97,315.0,62.6,46.6,24.5,50.7,0.0,1042.0,0.0,21.2,22.5,0.0061,NA,87.0,369.0,3924.0,88.0,14.3,4332.0,66.7,2.78,0.627,21.3,139.0,23.45,24.0,72.0,6.2,NA,NA,23.8,NA
Panama,157.0,49.8,7.9,2851.0,30.1,2511.0,4.1,1.55,7.18,NA,67.2,70.29,14.9,80.9,0.7,940.0,0.2,22.7,11.1,0.068,125.25,92.0,NA,3819.0,88.0,13.4,12269.0,54.5,2.42,0.805,21.6,420.0,25.40,182.0,79.3,2.9,NA,12.0,54.5,NA
Jamaica,122.0,35.0,4.2,2792.0,29.4,621.0,5.4,0.29,7.13,NA,68.6,91.13,13.9,66.6,0.2,NA,0.0,24.7,44.7,0.0034,37.95,65.3,NA,2402.0,70.0,17.4,4665.0,49.9,1.95,0.709,33.2,137.0,24.95,175.0,76.0,2.3,NA,NA,56.8,NA
Georgia,128.0,34.5,9.8,2835.0,38.6,1026.0,3.8,-0.27,5.31,760.0,75.9,149.26,9.6,99.1,10.7,581.0,NA,21.7,2.2,0.01,NA,88.6,80.0,93.0,81.0,32.8,3984.0,91.7,2.05,0.802,26.6,245.0,05.65,511.0,73.3,7.7,NA,14.0,26.0,NA
Paraguay,54.0,43.5,7.2,2768.0,29.7,957.0,3.4,1.25,6.18,NA,61.8,75.72,19.4,77.8,0.0,1007.0,0.0,20.3,6.7,0.0074,56.89,96.0,NA,4055.0,92.0,29.1,4950.0,62.1,2.38,0.717,22.7,241.0,23.55,55.0,75.8,6.2,NA,14.0,70.3,NA
Tanzania,34.0,40.5,9.4,2373.0,18.2,104.0,3.4,3.06,5.1,NA,60.2,40.29,50.3,43.5,35.2,172.0,0.0,8.4,6.5,NA,NA,61.4,NA,209.0,89.0,27.8,1115.0,47.2,4.77,0.549,18.9,59.0,22.35,37.0,67.3,8.2,NA,7.0,10.0,NA
Uzbekistan,24.0,35.3,2.7,3011.0,30.1,374.0,6.3,1.41,2.12,NA,53.3,130.81,17.4,99.8,88.7,1003.0,0.0,16.6,1.1,0.02,39.2,2.6,1418.0,1041.0,55.0,24.9,1724.0,49.0,2.9,0.727,22.4,68.0,12.05,99.0,73.0,8.3,NA,13.0,20.7,NA
Nigeria,2.0,35.1,13.4,2572.0,18.6,161.0,5.94,2.58,4.1,1658.0,57.3,7.91,117.2,21.6,48.0,1314.0,0.0,8.9,34.5,0.00068,214.33,45.9,7051.0,901.0,77.0,9.3,2085.0,63.8,5.25,0.535,21.2,32.0,27.00,63.0,62.6,6.9,NA,7.0,8.6,NA
El Salvador,56.0,38.8,3.7,2696.0,27.7,751.0,3.8,0.52,5.9,NA,61.8,124.34,13.3,65.7,0.28,661.0,0.0,24.6,37.2,0.00068,NA,81.9,NA,3650.0,77.0,15.9,3799.0,31.6,2.0,0.675,22.5,572.0,24.45,16.0,75.0,6.1,NA,12.0,21.4,NA
Laos,53.0,38.8,10.4,2758.0,24.0,174.0,2.9,1.45,1.77,NA,57.4,2.92,45.5,58.6,0.0,88.0,66.1,5.3,NA,NA,43.98,2.2,NA,1732.0,96.0,52.5,2623.0,23.6,2.58,0.607,20.5,130.0,22.80,42.0,68.5,6.0,NA,15.0,15.0,NA
Nicaragua,83.0,46.2,5.2,2582.0,27.3,491.0,4.3,1.07,3.6,NA,57.7,85.16,16.6,49.2,0.0,27.0,0.0,23.7,7.2,NA,NA,84.6,NA,1506.0,70.0,NA,1905.0,25.3,2.35,0.667,20.6,332.0,24.90,21.0,75.0,4.7,NA,13.0,14.9,NA
Zimbabwe,77.0,50.3,4.8,1908.0,20.5,180.0,6.1,2.28,3.16,848.0,40.4,31.9,54.6,81.1,0.7,232.0,0.0,15.5,7.5,0.0014,NA,87.0,NA,NA,88.0,21.0,1466.0,28.0,3.46,0.593,19.9,127.0,21.00,71.0,60.7,23.6,NA,7.0,15.2,NA
Luxembourg,22.1,34.2,13.0,3465.0,39.5,6212.0,4.0,1.27,8.68,37.5,75.9,255.3,2.8,NA,2.3,2000.0,0.0,22.6,0.2,0.0047,154.26,72.4,NA,32103.0,39.0,31.0,117182.0,89.3,1.37,0.93,31.1,83.0,08.65,3554.0,82.4,8.6,50.0,18.0,141.7,NA
Albania,66.0,30.8,7.5,3360.0,34.3,896.0,4.0,0.13,6.08,NA,66.5,303.72,9.7,86.9,58.8,390.0,0.0,21.7,2.1,NA,45.25,17.0,5687.0,3709.0,50.0,35.0,5181.0,73.7,1.58,0.796,24.0,164.0,11.40,216.0,78.0,3.7,NA,14.0,38.2,NA
Cambodia,57.0,37.9,6.7,2492.0,26.4,265.0,1.9,1.49,3.1,NA,57.8,3.47,26.6,53.1,2.0,NA,97.9,3.9,1.8,NA,NA,1.0,NA,NA,96.0,42.3,1513.0,32.8,2.45,0.593,21.0,220.0,26.80,34.0,70.1,5.5,NA,14.0,13.9,NA
Mozambique,72.0,54.0,2.4,2103.0,17.0,107.0,6.5,2.86,3.51,246.0,48.6,4.79,74.2,26.0,18.9,NA,0.0,7.2,3.5,NA,NA,56.1,NA,550.0,86.0,29.4,449.0,19.2,4.71,0.446,18.7,63.0,23.80,20.0,58.1,23.2,NA,16.0,5.6,NA
Zambia,45.0,57.1,4.8,2002.0,16.9,177.0,1.3,2.97,4.86,NA,53.6,9.71,61.7,52.3,1.0,NA,0.0,8.1,5.4,NA,NA,95.5,NA,596.0,95.0,19.9,985.0,24.4,4.5,0.565,18.7,123.0,21.40,44.0,62.5,14.4,NA,8.0,11.9,NA
Honduras,38.0,48.2,4.0,2673.0,24.4,412.0,6.0,1.63,5.36,1235.0,60.2,91.33,16.8,66.3,0.3,102.0,0.1,21.4,36.3,NA,NA,88.0,NA,2420.0,NA,NA,2406.0,29.0,2.39,0.621,21.2,237.0,23.50,37.0,71.9,2.6,NA,NA,24.7,NA
Kyrgyzstan,112.0,29.0,6.2,2729.0,27.3,268.0,6.1,1.44,4.21,NA,NA,210.92,18.3,92.5,85.0,1455.0,0.0,16.6,2.2,0.0027,48.12,14.2,104.0,162.0,72.0,31.4,1186.0,35.4,3.0,0.692,21.8,161.0,02.10,76.0,74.2,8.3,NA,14.0,39.0,NA
North Macedonia,73.0,33.0,NA,3072.0,39.0,1065.0,3.3,0.08,5.89,NA,71.1,157.93,6.1,NA,33.3,NA,0.0,22.4,1.2,0.00068,37.2,70.7,NA,2418.0,76.0,NA,5886.0,75.6,1.3,0.77,26.0,105.0,09.80,540.0,74.8,7.2,NA,14.0,35.4,NA
Cameroon,24.0,46.6,8.9,2733.0,18.5,138.0,3.1,2.56,2.77,389.0,52.4,15.27,74.8,26.1,30.0,NA,0.0,11.4,1.4,NA,NA,73.0,2596.0,785.0,96.0,12.8,1502.0,20.5,4.44,0.576,19.0,124.0,24.60,86.0,62.4,15.9,NA,10.0,14.4,NA
Yemen,21.0,36.7,0.1,2154.0,NA,NA,5.2,2.33,1.95,1294.0,NA,43.97,58.4,13.7,97.2,NA,0.0,17.1,6.8,NA,NA,0.01,2080.0,NA,98.0,27.3,937.0,22.9,3.61,0.455,23.0,53.0,23.85,35.0,66.6,7.1,NA,7.0,14.7,NA
Iran,2.0,40.9,1.0,3087.0,31.7,1115.0,4.0,1.04,2.2,1.9,51.1,46.69,13.9,36.8,99.4,102691.0,0.0,25.8,2.5,0.064,NA,0.95,29617.0,7587.0,78.0,21.5,11183.0,88.8,2.14,0.774,23.8,228.0,17.25,863.0,77.3,5.1,NA,12.0,23.1,2.3
Azerbaijan,22.0,33.7,0.8,3149.0,32.6,507.0,2.5,0.98,2.68,725.0,65.4,152.07,20.4,98.4,97.3,542.0,0.0,19.9,2.3,0.049,NA,3.1,69648.0,2118.0,36.0,28.7,4202.0,75.3,1.7,0.745,23.7,208.0,11.95,174.0,71.4,4.0,NA,14.0,15.9,NA
Moldova,70.0,26.0,15.2,2383.0,37.7,827.0,6.7,-0.24,5.78,NA,59.1,155.18,14.4,95.8,0.4,NA,NA,18.9,4.1,0.013,114.01,95.3,NA,1883.0,21.0,25.3,2954.0,100.7,1.28,0.767,25.8,182.0,09.45,211.0,73.3,12.2,NA,14.0,22.7,NA
Namibia,64.0,59.1,9.8,2469.0,21.8,874.0,8.4,2.12,6.52,NA,58.7,73.05,42.4,56.7,0.4,106.0,0.0,17.2,11.9,0.00068,NA,90.0,NA,NA,92.0,25.6,4215.0,36.9,3.29,0.615,29.2,295.0,19.95,205.0,64.6,13.5,NA,7.0,34.0,NA
Bolivia,33.0,43.6,4.8,2412.0,25.3,573.0,7.3,1.47,5.08,NA,42.3,46.04,26.0,67.5,0.0,1578.0,0.0,20.2,6.2,0.0034,NA,89.0,2681.0,4071.0,89.0,32.1,3133.0,40.1,2.65,0.692,24.1,164.0,21.55,38.0,72.1,6.8,NA,14.0,50.0,NA
Uganda,24.0,42.7,9.5,1981.0,15.7,95.0,2.6,3.23,4.94,143.0,59.7,37.27,45.8,36.1,14.0,288.0,0.0,5.3,9.7,NA,NA,88.6,NA,426.0,93.0,24.7,846.0,22.2,4.7,0.525,18.2,124.0,22.80,53.0,66.7,10.4,NA,12.0,11.7,NA
Senegal,42.0,38.1,0.7,2545.0,19.4,153.0,4.8,2.77,5.67,NA,56.3,16.86,45.3,21.5,97.2,NA,0.3,8.8,0.3,NA,NA,4.2,NA,686.0,96.0,14.3,1458.0,27.8,4.49,0.511,22.2,68.0,27.85,54.0,68.6,11.0,NA,13.0,17.7,NA
Armenia,102.0,25.2,5.5,2997.0,36.6,1356.0,2.3,0.15,5.35,NA,67.7,209.03,11.8,98.9,0.03,396.0,0.0,20.2,1.8,0.00068,NA,97.9,NA,1787.0,79.0,32.0,4266.0,73.2,1.76,0.759,26.3,74.0,07.15,396.0,76.0,2.7,NA,14.0,27.7,NA
Myanmar,17.0,30.7,4.8,2673.0,NA,229.0,2.2,0.9,3.04,NA,53.6,31.48,44.7,58.2,NA,3660.0,89.9,NA,2.3,NA,NA,6.2,138.0,691.0,96.0,66.9,1292.0,30.4,2.12,0.585,20.5,171.0,13.05,18.0,69.1,3.0,NA,7.0,10.7,NA
Syria,24.0,37.5,0.3,NA,23.5,NA,5.1,0.2,1.43,3753.0,NA,111.43,21.5,39.0,86.0,1138.0,NA,27.8,0.9,0.00068,NA,10.0,1544.0,96.0,89.0,NA,890.0,29.3,2.73,0.577,26.3,60.0,17.75,40.0,72.7,2.1,NA,10.0,21.2,NA
Gabon,35.0,38.0,11.5,2633.0,21.0,401.0,2.7,2.17,3.54,NA,56.3,30.16,42.5,60.6,10.0,NA,NA,15.0,NA,NA,NA,88.0,78388.0,3246.0,NA,NA,6789.0,44.4,3.87,0.706,20.4,241.0,25.05,85.0,66.5,13.1,NA,13.0,46.0,NA
Bosnia and Herzegovina,23.0,33.0,6.4,3307.0,43.3,1297.0,NA,-0.22,4.84,NA,61.9,174.03,5.9,86.0,50.7,NA,NA,17.9,1.2,0.0034,44.85,45.94,NA,3949.0,75.0,46.6,6035.0,70.9,1.24,0.78,27.1,83.0,09.85,474.0,76.8,8.3,NA,14.0,21.4,NA
Barbados,100.0,NA,9.6,2956.0,39.5,1080.0,4.7,0.24,NA,NA,64.7,110.48,12.7,98.5,1.5,NA,0.0,23.1,9.8,0.00068,105.71,74.0,3546.0,6500.0,NA,10.2,15449.0,83.1,1.63,0.79,31.8,296.0,26.00,542.0,76.0,0.3,NA,NA,88.7,NA
Montenegro,151.0,36.8,8.0,3500.0,39.6,1769.0,NA,0.04,5.77,NA,60.5,349.21,2.3,93.9,19.1,NA,0.0,23.3,2.9,NA,64.44,78.8,NA,6387.0,71.0,38.7,7626.0,80.4,1.75,0.832,28.6,172.0,10.55,1006.0,75.9,16.2,NA,14.0,NA,NA
Madagascar,41.0,42.6,1.9,1938.0,20.3,68.0,2.8,2.67,5.7,NA,56.6,24.84,50.6,49.4,10.0,119.0,0.0,5.3,NA,0.00068,41.4,85.0,NA,376.0,93.0,46.7,470.0,8.7,3.98,0.501,18.4,102.0,22.65,15.0,65.3,9.2,NA,13.0,17.6,NA
Algeria,2.0,27.6,0.9,3322.0,28.9,741.0,4.3,1.67,3.77,NA,46.2,141.53,23.3,19.5,99.0,3955.0,0.0,27.4,1.3,NA,NA,0.01,24959.0,1777.0,95.0,22.2,3368.0,59.6,2.94,0.745,28.2,153.0,22.50,176.0,77.1,2.6,NA,13.0,18.4,NA
Mali,26.0,36.1,1.3,2873.0,16.1,84.0,3.1,2.99,3.93,164.0,58.1,98.68,94.0,13.6,95.0,14.0,0.0,8.6,NA,NA,NA,2.4,NA,616.0,95.0,16.3,856.0,10.8,5.69,0.428,18.8,33.0,28.25,16.0,62.8,8.0,NA,13.0,19.0,NA
Mauritania,76.0,32.6,0.0,2877.0,21.0,188.0,2.6,2.69,3.92,NA,55.7,160.82,72.9,26.6,100.0,NA,NA,12.7,NA,NA,NA,0.14,NA,982.0,97.0,21.3,1702.0,19.9,4.45,0.556,19.0,53.0,27.65,20.0,68.4,5.5,NA,7.0,29.9,NA
Libya,9.0,NA,0.0,NA,25.8,NA,2.3,1.33,1.95,405.0,NA,75.0,11.5,24.2,97.0,26.0,0.3,32.5,NA,NA,NA,2.7,181710.0,1169.0,NA,NA,4243.0,20.6,2.17,0.718,29.2,139.0,21.80,97.0,75.8,4.5,NA,14.0,28.6,NA
Nepal,16.0,32.8,2.0,2769.0,25.3,172.0,5.2,1.09,5.22,NA,53.8,52.1,30.8,20.8,4.2,NA,10.3,4.1,2.3,NA,NA,0.9,NA,1524.0,93.0,64.5,1135.0,53.9,1.84,0.602,20.1,86.0,08.10,84.0,70.9,9.8,NA,10.0,10.0,NA
Burkina Faso,26.0,47.3,8.2,2737.0,17.9,105.0,4.2,2.87,3.73,335.0,59.4,29.79,87.5,8.4,63.8,12.0,0.0,5.6,1.3,NA,NA,22.0,NA,750.0,88.0,29.8,831.0,13.8,5.03,0.449,17.9,37.0,28.29,30.0,62.7,14.4,NA,13.0,11.2,NA
Niger,36.0,37.3,0.5,2601.0,14.8,65.0,3.5,3.81,3.29,NA,51.6,58.92,80.4,13.7,98.3,NA,NA,5.5,4.4,NA,NA,0.5,324.0,650.0,98.0,9.7,568.0,8.7,6.74,0.4,17.2,47.0,27.15,8.0,63.3,10.1,NA,13.0,11.2,NA
Seychelles,180.0,32.1,13.8,NA,36.8,1395.0,4.4,0.5,NA,NA,61.4,79.23,14.2,71.5,1.1,NA,0.0,14.0,12.5,NA,NA,94.7,NA,3282.0,NA,28.7,10767.0,52.3,2.29,0.785,25.2,324.0,27.15,1119.0,73.3,7.7,NA,7.0,51.1,NA
Rwanda,29.0,43.7,9.0,2188.0,19.7,141.0,3.1,2.36,3.1,NA,71.1,7.23,34.3,24.3,4.8,NA,NA,5.8,2.6,NA,NA,93.6,NA,NA,95.0,24.8,798.0,19.7,3.93,0.534,20.6,511.0,17.85,55.0,69.1,9.5,NA,14.0,4.4,NA
Benin,26.0,37.8,3.0,2755.0,17.0,77.0,4.0,2.73,4.58,NA,55.3,8.4,90.3,7.0,27.7,84.0,0.0,9.6,1.1,NA,NA,42.8,NA,865.0,93.0,16.7,1254.0,12.1,4.7,0.525,18.7,70.0,27.55,50.0,63.4,12.7,NA,13.0,16.2,NA
Tajikistan,38.0,34.0,3.3,2109.0,25.3,245.0,5.2,2.06,1.94,NA,55.6,54.54,33.8,98.1,97.9,132.0,0.0,14.2,0.9,NA,NA,1.4,33.0,265.0,85.0,NA,838.0,20.1,3.52,0.685,22.5,121.0,06.40,34.0,69.5,5.3,NA,14.0,8.7,NA
Bhutan,108.0,37.4,0.6,NA,29.1,364.0,6.6,1.18,5.71,0.0,62.9,NA,28.5,14.9,0.2,NA,74.7,6.4,2.5,NA,NA,1.0,NA,609.0,NA,NA,3218.0,50.0,1.93,0.666,22.8,145.0,07.40,265.0,73.1,5.1,NA,10.0,3.0,NA
Haiti,24.0,41.1,5.8,2121.0,24.1,137.0,2.5,1.2,4.22,34.0,52.7,18.98,62.8,8.5,0.0,NA,0.0,22.7,6.7,NA,NA,96.0,NA,1014.0,85.0,12.3,1360.0,11.8,2.84,0.535,23.7,97.0,24.90,11.0,64.1,11.2,NA,NA,15.3,NA
Malawi,39.0,38.5,3.7,2392.0,16.8,104.0,4.0,2.87,5.74,NA,51.4,7.98,41.6,35.1,20.0,117.0,0.0,5.8,1.8,NA,NA,81.95,NA,266.0,97.0,24.1,615.0,12.9,4.05,0.512,17.9,71.0,21.90,50.0,65.6,10.6,NA,7.0,5.1,NA
Chad,18.0,37.5,1.5,2115.0,16.1,72.0,2.9,3.01,1.55,209.0,49.9,20.63,113.8,7.0,58.0,NA,0.0,6.1,NA,NA,NA,35.0,5228.0,1298.0,95.0,13.9,679.0,5.6,5.55,0.394,18.8,59.0,26.55,4.0,59.6,13.2,NA,13.0,14.3,NA
Botswana,8.0,53.3,8.4,2342.0,25.7,929.0,7.8,1.79,7.62,NA,69.5,117.74,41.6,40.7,0.4,158.0,0.0,18.9,15.2,0.00068,NA,71.6,NA,1933.0,77.0,33.2,6711.0,36.7,2.8,0.693,26.4,208.0,21.50,332.0,62.2,20.2,NA,8.0,27.3,NA
Cape Verde,99.0,42.4,5.7,2541.0,26.8,347.0,5.2,1.25,7.65,NA,NA,115.64,14.9,36.8,2.0,NA,NA,11.8,6.5,NA,NA,89.1,NA,1673.0,NA,20.6,3064.0,NA,2.21,0.662,21.5,296.0,23.30,119.0,NA,15.2,NA,16.0,26.3,NA
Sierra Leone,36.0,35.7,5.7,2369.0,19.1,137.0,4.6,2.12,4.86,NA,47.5,7.0,109.2,3.7,78.6,NA,0.3,8.7,1.7,NA,NA,15.45,NA,575.0,NA,43.7,475.0,11.9,4.08,0.477,23.1,60.0,26.05,25.0,60.8,11.3,NA,14.0,6.1,NA
Djibouti,71.0,41.6,0.5,2694.0,24.9,110.0,8.4,1.51,2.71,NA,47.1,59.81,57.5,NA,97.0,NA,NA,13.5,NA,NA,NA,6.0,NA,NA,96.0,NA,3465.0,48.2,2.63,0.509,26.9,71.0,28.00,36.0,65.8,11.9,NA,13.0,17.1,NA
Guinea,20.0,29.6,1.3,2746.0,19.1,95.0,2.2,2.57,3.08,NA,55.7,20.62,98.8,13.1,89.1,NA,0.0,7.7,NA,NA,NA,8.9,NA,NA,96.0,NA,1179.0,10.7,4.55,0.465,19.8,28.0,25.70,11.0,61.0,12.3,NA,10.0,6.5,NA
Belize,75.0,49.8,6.7,2775.0,23.9,426.0,7.4,2.05,NA,NA,55.4,80.3,12.3,44.8,0.2,NA,0.5,24.1,25.7,NA,49.44,76.7,2391.0,5850.0,62.0,15.0,3988.0,44.1,2.25,0.683,28.6,307.0,25.35,114.0,74.4,7.7,NA,7.0,74.7,NA
Afghanistan,7.0,NA,0.2,2040.0,19.5,300.0,4.1,2.41,2.85,1180.0,51.5,62.23,60.3,20.3,99.7,2795.0,0.0,5.5,6.7,NA,NA,0.02,NA,858.0,97.0,36.9,508.0,10.1,4.18,0.478,15.5,87.0,12.60,9.0,63.2,6.0,NA,12.0,NA,NA
Suriname,30.0,57.9,5.1,2698.0,31.0,1263.0,NA,0.87,6.82,NA,48.1,48.97,18.0,76.0,14.3,47.0,0.6,26.4,5.4,0.0014,NA,50.0,24804.0,NA,NA,NA,7023.0,45.0,2.37,0.73,29.3,183.0,25.70,100.0,71.5,25.9,NA,NA,40.3,NA
Togo,26.0,42.4,3.1,2443.0,20.0,124.0,5.0,2.45,2.8,211.0,50.3,7.96,66.9,20.4,20.0,NA,0.0,8.4,NA,NA,NA,29.0,NA,757.0,80.0,14.4,863.0,11.1,4.2,0.539,22.3,67.0,27.15,28.0,64.3,14.8,NA,14.0,8.5,NA
Guyana,36.0,44.6,6.3,2913.0,27.5,622.0,6.3,0.57,6.01,NA,56.8,141.68,29.3,49.9,7.3,42.0,0.0,20.2,20.0,NA,45.37,64.0,148118.0,2015.0,NA,30.2,6956.0,36.1,2.42,0.714,21.5,239.0,26.00,91.0,65.7,40.9,NA,NA,31.8,NA
Liberia,51.0,35.3,5.8,2168.0,18.0,146.0,2.3,2.52,5.32,NA,49.7,3.04,84.6,32.8,20.0,NA,0.0,9.9,3.3,NA,NA,85.5,NA,4.0,94.0,16.3,491.0,7.3,4.18,0.481,18.9,54.0,25.30,15.0,64.1,7.4,NA,7.0,7.9,NA
Guinea-Bissau,94.0,34.8,4.8,2229.0,18.0,145.0,2.1,2.44,2.63,NA,54.0,19.88,78.5,19.5,46.1,NA,NA,9.5,1.1,NA,NA,10.0,NA,412.0,NA,18.0,668.0,3.5,NA,0.483,20.9,10.0,26.75,35.0,60.2,12.4,NA,NA,13.0,NA
Lesotho,53.0,44.9,5.0,2323.0,24.7,274.0,6.5,1.31,6.3,NA,53.1,25.35,86.4,51.4,0.1,NA,0.0,16.6,43.6,NA,NA,90.0,NA,956.0,NA,31.1,1061.0,29.2,3.07,0.514,20.9,92.0,11.85,46.0,50.7,87.5,NA,10.0,15.4,NA
Fiji,18.0,30.7,3.0,2781.0,29.9,484.0,3.9,0.72,5.72,NA,62.2,40.2,25.7,NA,6.3,401.0,0.0,30.2,NA,NA,NA,64.4,NA,3232.0,NA,32.3,5013.0,48.9,2.73,0.73,24.1,274.0,24.40,522.0,68.0,9.5,NA,10.0,39.1,NA
Maldives,23.0,29.3,2.7,2235.0,29.5,1507.0,4.1,1.85,NA,NA,53.2,111.47,7.6,92.8,98.4,NA,0.6,8.6,0.7,NA,NA,0.08,NA,NA,NA,38.3,6924.0,52.9,1.81,0.747,21.6,499.0,28.00,238.0,79.6,2.8,NA,15.0,16.6,NA
Burundi,26.0,38.6,7.5,NA,17.7,56.0,4.8,3.15,2.14,NA,48.9,4.6,56.5,24.9,10.0,NA,NA,5.4,6.1,NA,NA,75.0,NA,NA,96.0,24.0,286.0,4.8,5.24,0.426,20.3,96.0,19.80,9.0,63.8,12.1,NA,15.0,3.5,NA
Central African Republic,39.0,56.2,3.3,1786.0,20.0,99.0,1.2,1.58,1.32,1421.0,49.1,13.53,110.1,35.7,15.0,NA,NA,7.5,20.1,NA,NA,80.0,NA,821.0,94.0,NA,481.0,3.7,4.57,0.404,17.3,16.0,24.90,12.0,53.1,23.0,NA,14.0,28.0,NA
Turkmenistan,1.0,40.8,5.4,2830.0,29.2,997.0,3.0,1.61,1.72,NA,48.4,137.09,42.0,97.6,93.7,450.0,0.0,18.6,4.2,0.0014,NA,9.0,28905.0,1834.0,80.0,12.0,7104.0,19.3,2.7,0.745,23.3,552.0,15.10,2.0,69.7,6.1,NA,14.0,41.7,NA
Eswatini,14.0,54.6,9.9,2426.0,23.7,618.0,NA,1.75,3.08,NA,54.7,56.6,49.4,45.2,2.0,NA,NA,16.5,11.6,NA,NA,82.7,NA,694.0,NA,12.3,3306.0,34.7,2.92,0.597,26.5,278.0,21.40,125.0,57.7,40.5,NA,NA,NA,NA
Brunei,2.8,NA,0.4,2985.0,31.1,1474.0,4.4,1.25,NA,NA,NA,70.47,11.4,61.6,80.9,91.0,8.6,14.1,0.5,NA,NA,7.1,228321.0,NA,NA,16.7,27437.0,91.3,1.8,0.829,25.1,186.0,26.85,1584.0,NA,2.5,NA,7.0,NA,NA
Sao Tome and Principe,67.0,40.7,6.8,2446.0,19.3,237.0,4.9,2.18,NA,NA,54.0,22.58,29.8,49.6,3.0,NA,NA,12.4,3.3,NA,NA,NA,NA,NA,NA,7.8,2174.0,27.4,4.21,0.618,18.8,116.0,23.75,42.0,70.4,2.2,NA,16.0,9.6,NA
Vanuatu,27.0,NA,1.0,2607.0,23.0,103.0,4.7,2.1,NA,NA,56.4,25.21,25.9,44.2,0.0,NA,0.0,25.2,NA,NA,NA,NA,NA,3240.0,NA,25.6,2783.0,22.3,3.71,0.607,20.8,72.0,23.95,173.0,65.3,21.0,NA,10.0,32.6,NA
Comoros,21.0,45.3,0.9,NA,20.9,164.0,2.5,2.24,3.09,NA,55.4,11.15,62.9,12.8,98.3,NA,NA,7.8,NA,NA,NA,2.1,NA,1587.0,96.0,39.5,1421.0,8.4,4.07,0.558,20.4,27.0,25.30,24.0,67.4,8.5,NA,14.0,7.6,NA
