2.33419537048e-312,2.46151511804e-312,273.06,0.0,35.1,0.0,11.4,0.0,3344.0,3344.0,40.6,40.6,4608.0,0.0,3.9,0.0,0.58,0.0,8.54,8.54,54.4,54.4,78.9,78.9,232.2,232.2,4.3,4.3,58.517992896381074,0.0,3.3,0.0,188000.0,0.0,0.4,0.4,27.8,27.8,1.12,0.0,2.0,2.0,92.63,92.63,59.3,0.0,12083.0,0.0,27068.0,27068.0,25.0,0.0,37.9,37.9,40718.0,0.0,96.6,96.6,1.56,0.0,0.929,0.929,31.5,31.5,3.6493577033654105,3.6493577033654105,8.45,0.0,2959.0,2959.0,81.4,81.4,6.9,0.0,49.0,49.0,11.0,0.0,79.6,79.6,2.1,2.1
0.0,0.0,253.35,0.0,32.4,0.0,12.6,0.0,3502.0,3502.0,41.7,41.7,5228.0,0.0,5.4,5.4,0.39,0.0,7.99,7.99,45.0,45.0,63.8,63.8,241.31,241.31,4.5,4.5,78.97743716292057,78.97743716292057,8.8,8.8,106799.0,0.0,0.5,0.5,21.6,21.6,1.2,0.0,3.0,3.0,192.25,0.0,51.1,0.0,192.0,0.0,22752.0,0.0,30.0,0.0,34.2,34.2,38959.0,0.0,92.2,92.2,1.83,0.0,0.903,0.903,30.8,30.8,93.0,93.0,10.7,0.0,1664.0,0.0,82.5,82.5,9.7,9.7,45.0,45.0,13.0,0.0,101.1,0.0,2.0,0.0
2.67e-322,0.0,96.06,96.06,41.5,41.5,9.8,9.8,3782.0,3782.0,38.5,38.5,10285.0,0.0,5.0,5.0,0.71,0.0,7.92,7.92,17.6,0.0,76.8,76.8,254.69,254.69,6.5,6.5,55.87545680812393,0.0,1.1,0.0,275232.0,0.0,1.2,1.2,36.2,36.2,6.52,6.52,39.0,39.0,191.97,0.0,69.0,69.0,33556.0,33556.0,15080.0,0.0,67.0,0.0,33.8,33.8,63123.0,63123.0,91.2,91.2,1.64,0.0,0.921,0.921,28.6,28.6,639.0,639.0,8.55,0.0,1875.0,0.0,78.5,78.5,14.5,0.0,47.0,47.0,15.38215343737673,15.38215343737673,124.8,0.0,3.2,3.2
0.0,0.0,160.35,0.0,31.7,0.0,13.4,0.0,3554.0,3554.0,47.8,47.8,6337.0,0.0,4.8,4.8,0.2,0.0,8.67,8.67,4.4,4.4,73.5,73.5,258.7,258.7,3.8,3.8,87.04635994556064,87.04635994556064,5.550000000000001,0.0,79916.0,79916.0,0.3,0.3,22.3,22.3,0.8,0.0,0.8,0.8,120.93,0.0,53.9,0.0,424.0,424.0,25707.0,25707.0,40.0,0.0,36.4,36.4,45909.0,0.0,93.3,93.3,1.53,0.0,0.942,0.942,30.9,30.9,69.0,69.0,8.4,0.0,2097.0,0.0,81.7,81.7,8.3,0.0,30.0,0.0,14.0,14.0,82.1,82.1,1.4,0.0
0.0,0.0,101.41,0.0,32.9,0.0,8.0,8.0,2705.0,0.0,48.6,48.6,4546.0,0.0,3.6,0.0,-0.23,0.0,8.13,8.13,0.3,0.0,72.1,72.1,72.06,72.06,2.5,2.5,75.59827558511262,75.59827558511262,0.1,0.0,139078.0,0.0,36.2,36.2,4.3,4.3,0.3,0.0,0.0068,0.0,167.18,0.0,1.1,0.0,32.0,32.0,16166.0,0.0,14.0,0.0,33.3,33.3,39990.0,0.0,94.2,94.2,1.34,0.0,0.925,0.925,27.0,27.0,38.0,38.0,11.15,0.0,1016.0,0.0,84.3,84.3,12.2,0.0,60.0,60.0,14.0,14.0,45.9,45.9,1.1,0.0
0.0,0.0,14.39,0.0,38.2,38.2,7.2,7.2,3206.0,3206.0,38.4,38.4,790.0,0.0,4.0,0.0,0.39,0.0,2.27,0.0,18.0,0.0,58.4,0.0,39.27177613920668,39.27177613920668,7.9,7.9,73.9,73.9,1.725,0.0,208418.0,0.0,18.2,18.2,6.2,6.2,0.5,0.0,0.02,0.02,172.95,0.0,44.87886485778236,0.0,2823.0,0.0,2084.0,0.0,72.8651878313062,0.0,26.7,0.0,10229.0,0.0,72.4,72.4,1.7,0.0,0.768,0.768,24.9,0.0,121.0,0.0,7.5,0.0,527.0,527.0,77.4,77.4,6.7,0.0,35.8,0.0,12.0,0.0,52.4,52.4,1.7,0.0
0.0,0.0,141.0,0.0,35.2,0.0,7.5,7.5,3503.0,3503.0,46.5,46.5,3733.0,0.0,3.8,0.0,-0.13,0.0,7.74,7.74,8.4,8.4,62.2,62.2,246.88,246.88,3.1,3.1,96.7,96.7,4.8,0.0,61966.0,61966.0,0.2,0.2,19.9,0.0,0.5,0.0,0.18,0.18,90.93,90.93,83.0,83.0,1701.0,0.0,9736.330520085194,9736.330520085194,72.0,0.0,26.2,0.0,31238.0,0.0,85.3,85.3,1.24,0.0,0.895,0.895,31.3,31.3,89.0,89.0,13.45,0.0,2159.0,0.0,83.0,83.0,4.3,0.0,25.0,0.0,14.0,14.0,90.4,90.4,1.5,0.0
0.0,0.0,170.0,0.0,34.3,0.0,10.0,0.0,3322.0,3322.0,43.9,43.9,3674.0,0.0,4.2,0.0,0.03,0.0,8.12,8.12,6.4,6.4,65.7,65.7,164.29,164.29,3.1,3.1,94.7,94.7,2.6,0.0,89962.0,89962.0,0.0,0.0,23.8,23.8,0.6,0.0,0.088,0.088,186.4,0.0,59.2,0.0,3.0,3.0,16558.0,0.0,49.0,0.0,36.8,36.8,27409.0,0.0,89.3,89.3,1.23,0.0,0.905,0.905,32.3,32.3,122.0,0.0,13.3,0.0,2202.0,0.0,83.2,83.2,5.3,0.0,41.0,0.0,14.0,14.0,118.6,0.0,1.4,0.0
0.0,0.0,143.0,0.0,33.3,0.0,8.9,8.9,3566.0,3566.0,41.8,41.8,5427.0,0.0,5.5,5.5,0.9,0.0,9.24,9.24,10.0,0.0,77.7,77.7,187.77,187.77,4.9,4.9,64.98568705056427,64.98568705056427,4.9,0.0,14625.0,0.0,0.8,0.8,29.4,29.4,2.0,0.0,2.7,2.7,175.61,0.0,53.3,0.0,114275.0,0.0,24128.0,0.0,22.0,0.0,28.4,0.0,43560.0,0.0,89.0,89.0,1.4,0.0,0.936,0.936,29.6,29.6,104.0,0.0,-5.1,0.0,3184.0,3184.0,82.2,82.2,10.3,0.0,59.0,59.0,12.0,0.0,108.1,0.0,1.3,0.0
0.0,0.0,130.0,0.0,34.3,0.0,10.6,0.0,3391.0,3391.0,37.5,37.5,5338.0,0.0,5.3,5.3,1.3,1.3,8.96,8.96,49.1,49.1,80.9,80.9,234.49,234.49,3.6,3.6,45.53041002607985,0.0,3.2,0.0,28234.0,0.0,2.7,2.7,29.0,29.0,0.9,0.0,0.8,0.8,77.88,0.0,43.9,0.0,12860.0,0.0,31771.0,31771.0,33.0,0.0,24.4,0.0,55823.0,55823.0,81.6,81.6,1.58,0.0,0.951,0.951,30.5,30.5,160.0,160.0,21.65,21.65,4109.0,4109.0,83.0,83.0,11.3,0.0,48.0,48.0,10.0,0.0,108.2,0.0,2.0,0.0
0.0,0.0,285.0,0.0,33.1,0.0,11.5,0.0,3354.0,3354.0,42.7,42.7,8188.0,0.0,5.1,5.1,0.83,0.0,8.83,8.83,2.55,0.0,81.9,81.9,318.69,318.69,4.0,4.0,58.67874259111139,0.0,5.2,0.0,12156.0,0.0,0.4,0.4,19.5,0.0,0.5,0.0,0.13,0.13,188.69,0.0,68.0,68.0,163053.0015308917,0.0,17435.185751752473,0.0,23.0,0.0,28.3,0.0,86919.0,86919.0,91.4,91.4,1.46,0.0,0.962,0.962,30.1,30.1,80.0,80.0,5.1,0.0,5461.0,5461.0,83.4,83.4,9.8,9.8,49.0,49.0,10.0,0.0,72.9,72.9,2.043694596298965,0.0
0.0,0.0,471.0,0.0,45.9,45.9,2.5,0.0,2907.2912311928485,2907.2912311928485,35.6,35.6,3985.0,0.0,2.9,0.0,1.4,1.4,6.03,6.03,197.49255288505458,0.0,89.4,89.4,74.8916271151794,74.8916271151794,2.5,2.5,84.0,84.0,15.6,0.0,12000.0,0.0,33.9,33.9,6.1,6.1,0.2,0.0,0.0061,0.0,245.5,0.0,18.0,0.0,96580.48857324442,96580.48857324442,8477.090563737587,8477.090563737587,70.0,0.0,16.4,0.0,58114.0,58114.0,81.1,81.1,1.1,0.0,0.939,0.939,27.9,27.9,185.0,185.0,26.45,26.45,4232.0,4232.0,83.2,83.2,9.7,9.7,39.931343626943814,0.0,10.0,0.0,71.1,71.1,2.33413822658203,2.33413822658203
0.0,0.0,269.0,0.0,27.2,0.0,12.1,0.0,3769.0,3769.0,41.6,41.6,5682.0,0.0,6.5,6.5,0.58,0.0,7.51,7.51,-91.10772084258528,0.0,67.3,67.3,236.19,236.19,3.4,3.4,71.81331987469717,71.81331987469717,7.6,7.6,13913.0,0.0,0.2,0.2,22.1,22.1,1.7,0.0,0.2,0.2,107.12,0.0,65.0,65.0,-12385.361273549584,0.0,24005.0,0.0,33.0,0.0,33.4,33.4,45028.0,0.0,86.3,86.3,1.55,0.0,0.937,0.937,30.0,30.0,95.0,95.0,9.55,0.0,2976.0,2976.0,81.4,81.4,13.9,0.0,43.0,43.0,12.0,0.0,86.1,86.1,1.9339840503814136,0.0
0.0,0.0,165.0,0.0,30.2,0.0,11.6,0.0,3695.0,3695.0,44.5,44.5,5905.0,0.0,5.5,5.5,0.24,0.0,8.16,8.16,25.4,0.0,72.0,72.0,258.09,258.09,3.5,3.5,79.71636174919404,79.71636174919404,8.0,8.0,8056.0,8056.0,0.2,0.2,20.1,0.0,0.7,0.0,0.07,0.07,117.31,0.0,60.0,0.0,1196.0,0.0,17062.194875060155,0.0,17.0,0.0,52.3,52.3,48106.0,0.0,86.1,86.1,1.44,0.0,0.916,0.916,30.3,30.3,95.0,95.0,6.35,0.0,3044.0,3044.0,81.6,81.6,10.4,0.0,39.0,0.0,14.0,14.0,94.1,94.1,1.7804975565130667,0.0
0.0,0.0,133.4,0.0,27.7,0.0,7.5,7.5,3371.0,3371.0,39.5,39.5,7019.0,0.0,8.0,8.0,0.94,0.0,9.81,9.81,7.0,7.0,73.0,73.0,261.34,261.34,2.4,2.4,58.36984302325102,0.0,3.2,0.0,10204.0,0.0,0.6,0.6,23.1,23.1,0.6,0.0,0.0088,0.0,159.99,0.0,76.7,76.7,324349.0,324349.0,1334.629720719753,0.0,22.0,0.0,44.0,44.0,66871.0,66871.0,94.8,94.8,1.48,0.0,0.961,0.961,34.1,34.1,49.0,49.0,1.5,0.0,4654.0,4654.0,82.6,82.6,11.8,0.0,48.0,48.0,15.0,15.0,61.7,61.7,2.228834940547589,2.228834940547589
0.0,0.0,218.0,0.0,27.7,0.0,10.7,0.0,3343.0,3343.0,42.8,42.8,4485.0,0.0,6.9,6.9,0.36,0.0,9.2,9.2,8.8,8.8,74.9,74.9,430.76,430.76,2.4,2.4,90.7144167124855,90.7144167124855,1.8,0.0,9368.0,9368.0,0.0,0.0,22.2,22.2,1.6,0.0,0.0088,0.0,119.32,0.0,69.8,69.8,20615.76625086236,0.0,10566.501544023584,0.0,23.0,0.0,35.7,35.7,48685.0,0.0,87.3,87.3,1.37,0.0,0.94,0.94,32.1,32.1,53.0,53.0,1.55,0.0,3948.0,3948.0,81.6,81.6,13.4,0.0,41.0,0.0,15.0,15.0,67.4,67.4,1.769382521284982,0.0
0.0,0.0,19.9,0.0,35.7,0.0,5.7,0.0,2533.0,0.0,28.7,0.0,189.0,0.0,3.1,0.0,1.1,0.0,6.61,6.61,12.6,0.0,55.2,0.0,84.5,84.5,34.3,34.3,45.4,0.0,14.6,0.0,90000.0,90000.0,0.8,0.8,3.9,3.9,3.0,3.0,0.032,0.032,55.72,0.0,2.3,0.0,438.0,438.0,674.0,674.0,90.0,90.0,54.5,54.5,1931.0,0.0,59.5,0.0,2.18,2.18,0.633,0.0,25.3,25.3,35.0,35.0,23.65,23.65,138.0,0.0,70.8,0.0,12.9,0.0,36.097035983785105,0.0,7.0,7.0,5.2,5.2,2.4,2.4
0.0,0.0,38.0,0.0,48.9,48.9,7.8,7.8,3301.0,3301.0,33.2,33.2,1417.0,0.0,6.2,6.2,0.75,0.0,6.92,6.92,10.0,0.0,51.9,0.0,149.28,149.28,11.0,0.0,74.3,74.3,0.36,0.0,46829.0,46829.0,0.1,0.1,22.1,22.1,22.45,22.45,0.62,0.62,90.3,90.3,90.0,90.0,13484.0,0.0,2923.0,2923.0,85.0,85.0,23.8,0.0,6797.0,6797.0,77.1,77.1,1.71,0.0,0.754,0.754,30.0,30.0,357.0,357.0,24.95,24.95,416.0,416.0,75.9,75.9,6.4,0.0,16.0,0.0,12.0,0.0,82.4,82.4,1.2,0.0
0.0,0.0,52.0,0.0,29.2,0.0,8.7,8.7,3297.0,3297.0,42.8,42.8,5811.0,0.0,5.5,5.5,0.29,0.0,8.96,8.96,18.0,0.0,76.8,76.8,341.47,341.47,4.0,4.0,60.80413661721886,0.0,5.0,0.0,16502.0,0.0,0.2,0.2,20.4,0.0,0.6,0.0,0.2,0.2,152.94,0.0,40.4,0.0,1842.0,0.0,24925.0,0.0,33.0,0.0,34.3,34.3,53334.0,53334.0,90.7,90.7,1.55,0.0,0.941,0.941,30.9,30.9,63.0,63.0,9.25,0.0,3534.0,3534.0,81.8,81.8,9.3,9.3,45.0,45.0,12.0,0.0,89.3,89.3,1.4,0.0
0.0,0.0,158.0,0.0,27.7,0.0,10.4,0.0,3401.0,3401.0,42.0,42.0,5817.0,0.0,7.6,7.6,0.38,0.0,9.15,9.15,11.0,0.0,76.7,76.7,277.3,277.3,3.8,3.8,69.05540527330226,69.05540527330226,5.4,0.0,13096.0,0.0,0.2,0.2,19.7,0.0,1.0,0.0,0.043,0.043,210.71,0.0,79.0,79.0,10817.0,0.0,16530.264640846133,0.0,19.0,0.0,37.3,37.3,61477.0,61477.0,92.4,92.4,1.67,0.0,0.948,0.948,32.7,32.7,68.0,68.0,-3.7,0.0,5110.0,5110.0,81.3,81.3,7.6,0.0,44.0,44.0,15.0,15.0,145.9,0.0,1.822100464946751,0.0
0.0,0.0,32.0,0.0,36.0,0.0,11.7,0.0,3345.0,3345.0,40.3,40.3,1556.0,0.0,3.7,0.0,0.01,0.0,3.31,0.0,4.0,4.0,58.9,0.0,163.57,163.57,5.8,5.8,99.2,99.2,11.0,0.0,115171.0,0.0,0.1,0.1,23.1,23.1,7.3,7.3,1.0,1.0,87.01,0.0,61.8,61.8,69689.0,69689.0,2489.0,0.0,34.0,0.0,33.3,33.3,10166.0,0.0,89.5,89.5,1.5,0.0,0.822,0.822,24.9,0.0,325.0,325.0,-5.35,0.0,819.0,819.0,73.2,0.0,21.6,0.0,58.0,58.0,14.031186215850756,14.031186215850756,51.0,51.0,3.1,3.1
1.1034378113e-312,1.12465776944e-312,55.0,55.0,41.9,41.9,2.0,0.0,3711.0,3711.0,32.2,32.2,1146.0,0.0,4.4,4.4,1.37,1.37,4.48,0.0,8.5,8.5,64.6,64.6,193.94,193.94,10.0,0.0,88.1,88.1,93.5,93.5,75667.0,75667.0,0.0,0.0,32.1,32.1,2.5,2.5,0.098,0.098,62.52,0.0,0.2,0.0,783.0,783.0,7458.0,7458.0,64.0,0.0,32.9,32.9,8538.0,8538.0,82.5,82.5,2.04,0.0,0.838,0.838,24.8,0.0,335.0,335.0,9.9,0.0,635.0,635.0,78.6,78.6,2.3,0.0,28.0,0.0,12.0,0.0,19.3,0.0,2.1,2.1
0.0,0.0,298.0,0.0,33.1,0.0,10.4,0.0,3382.0,3382.0,45.3,45.3,2403.0,0.0,4.1,0.0,-0.21,0.0,7.39,7.39,37.1,37.1,57.7,0.0,255.26,255.26,3.8,3.8,92.5,92.5,2.85,0.0,6826.0,6826.0,0.0,0.0,24.9,24.9,0.8,0.0,0.028,0.028,36.73,0.0,93.0,93.0,112.0,0.0,10758.0,0.0,71.0,0.0,54.9,54.9,18117.0,0.0,75.9,75.9,1.34,0.0,0.887,0.887,29.9,29.9,107.0,0.0,15.4,0.0,1884.0,0.0,81.1,81.1,3.6,0.0,40.0,0.0,15.0,15.0,78.7,78.7,1.9432730999712502,0.0
1.14587772735e-312,0.0,43.0,0.0,45.4,45.4,6.5,6.5,3157.0,3157.0,29.3,0.0,1101.0,0.0,4.9,4.9,1.23,1.23,6.07,6.07,35.4,35.4,64.7,64.7,111.87,111.87,14.2,0.0,78.9,78.9,0.01,0.0,7521.0,7521.0,0.0,0.0,28.9,28.9,28.4,28.4,0.27,0.27,48.35,0.0,88.9,88.9,13494.0,0.0,3104.0,3104.0,73.0,0.0,24.0,0.0,8326.0,8326.0,71.3,71.3,2.08,0.0,0.758,0.758,26.0,26.0,166.0,166.0,21.0,0.0,231.0,0.0,76.0,76.0,5.3,0.0,21.0,0.0,14.0,14.0,58.6,58.6,1.9884117872504536,0.0
0.0,0.0,128.0,0.0,32.8,0.0,12.3,0.0,3480.0,3480.0,44.6,44.6,3285.0,0.0,4.9,4.9,-0.39,0.0,7.9,7.9,8.0,8.0,65.3,65.3,205.04,205.04,3.7,3.7,80.5,80.5,0.4,0.0,7868.0,7868.0,0.6,0.6,20.8,20.8,0.9,0.0,0.021,0.021,150.39,0.0,84.3,84.3,-7699.413367624686,0.0,9935.0,9935.0,72.0,0.0,25.7,0.0,22413.0,0.0,74.1,74.1,1.4,0.0,0.866,0.866,31.0,31.0,111.0,0.0,15.15,0.0,2821.0,2821.0,81.6,81.6,7.2,0.0,33.0,0.0,12.260578719866519,0.0,91.1,91.1,1.9588099863758177,0.0
0.0,0.0,33.0,0.0,31.4,0.0,10.2,0.0,3420.0,3420.0,43.2,43.2,3241.0,0.0,5.1,5.1,0.36,0.0,8.01,8.01,2.0,0.0,72.3,72.3,29.05,29.05,3.2,3.2,51.019419800264814,0.0,0.1,0.0,63476.0,63476.0,22.9,22.9,4.7,4.7,0.6,0.0,0.00068,0.0,241.58,0.0,23.172626711853987,0.0,3724.7698125079332,3724.7698125079332,19986.0,0.0,33.0,0.0,28.5,0.0,31947.0,0.0,95.4,95.4,0.84,0.0,0.925,0.925,29.0,29.0,105.0,0.0,11.5,0.0,1762.0,0.0,83.3,83.3,21.2,0.0,69.0,69.0,12.0,0.0,48.0,48.0,2.8,2.8
0.0,0.0,30.0,0.0,37.9,37.9,0.8,0.0,2884.0,2884.0,31.1,31.1,335.0,0.0,3.6,0.0,1.05,0.0,6.3,6.3,136.0,0.0,65.8,65.8,14.82,14.82,23.9,23.9,70.1,70.1,86.7,86.7,135081.0,0.0,0.8,0.8,6.9,6.9,0.4,0.0,0.00068,0.0,49.58413398606092,0.0,10.72,0.0,2389.0,0.0,2449.0,0.0,96.0,96.0,35.4,35.4,3870.0,0.0,71.6,71.6,2.27,2.27,0.705,0.0,20.0,0.0,93.0,93.0,25.85,25.85,181.0,0.0,71.3,0.0,2.6,0.0,11.0,0.0,12.0,0.0,8.3,8.3,2.0979202203725413,2.0979202203725413
0.0,0.0,60.0,60.0,30.2,0.0,11.6,0.0,3537.0,3537.0,41.9,41.9,2022.0,0.0,4.6,4.6,-0.17,0.0,6.85,6.85,8.0,8.0,67.8,67.8,205.39,205.39,4.4,4.4,93.0,93.0,0.02,0.0,21130.0,0.0,0.0,0.0,23.1,23.1,0.7,0.0,0.03,0.03,130.98,0.0,94.3,94.3,470.0,470.0,9358.0,9358.0,50.0,0.0,39.6,39.6,15764.0,0.0,90.6,90.6,1.38,0.0,0.876,0.876,27.0,27.0,181.0,181.0,7.85,0.0,1364.0,0.0,78.3,78.3,9.3,9.3,43.0,43.0,13.0,0.0,78.1,78.1,2.1,2.1
0.0,0.0,72.0,72.0,42.3,42.3,9.8,9.8,3307.0,3307.0,32.4,32.4,2217.0,0.0,5.5,5.5,0.94,0.0,6.95,6.95,-44.97573418426438,0.0,52.2,0.0,195.08,195.08,9.3,9.3,97.9,97.9,0.9,0.0,28010.0,0.0,0.0,0.0,28.3,28.3,5.3,5.3,1.2,1.2,51.51,0.0,77.0,77.0,10720.0,0.0,7466.0,7466.0,65.0,0.0,34.0,34.0,8476.0,8476.0,74.1,74.1,2.23,2.23,0.842,0.842,33.2,33.2,230.0,230.0,14.8,0.0,341.0,341.0,76.6,76.6,8.1,0.0,31.281060002634995,0.0,16.0,16.0,79.7,79.7,1.960928190029151,0.0
0.0,0.0,68.0,68.0,41.1,41.1,0.9,0.0,2845.0,0.0,29.2,0.0,1033.0,0.0,4.7,4.7,1.35,1.35,7.19,7.19,329.21600915349677,329.21600915349677,74.0,74.0,25.28,25.28,8.6,8.6,47.1,0.0,63.5,63.5,15354.0,0.0,19.8,19.8,15.6,0.0,2.1,0.0,2.513461288526477,2.513461288526477,103.34,0.0,9.2,9.2,15604.0,0.0,2665.0,2665.0,96.0,96.0,29.5,0.0,10402.0,0.0,75.5,75.5,1.97,0.0,0.803,0.803,25.0,0.0,212.0,212.0,25.4,25.4,1135.0,0.0,74.7,74.7,5.8,0.0,31.072173942099127,0.0,10.0,0.0,50.9,50.9,2.307393023815913,2.307393023815913
0.0,0.0,701.0,701.0,30.6,0.0,13.0,0.0,3885.0,3885.0,37.8,37.8,5862.0,0.0,3.7,0.0,0.78,0.0,9.05,9.05,16.0,0.0,80.5,80.5,291.86,291.86,3.3,3.3,66.45186757713505,66.45186757713505,1.4,0.0,20891.52400430446,0.0,0.2,0.2,25.3,25.3,0.7,0.0,0.018,0.018,112.81,0.0,83.8,83.8,25767.49909081575,0.0,25184.0,0.0,54.0,0.0,35.6,35.6,86251.0,86251.0,80.7,80.7,1.63,0.0,0.945,0.945,34.8,34.8,74.0,74.0,9.3,0.0,3309.0,3309.0,81.8,81.8,8.9,8.9,52.0,52.0,10.0,0.0,106.3,0.0,1.8633457354893905,0.0
0.0,0.0,81.0,81.0,25.6,0.0,8.6,8.6,3102.0,3102.0,41.2,41.2,904.0,904.0,5.4,5.4,-0.49,0.0,5.81,5.81,168.0,0.0,52.3,0.0,145.03,145.03,8.4,8.4,100.0,0.0,1.05,0.0,24416.0,0.0,0.0,0.0,24.1,24.1,6.2,6.2,0.3,0.3,67.52,0.0,81.9,81.9,753.0,753.0,2858.0,2858.0,46.0,0.0,37.7,37.7,3557.0,0.0,71.4,71.4,1.22,0.0,0.773,0.773,25.0,0.0,148.0,148.0,8.3,0.0,434.0,434.0,73.0,0.0,17.7,0.0,44.10456923122442,44.10456923122442,14.0,14.0,32.3,0.0,2.0204416474825155,0.0
0.0,0.0,59.0,59.0,26.0,0.0,3.8,0.0,3314.0,3314.0,38.4,38.4,2995.0,0.0,1.3,0.0,1.39,1.39,2.7,0.0,334.9247065071082,334.9247065071082,77.1,77.1,132.66,132.66,7.5,7.5,42.1,0.0,72.0,72.0,293.0,293.0,2.0,2.0,31.7,31.7,0.5,0.0,0.21170614551219558,0.21170614551219558,151.09,0.0,9.0,9.0,333062.0,333062.0,8317.088745458572,8317.088745458572,76.0,0.0,19.4,0.0,36285.0,0.0,95.2,95.2,1.37,0.0,0.911,0.911,25.3,25.3,104.0,0.0,26.65,26.65,1061.0,0.0,76.1,76.1,5.2,0.0,46.24950556452701,46.24950556452701,7.0,7.0,74.4,74.4,2.6744772596005673,2.6744772596005673
0.0,0.0,31.0,0.0,45.9,45.9,0.2,0.0,3307.0,3307.0,30.8,30.8,2696.0,0.0,5.6,5.6,1.9,1.9,2.08,0.0,236.2472727737831,0.0,60.7,60.7,83.65,83.65,6.6,6.6,51.4,0.0,96.2,96.2,2387.0,0.0,0.3,0.3,35.4,35.4,1.3,0.0,0.7577721426997801,0.7577721426997801,90.24,90.24,5.0,0.0,265991.0,0.0,9600.0,9600.0,96.0,96.0,14.2,0.0,20110.0,0.0,75.2,75.2,2.24,2.24,0.875,0.875,20.4,0.0,207.0,207.0,24.65,24.65,1037.0,0.0,74.3,0.0,5.4,0.0,26.0,0.0,12.0,0.0,44.6,44.6,6.6,6.6
0.0,0.0,2.01,0.0,36.8,36.8,3.6,0.0,3051.0,3051.0,36.3,36.3,1303.0,0.0,4.8,4.8,0.23,0.0,8.14,8.14,160.15946601540898,0.0,73.0,73.0,117.27,117.27,16.0,16.0,64.6,64.6,17.3,0.0,80.0,80.0,0.0,0.0,10.8,0.0,2.9,2.9,1.1236861859398424,1.1236861859398424,135.31972570367623,0.0,32.2,0.0,48349.20224163786,48349.20224163786,2538.0,0.0,73.10933130467606,0.0,25.5,0.0,8587.0,8587.0,54.1,0.0,1.44,0.0,0.802,0.802,25.4,25.4,218.0,218.0,22.4,22.4,356.0,356.0,74.1,0.0,8.8,8.8,39.046922374932315,0.0,0.0,0.0,39.6,39.6,2.1864412390246355,2.1864412390246355
0.0,0.0,90.0,90.0,36.2,36.2,10.7,0.0,3191.0,3191.0,37.2,37.2,3891.0,0.0,6.4,6.4,0.93,0.0,9.25,9.25,12.0,0.0,84.4,84.4,137.25,137.25,4.7,4.7,73.08969783916311,73.08969783916311,0.9,0.0,3600.0,3600.0,1.6,1.6,30.8,30.8,2.6,2.6,0.051,0.051,153.88,0.0,37.0,0.0,1607.0,0.0,31274.0,31274.0,18.0,0.0,29.6,0.0,43972.0,0.0,83.3,83.3,1.61,0.0,0.937,0.937,29.4,29.4,188.0,188.0,10.55,0.0,3286.0,3286.0,82.0,82.0,10.3,0.0,39.0,0.0,10.0,0.0,142.1,0.0,2.349113130147943,2.349113130147943
0.0,0.0,82.0,82.0,44.9,44.9,9.3,9.3,3029.0,3029.0,35.5,35.5,2359.0,0.0,5.4,5.4,0.78,0.0,8.28,8.28,7.4,7.4,75.4,75.4,116.11,116.11,7.0,7.0,89.9,89.9,0.0,0.0,5641.0,5641.0,0.0,0.0,28.0,28.0,4.4,4.4,0.11,0.11,176.48,0.0,68.0,68.0,252.0,0.0,5328.0,5328.0,60.0,0.0,46.9,46.9,13232.0,0.0,76.3,76.3,1.61,0.0,0.855,0.855,32.6,32.6,210.0,210.0,8.45,0.0,871.0,871.0,80.7,80.7,8.0,0.0,27.0,0.0,14.0,14.0,66.4,66.4,1.9293026199976728,0.0
0.0,0.0,91.0,91.0,27.8,0.0,7.7,7.7,3067.0,3067.0,31.6,31.6,727.0,0.0,2.8,0.0,1.13,0.0,3.14,0.0,0.6,0.0,65.4,65.4,288.12,288.12,10.5,0.0,99.5,99.5,70.2,70.2,1226.0,0.0,0.2,0.2,21.0,21.0,3.2,3.2,0.017,0.017,56.12,0.0,26.2,0.0,91149.0,91149.0,797.0,797.0,53.0,0.0,34.2,34.2,9111.0,9111.0,72.5,72.5,3.13,3.13,0.811,0.811,24.3,0.0,157.0,157.0,5.5,0.0,279.0,279.0,74.0,0.0,18.1,0.0,43.82173343826959,43.82173343826959,14.0,14.0,44.8,44.8,2.0594444799250544,2.0594444799250544
0.0,0.0,83.0,83.0,41.1,41.1,2.0,0.0,3446.5766547016906,3446.5766547016906,33.7,33.7,3047.0,0.0,2.9,0.0,2.36,2.36,3.24,0.0,-64.74633556791764,0.0,72.6,72.6,135.0141634835341,135.0141634835341,6.5,6.5,41.0,0.0,77.5,77.5,209.0,0.0,3.1,3.1,35.1,35.1,0.4,0.0,-0.2737458789077536,0.0,105.2,0.0,13.8,0.0,465768.0,465768.0,7566.986869696837,7566.986869696837,93.0,93.0,13.5,0.0,50815.0,0.0,94.2,94.2,1.83,0.0,0.855,0.855,25.4,25.4,53.0,53.0,27.15,27.15,1815.0,0.0,77.2,77.2,4.7,0.0,39.719105058544784,0.0,8.987398483601952,8.987398483601952,90.5,90.5,2.9010911128555605,2.9010911128555605
0.0,0.0,34.0,0.0,31.5,0.0,0.4,0.0,3292.0,3292.0,24.1,0.0,551.0,0.0,3.8,0.0,1.87,1.87,2.93,0.0,1200.0,0.0,52.5,0.0,59.46,59.46,20.3,20.3,43.2,0.0,92.35,92.35,23000.0,0.0,0.0,0.0,32.0,32.0,2.6,2.6,0.00068,0.0,39.66,0.0,10.0,0.0,5387.0,5387.0,8011.619407538583,8011.619407538583,96.0,96.0,24.3,0.0,3609.0,0.0,50.1,0.0,3.24,3.24,0.731,0.0,25.0,0.0,116.0,0.0,22.1,22.1,298.0,298.0,71.8,0.0,3.4,0.0,35.896947075511434,0.0,12.0,0.0,22.5,0.0,2.4017550553662583,2.4017550553662583
0.0,0.0,33.0,0.0,35.0,0.0,8.3,8.3,2804.0,0.0,39.0,39.0,700.0,0.0,4.1,0.0,0.22,0.0,6.04,6.04,0.4,0.0,68.3,68.3,29.35,29.35,9.0,9.0,78.7,78.7,5.4,0.0,6750.0,6750.0,93.2,93.2,10.0,0.0,2.6,2.6,0.0014,0.0,206.81,0.0,1.2,0.0,2647.0,0.0,3220.0,3220.0,98.0,98.0,31.7,31.7,7189.0,7189.0,75.5,75.5,1.5,0.0,0.8,0.8,21.0,0.0,449.0,449.0,26.3,26.3,312.0,312.0,77.7,77.7,8.0,0.0,44.27515397761309,44.27515397761309,7.0,7.0,27.9,0.0,2.4038545914431015,2.4038545914431015
0.0,0.0,160.0,0.0,30.0,0.0,11.4,0.0,3316.0,3316.0,43.6,43.6,2098.0,0.0,4.7,4.7,-0.34,0.0,6.56,6.56,30.7,0.0,65.0,65.0,159.05,159.05,3.7,3.7,99.1,99.1,0.5,0.0,11645.0,0.0,0.0,0.0,26.4,26.4,0.8,0.0,0.32,0.32,193.8,0.0,58.935,0.0,1830.0,0.0,6373.0,6373.0,39.0,0.0,37.4,37.4,16129.0,0.0,76.8,76.8,1.56,0.0,0.846,0.846,29.3,29.3,169.0,169.0,9.75,0.0,1250.0,0.0,76.4,76.4,11.8,0.0,32.0,0.0,12.0,0.0,100.7,0.0,1.9292437965542022,0.0
0.0,1.082217853644e-312,57.0,57.0,63.0,63.0,9.3,9.3,2899.0,2899.0,28.0,0.0,1155.0,0.0,6.2,6.2,1.2,0.0,7.05,7.05,36.0,36.0,58.3,0.0,55.75,55.75,34.5,34.5,72.1,72.1,1.9,0.0,5418.0,5418.0,0.2,0.2,28.3,28.3,33.5,33.5,0.35,0.35,43.91,0.0,79.8,79.8,16.0,0.0,3671.0,3671.0,85.0,85.0,23.5,0.0,5094.0,0.0,53.6,0.0,2.36,2.36,0.713,0.0,33.0,33.0,248.0,248.0,17.75,0.0,472.0,472.0,65.3,0.0,23.5,0.0,14.0,0.0,12.0,0.0,39.0,39.0,2.130462642429845,2.130462642429845
0.0,0.0,76.0,76.0,25.3,0.0,14.4,0.0,3277.0,3277.0,43.3,43.3,3079.0,0.0,5.6,5.6,0.06,0.0,7.67,7.67,22.0,0.0,73.7,73.7,195.2,195.2,3.2,3.2,95.80074319848137,95.80074319848137,0.15,0.0,17330.0,0.0,0.0,0.0,26.0,26.0,0.7,0.0,0.026,0.026,85.89,0.0,34.0,0.0,160.0,0.0,8683.0,8683.0,16.0,0.0,34.2,34.2,22911.0,0.0,79.5,79.5,1.71,0.0,0.889,0.889,29.8,29.8,179.0,179.0,7.55,0.0,2358.0,0.0,79.1,79.1,9.5,9.5,31.0,0.0,15.0,15.0,77.3,77.3,2.0055993740507336,0.0
9.7611806412e-313,2.67e-322,43.0,0.0,29.6,0.0,0.3,0.0,2486.0,0.0,22.0,0.0,150.0,0.0,2.9,0.0,1.91,1.91,4.31,0.0,943.0,943.0,55.0,0.0,183.13,183.13,67.2,67.2,27.1,0.0,96.5,96.5,3811.0,3811.0,0.0,0.0,8.6,8.6,3.9,3.9,-0.9097096296664695,0.0,92.00706618899704,92.00706618899704,1.6,0.0,350.0,350.0,1289.0,0.0,92.0,92.0,37.5,37.5,1167.0,0.0,60.8,0.0,3.39,3.39,0.544,0.0,23.2,0.0,38.0,38.0,20.2,0.0,127.0,0.0,65.6,0.0,9.8,9.8,44.24326839459482,44.24326839459482,7.0,7.0,12.3,0.0,1.9341721476547047,0.0
0.0,0.0,57.0,57.0,54.2,54.2,5.8,0.0,3114.0,3114.0,31.2,31.2,1156.0,0.0,4.5,4.5,0.81,0.0,7.04,7.04,971.0,971.0,67.3,67.3,108.47,0.0,13.8,0.0,81.4,81.4,0.2,0.0,17066.0,0.0,0.0,0.0,22.3,22.3,22.6,22.6,0.014,0.0,53.73,0.0,92.0,92.0,14424.0,0.0,3879.0,3879.0,83.0,83.0,15.1,0.0,5333.0,5333.0,59.3,0.0,1.77,0.0,0.752,0.752,22.7,0.0,194.0,194.0,24.5,24.5,296.0,296.0,79.3,79.3,3.7,0.0,27.0,0.0,14.0,14.0,33.9,0.0,2.1978904903843346,2.1978904903843346
0.0,0.0,849.0,849.0,31.2,0.0,10.8,0.0,3019.0,3019.0,37.9,37.9,2795.0,0.0,6.4,6.4,0.78,0.0,7.56,7.56,-232.4210347339392,0.0,68.1,68.1,113.31,113.31,2.3,2.3,93.8,93.8,25.3,0.0,930.0,930.0,0.2,0.2,21.8,21.8,1.2,0.0,0.0034,0.0,50.46,0.0,79.0,79.0,-54145.53994745527,0.0,9521.848864555683,9521.848864555683,25.0,0.0,40.9,40.9,28133.0,0.0,76.5,76.5,1.31,0.0,0.896,0.896,29.0,29.0,86.0,86.0,18.45,0.0,4087.0,4087.0,83.1,83.1,3.2,0.0,39.5197120777613,0.0,14.0,14.0,131.3,0.0,1.8446656545527487,0.0
0.0,0.0,23.0,0.0,39.0,39.0,5.6,0.0,2120.0,0.0,30.0,0.0,639.0,0.0,3.6,0.0,1.26,1.26,2.76,0.0,793.7387489524986,793.7387489524986,25.9,0.0,117.79,117.79,24.2,24.2,88.1,88.1,0.4,0.0,2275.0,0.0,0.0,0.0,25.6,25.6,36.7,36.7,0.041,0.041,56.69687611445272,0.0,88.0,88.0,21016.0,0.0,10.32,0.0,79.0,0.0,25.707496325172208,0.0,3740.0,0.0,72.9,72.9,2.23,2.23,0.691,0.0,22.7,0.0,134.0,134.0,25.35,25.35,49.0,49.0,73.9,0.0,2.1,0.0,32.977561653117974,0.0,11.81111325600953,0.0,56.6,56.6,1.8646645207747408,0.0
0.0,0.0,58.0,58.0,34.8,0.0,12.6,0.0,3581.0,3581.0,42.5,42.5,1627.0,0.0,3.1,0.0,-0.5,0.0,6.4,6.4,7.0,7.0,68.6,68.6,238.33,238.33,7.0,7.0,96.8,96.8,0.65,0.0,14984.0,0.0,0.0,0.0,22.5,22.5,1.5,0.0,0.06,0.06,67.8145150664144,0.0,98.0,98.0,3403.0,3403.0,6635.0,6635.0,84.0,84.0,35.0,35.0,12929.0,0.0,64.9,64.9,1.6,0.0,0.821,0.821,26.7,26.7,116.0,0.0,8.8,0.0,810.0,810.0,75.6,75.6,7.3,0.0,32.1419576511307,0.0,13.930948190746852,13.930948190746852,54.5,54.5,1.9513366215227566,0.0
0.0,0.0,691.0,691.0,31.0,0.0,8.1,8.1,3420.0,3420.0,42.3,42.3,3976.0,0.0,5.3,5.3,0.31,0.0,7.68,7.68,167.45813223910022,0.0,68.6,68.6,190.06,190.06,7.0,7.0,85.8,85.8,2.6,0.0,404.0,404.0,0.0,0.0,28.9,28.9,1.6,0.0,0.0034,0.0,134.48,0.0,91.6,91.6,12883.363702073228,0.0,11245.0,0.0,86.0,86.0,34.3,34.3,33771.0,0.0,65.5,65.5,1.13,0.0,0.918,0.918,29.2,29.2,153.0,153.0,19.2,0.0,1974.0,0.0,81.9,81.9,5.3,0.0,40.48736583423914,0.0,9.974435661097617,9.974435661097617,86.9,86.9,1.8642905530972684,0.0
0.0,0.0,23.0,0.0,29.3,0.0,9.2,9.2,3184.0,3184.0,41.1,41.1,5888.0,0.0,7.7,7.7,0.72,0.0,9.26,9.26,36.0,36.0,75.2,75.2,341.23,341.23,2.6,2.6,66.0497448358059,66.0497448358059,7.1,7.1,8118.0,8118.0,0.4,0.4,20.6,20.6,1.2,0.0,0.1,0.1,169.0,0.0,64.3,64.3,98826.18575925648,98826.18575925648,10875.903432796204,0.0,16.0,0.0,43.8,43.8,53575.0,53575.0,91.3,91.3,1.66,0.0,0.947,0.947,33.9,33.9,68.0,68.0,1.75,0.0,4141.0,4141.0,82.4,82.4,12.4,0.0,46.0,46.0,15.0,15.0,76.1,76.1,1.8846593602156083,0.0
0.0,0.0,33.0,0.0,38.6,38.6,3.8,0.0,3528.0,3528.0,30.4,30.4,3055.0,0.0,5.8,5.8,1.55,1.55,7.84,7.84,29.0,0.0,72.8,72.8,193.6,193.6,3.7,3.7,79.8,79.8,18.0,0.0,8411.0,8411.0,0.3,0.3,26.1,26.1,1.5,0.0,43.0,43.0,147.36,0.0,3.5,0.0,3.0,3.0,19690.0,0.0,51.0,0.0,31.7,31.7,47034.0,0.0,76.3,76.3,2.9,2.9,0.919,0.919,25.0,0.0,234.0,234.0,19.2,0.0,2402.0,0.0,82.6,82.6,5.2,0.0,46.0,46.0,12.0,0.0,97.1,97.1,5.2,5.2
0.0,0.0,112.0,0.0,23.2,0.0,11.5,0.0,2871.0,0.0,41.8,41.8,2093.0,0.0,3.9,0.0,0.04,0.0,6.97,6.97,-555.1680686534988,0.0,65.0,65.0,143.14,143.14,5.8,5.8,105.52464270207844,0.0,0.15,0.0,9400.0,9400.0,0.0,0.0,20.5,20.5,1.2,0.0,0.018,0.018,101.28,0.0,80.0,80.0,17.0,0.0,8708.0,8708.0,47.0,0.0,32.0,32.0,19264.0,0.0,81.6,81.6,1.57,0.0,0.848,0.848,28.1,28.1,190.0,190.0,6.8,0.0,1597.0,0.0,78.2,78.2,9.3,9.3,31.0,0.0,14.0,14.0,67.4,67.4,1.9508172556721959,0.0
0.0,0.0,22.0,0.0,32.4,0.0,0.0,0.0,2563.0,0.0,27.9,0.0,122.0,0.0,2.0,0.0,1.04,0.0,5.99,5.99,307.0,0.0,55.6,0.0,21.91,21.91,30.8,30.8,39.4,0.0,91.0,91.0,51667.6883048896,51667.6883048896,0.5,0.5,3.6,3.6,2.4,0.0,-1.0793316750933375,0.0,36.02,0.0,0.4,0.0,18.0,0.0,212.0,0.0,96.0,96.0,57.6,57.6,2001.0,0.0,75.9,75.9,1.99,0.0,0.661,0.0,25.0,0.0,48.0,48.0,25.0,25.0,48.0,48.0,74.3,0.0,3.9,0.0,35.92711364996383,0.0,9.0,9.0,3.1,0.0,1.9723185424823666,0.0
0.0,0.0,44.0,0.0,43.8,43.8,6.3,0.0,2775.0,0.0,29.1,0.0,684.0,0.0,3.9,0.0,1.2,0.0,6.53,6.53,223.0,0.0,67.8,67.8,62.15,62.15,13.2,0.0,77.7,77.7,0.0,0.0,4101.0,4101.0,0.2,0.2,19.7,0.0,7.9,7.9,0.013,0.0,51.81,0.0,87.0,87.0,1150.0,0.0,2876.0,2876.0,84.0,84.0,32.9,32.9,6163.0,6163.0,46.5,0.0,2.21,2.21,0.762,0.762,23.5,0.0,290.0,290.0,19.6,0.0,164.0,0.0,79.9,79.9,2.7,0.0,36.77721744442963,0.0,14.0,14.0,34.5,0.0,2.1727148492669963,2.1727148492669963
0.0,0.0,27.0,0.0,42.3,42.3,6.6,6.6,2662.0,0.0,24.1,0.0,339.0,0.0,3.2,0.0,1.51,1.51,6.56,6.56,424.0,424.0,63.8,63.8,15.66,15.66,27.3,27.3,90.1,90.1,8.0,8.0,1507.0,0.0,0.0,0.0,6.4,6.4,4.4,4.4,0.00068,0.0,49.31,0.0,85.0,85.0,85.0,85.0,2835.0,2835.0,77.0,0.0,34.9,34.9,3299.0,0.0,64.1,64.1,2.49,2.49,0.699,0.0,25.3,25.3,200.0,200.0,25.55,25.55,51.0,51.0,70.4,0.0,2.5,0.0,36.08290774466871,0.0,15.0,15.0,31.1,0.0,2.1531117435699034,2.1531117435699034
0.0,0.0,44.0,0.0,29.5,0.0,0.4,0.0,2608.0,0.0,21.2,0.0,414.0,0.0,3.5,0.0,2.78,2.78,3.62,0.0,304.0,0.0,58.25448781122849,0.0,22.18,22.18,25.9,25.9,20.4,0.0,96.5,96.5,10219.432515408698,0.0,0.0,0.0,30.4,30.4,10.1,0.0,10.1,10.1,75.35218775573071,0.0,1.2,0.0,99172.0,99172.0,2069.0,0.0,89.0,89.0,22.0,0.0,4146.0,0.0,43.4,0.0,3.54,3.54,0.686,0.0,25.3,25.3,126.0,0.0,21.4,21.4,454.0,454.0,72.4,0.0,4.7,0.0,41.70133197072792,41.70133197072792,9.0,9.0,40.520804976622486,40.520804976622486,2.615122120684807,2.615122120684807
0.0,0.0,46.0,0.0,39.5,39.5,0.6,0.0,3412.0,3412.0,29.1,0.0,414.0,0.0,5.4,5.4,1.26,1.26,5.04,0.0,387.2760120607866,387.2760120607866,62.9,62.9,54.68,54.68,21.4,21.4,34.1,0.0,99.0,99.0,3677.0,3677.0,0.0,0.0,26.1,26.1,1.3,0.0,0.014,0.0,81.96090326163005,0.0,1.0,0.0,1.0,0.0,3997.0,3997.0,96.0,96.0,22.5,0.0,3108.0,0.0,59.5,0.0,2.35,2.35,0.683,0.0,25.7,25.7,238.0,238.0,17.1,0.0,259.0,0.0,73.0,0.0,7.3,0.0,33.851324372915414,0.0,12.0,0.0,20.6,0.0,2.3868742094969804,2.3868742094969804
0.0,0.0,104.0,0.0,24.4,0.0,12.6,0.0,3191.0,3191.0,44.9,44.9,3237.0,0.0,4.8,4.8,0.07,0.0,7.54,7.54,18.3,0.0,65.5,65.5,235.01,235.01,2.1,2.1,99.3,99.3,3.6,0.0,6603.730554042995,6603.730554042995,0.0,0.0,20.2,0.0,0.5,0.0,0.00068,0.0,108.47,0.0,68.0,68.0,-32981.4430257107,0.0,15249.0,0.0,47.0,0.0,25.1,0.0,25777.0,0.0,77.4,77.4,1.6,0.0,0.918,0.918,29.0,29.0,53.0,53.0,8.9,0.0,3228.0,3228.0,81.3,81.3,14.0,0.0,41.0,0.0,14.0,14.0,88.0,88.0,1.9280602001450302,0.0
0.0,0.0,26.0,0.0,35.7,0.0,8.3,8.3,3025.0,3025.0,31.9,31.9,497.0,0.0,4.3,0.0,1.0,0.0,2.94,0.0,16.6,0.0,55.3,0.0,16.36,16.36,19.9,19.9,76.9,76.9,0.1,0.0,24589.0,0.0,16.4,16.4,2.1,0.0,1.5,0.0,-1.5356541809039133,0.0,66.38,0.0,8.2,8.2,1849.0,0.0,1591.0,0.0,15.0,0.0,29.8,0.0,2786.0,0.0,69.9,69.9,2.05,0.0,0.703,0.0,22.8,0.0,128.0,0.0,24.45,24.45,177.0,0.0,75.06750863419741,75.06750863419741,7.2,0.0,44.14479106917116,44.14479106917116,14.0,14.0,28.6,0.0,2.026927132843298,0.0
0.0,0.0,51.0,0.0,38.95886475244565,38.95886475244565,0.0,0.0,3471.0,3471.0,29.7,0.0,2570.0,0.0,3.8,0.0,1.78,1.78,3.8,0.0,-185.0264146274076,0.0,60.8,60.8,157.66,157.66,7.9,7.9,69.5,69.5,74.6,74.6,196.0,0.0,2.8,2.8,37.9,37.9,1.8,0.0,0.1475411937106248,0.1475411937106248,130.66,0.0,15.0,0.0,541020.0,541020.0,2400.0,0.0,91.0,91.0,20.0,0.0,24809.0,0.0,95.4,95.4,2.07,0.0,0.831,0.831,27.5,27.5,117.0,0.0,27.15,27.15,502.0,502.0,81.0,81.0,2.7,0.0,42.977280210241645,42.977280210241645,7.0,7.0,60.2,60.2,3.0459025244993905,3.0459025244993905
0.0,0.0,68.0,68.0,39.3,39.3,4.3,0.0,2737.0,0.0,33.7,33.7,517.0,0.0,2.8,0.0,0.35,0.0,6.14,6.14,-94.62971101034324,0.0,56.4,0.0,34.98,34.98,7.1,7.1,81.0,81.0,9.7,9.7,4115.0,4115.0,69.3,69.3,5.2,5.2,2.4,0.0,-2.0957773134854385,0.0,89.94075154170059,89.94075154170059,7.4,7.4,19302.604504666437,0.0,603.0,603.0,97.0,97.0,28.5,0.0,3768.0,0.0,32.7,0.0,2.17,0.0,0.782,0.782,23.4,0.0,135.0,135.0,26.95,26.95,128.0,0.0,76.9,76.9,12.9,0.0,38.13705103876579,0.0,12.0,0.0,6.6,6.6,2.001204510892139,0.0
0.0,0.0,89.0,89.0,28.9,0.0,8.9,8.9,3074.0,3074.0,43.9,43.9,1923.0,0.0,4.6,4.6,-0.58,0.0,6.5,6.5,7.0,7.0,61.4,61.4,231.02,231.02,4.8,4.8,97.1,97.1,1.5,0.0,-6293.500126179424,0.0,0.0,0.0,24.4,24.4,1.0,0.0,0.011,0.0,57.3,0.0,90.1,90.1,2929.0,0.0,7075.0,7075.0,70.0,0.0,34.4,34.4,13934.0,0.0,69.2,69.2,1.48,0.0,0.858,0.858,28.1,28.1,84.0,84.0,10.9,0.0,2010.0,0.0,78.6,78.6,11.0,0.0,36.06270353342496,0.0,14.0,14.0,49.9,49.9,1.9667578251860478,0.0
0.0,1.18831764294e-312,121.0,0.0,34.2,0.0,0.5,0.0,2578.0,0.0,18.3,0.0,206.0,0.0,2.2,0.0,2.38,2.38,2.54,0.0,623.0,623.0,47.7,0.0,155.2,155.2,58.4,58.4,24.3,0.0,96.0,96.0,9428.964313798933,9428.964313798933,0.0,0.0,6.6,6.6,5.1,5.1,-0.04407983038177399,0.0,53.64180170825557,0.0,1.5,0.0,1489.0,0.0,13.0,0.0,93.0,93.0,24.98309634701857,0.0,1415.0,0.0,27.4,0.0,4.29,4.29,0.508,0.0,22.0,0.0,52.0,52.0,26.9,26.9,27.0,27.0,69.1,0.0,4.8,0.0,42.174928710790994,42.174928710790994,12.0,0.0,21.0,0.0,1.9048664151811185,0.0
0.0,0.0,126.0,0.0,34.5,0.0,12.9,0.0,3229.0,3229.0,44.4,44.4,1904.0,0.0,4.7,4.7,-1.03,0.0,7.24,7.24,35.3,35.3,70.4,70.4,174.11,174.11,3.6,3.6,99.9,99.9,0.15,0.0,2910.0,2910.0,0.0,0.0,23.6,23.6,2.6,2.6,0.03,0.03,128.69,0.0,75.0,75.0,-25243.36565346975,0.0,7096.0,7096.0,29.0,0.0,43.8,43.8,17871.0,0.0,84.6,84.6,1.55,0.0,0.863,0.863,30.6,30.6,175.0,175.0,5.6,0.0,1349.0,0.0,75.4,75.4,16.1,0.0,40.0,0.0,14.0,14.0,45.7,45.7,1.9917270946538754,0.0
1.16709768528e-312,1.12465776945e-312,63.0,63.0,40.3,40.3,12.7,0.0,2854.0,0.0,43.7,43.7,1681.0,0.0,4.1,0.0,-0.67,0.0,6.71,6.71,428.8457090496314,428.8457090496314,69.0,69.0,155.71,155.71,6.7,6.7,97.5,97.5,13.4,0.0,10068.0,0.0,0.0,0.0,25.0,25.0,1.0,0.0,0.014,0.0,78.84,0.0,85.0,85.0,153.0,0.0,4866.0,4866.0,34.0,0.0,47.5,47.5,10058.0,0.0,65.2,65.2,1.56,0.0,0.795,0.795,26.9,26.9,109.0,0.0,10.55,0.0,956.0,956.0,75.1,75.1,6.5,0.0,38.12267062456576,0.0,14.0,14.0,69.4,69.4,1.8871173813544817,0.0
0.0,0.0,220.0,0.0,31.8,0.0,1.5,0.0,2857.0,0.0,33.7,33.7,1485.0,0.0,2.5,0.0,0.57,0.0,4.16,0.0,254.80242711706177,0.0,51.1,0.0,114.52,114.52,7.2,7.2,60.2,0.0,67.8,67.8,3686.0,3686.0,0.2,0.2,32.0,32.0,1.9,0.0,-0.40861967094581253,0.0,91.87506328604809,91.87506328604809,39.5,0.0,89359.83245938778,89359.83245938778,5373.0,5373.0,87.0,87.0,40.2,40.2,9310.0,9310.0,85.0,85.0,2.06,0.0,0.706,0.0,28.8,28.8,205.0,205.0,15.0,0.0,628.0,628.0,76.4,76.4,2.8,0.0,42.20960082400889,42.20960082400889,7.0,7.0,63.1,63.1,2.2248262465219195,2.2248262465219195
2.5e-322,0.0,66.0,66.0,24.4,0.0,11.2,0.0,3270.0,3270.0,40.9,40.9,1045.0,0.0,4.8,4.8,-0.15,0.0,2.59,0.0,-197.6019182023517,0.0,57.9,0.0,133.73,133.73,3.2,3.2,98.6,98.6,0.75,0.0,8205.0,8205.0,0.0,0.0,24.5,24.5,2.4,0.0,0.057,0.057,68.73,0.0,55.4,0.0,3670.0,3670.0,4670.021127248681,4670.021127248681,34.0,0.0,41.8,41.8,6377.0,6377.0,73.6,73.6,1.38,0.0,0.808,0.808,25.3,25.3,345.0,345.0,6.15,0.0,272.0,272.0,74.8,74.8,16.5,0.0,47.18650131237443,47.18650131237443,14.0,14.0,58.6,58.6,2.1804857685012147,2.1804857685012147
0.0,0.0,41.0,0.0,51.3,51.3,6.4,6.4,2385.0,0.0,15.9,0.0,181.0,0.0,3.5,0.0,3.28,3.28,3.66,0.0,24.20953179994092,0.0,50.6,0.0,12.3,12.3,74.7,74.7,27.0,0.0,0.3,0.0,22.0,0.0,0.0,0.0,8.2,8.2,4.8,4.8,-0.2361638257368277,0.0,83.01039750135783,0.0,75.0,75.0,34076.0,34076.0,663.0,663.0,88.0,88.0,22.120312589611075,0.0,1896.0,0.0,12.4,0.0,5.37,5.37,0.586,0.0,21.4,0.0,93.0,93.0,21.55,21.55,5.0,5.0,63.1,0.0,12.6,0.0,41.799392265144206,41.799392265144206,14.0,14.0,25.0,0.0,1.9972822607486278,0.0
1.16709768528e-312,1.124657769473e-312,57.0,57.0,47.3,47.3,4.4,0.0,2606.0,0.0,28.8,0.0,935.0,935.0,5.0,5.0,1.42,1.42,6.13,6.13,-74.23210765621914,0.0,46.9,0.0,139.6,139.6,14.0,0.0,77.7,77.7,0.0,0.0,2854.0,0.0,0.0,0.0,19.9,0.0,7.8,7.8,0.0041,0.0,79.98776882463841,0.0,94.0,94.0,26108.0,0.0,5525.0,5525.0,82.0,82.0,18.4,0.0,5600.0,5600.0,53.5,0.0,2.38,2.38,0.74,0.0,21.8,0.0,224.0,224.0,21.85,21.85,308.0,308.0,78.4,78.4,7.7,0.0,40.43347991420313,0.0,12.0,0.0,45.0,45.0,2.055337845395124,2.055337845395124
0.0,0.0,74.0,74.0,35.3,0.0,15.0,0.0,3411.0,3411.0,44.5,44.5,2369.0,0.0,4.0,0.0,-0.55,0.0,7.13,7.13,14.1,0.0,74.2,74.2,295.46,295.46,3.7,3.7,99.8,99.8,0.1,0.0,3075.0,3075.0,0.0,0.0,26.3,26.3,3.7,3.7,0.016,0.016,132.67,0.0,83.7,83.7,247.0,0.0,10996.0,0.0,40.0,0.0,41.4,41.4,20772.0,0.0,80.5,80.5,1.48,0.0,0.875,0.875,28.3,28.3,216.0,216.0,6.2,0.0,1667.0,0.0,76.0,76.0,20.2,0.0,55.0,55.0,14.0,14.0,49.5,49.5,2.087552636966054,2.087552636966054
0.0,0.0,62.0,62.0,34.5,0.0,11.1,0.0,2828.0,0.0,43.4,43.4,1508.0,0.0,4.0,0.0,-0.34,0.0,6.22,6.22,28.5,0.0,63.9,63.9,148.53,148.53,5.3,5.3,96.6,96.6,2.1,0.0,11897.0,0.0,0.0,0.0,21.5,21.5,1.0,0.0,0.0095,0.0,77.88,0.0,91.0,91.0,2236.0,0.0,3610.0,3610.0,54.0,0.0,45.1,45.1,7656.0,7656.0,84.7,84.7,1.48,0.0,0.802,0.802,28.1,28.1,158.0,158.0,10.55,0.0,1158.0,0.0,75.9,75.9,7.9,0.0,37.86912075186581,0.0,14.0,14.0,50.481082625710684,50.481082625710684,1.9539393324964898,0.0
0.0,0.0,83.0,83.0,33.7,0.0,0.7,0.0,2732.0,0.0,23.5,0.0,767.0,0.0,3.6,0.0,2.17,2.17,3.62,0.0,0.0,0.0,66.5,66.5,77.68,77.68,15.6,15.6,87.7,87.7,97.2,97.2,511.0,511.0,0.4,0.4,35.5,35.5,1.0,0.0,5.473530248834884,5.473530248834884,67.35,0.0,6.0,0.0,148812.0803829109,0.0,5408.0,5408.0,96.0,96.0,30.7,30.7,4283.0,0.0,58.1,0.0,2.64,2.64,0.72,0.0,26.6,26.6,198.0,198.0,18.3,0.0,587.0,587.0,77.9,77.9,2.0,0.0,33.50862007438583,0.0,12.0,0.0,29.8,0.0,2.6838285813241605,2.6838285813241605
0.0,0.0,34.0,0.0,39.30158465238447,39.30158465238447,6.1,0.0,3344.0,3344.0,42.1,42.1,2484.0,0.0,12.9,0.0,0.06,0.0,2.84,0.0,-99.7404433132975,0.0,27.8,0.0,99.94,99.94,5.1,5.1,99.2,99.2,0.1,0.0,992.0,992.0,0.0,0.0,24.6,24.6,5.0,5.0,0.0034,0.0,80.42669509972393,0.0,65.0,65.0,3052.0,3052.0,44.0,44.0,34.0,0.0,40.8,40.8,9478.0,9478.0,50.1,0.0,1.59,0.0,0.764,0.764,21.3,0.0,510.0,510.0,25.2,25.2,187.0,0.0,77.8,77.8,10.2,0.0,40.521982933483244,0.0,16.0,16.0,32.2,0.0,2.19543161703775,2.19543161703775
0.0,0.0,50.0,0.0,40.2,40.2,10.8,0.0,3202.0,3202.0,35.5,35.5,2140.0,0.0,4.9,4.9,0.36,0.0,8.61,8.61,-153.68759644841688,0.0,68.6,68.6,210.54,210.54,7.1,7.1,97.1,97.1,0.0,0.0,3231.0,3231.0,0.0,0.0,27.9,27.9,12.1,0.0,0.11,0.11,53.88,0.0,58.1,0.0,82262.27369305922,82262.27369305922,5336.0,5336.0,40.0,0.0,35.3,35.3,15438.0,0.0,68.9,68.9,1.95,0.0,0.809,0.809,24.0,0.0,337.0,337.0,17.55,0.0,535.0,535.0,77.1,77.1,18.8,0.0,36.636486551312174,0.0,13.0,0.0,98.6,98.6,2.1242316190870736,2.1242316190870736
0.0,0.0,36.0,0.0,39.6,39.6,6.9,6.9,2892.0,2892.0,27.9,0.0,739.0,0.0,4.3,0.0,1.07,0.0,6.32,6.32,224.24632406060607,0.0,61.0,61.0,73.75,73.75,28.0,28.0,79.8,79.8,0.0,0.0,1866.0,0.0,0.0,0.0,27.8,27.8,8.9,8.9,0.00068,0.0,82.07217800894637,0.0,83.0,83.0,96120.66539427463,96120.66539427463,2613.0,2613.0,87.0,87.0,18.7,0.0,7268.0,7268.0,62.9,62.9,2.3,2.3,0.767,0.767,21.0,0.0,243.0,243.0,24.55,24.55,33.0,33.0,72.8,0.0,5.1,0.0,34.5398968102927,0.0,11.087125970737883,0.0,37.8,37.8,2.3264386465433287,2.3264386465433287
0.0,0.0,245.0,0.0,32.7,0.0,7.4,7.4,2579.0,0.0,29.8,0.0,469.0,0.0,4.1,0.0,1.5,1.5,6.48,6.48,-328.2768743054795,0.0,55.4,0.0,139.82,139.82,15.6,15.6,94.6,94.6,5.0,0.0,285.0,0.0,55.1,55.1,20.6,20.6,6.0,6.0,2.779156901328138,2.779156901328138,43.67,0.0,1.3,0.0,4815.0,4815.0,1769.0,0.0,62.45880247787128,0.0,34.1,34.1,4007.0,0.0,21.8,0.0,2.83,2.83,0.739,0.0,26.0,26.0,154.0,154.0,1.7,0.0,194.0,0.0,68.1,0.0,18.0,0.0,40.91123036838746,0.0,14.0,14.0,108.8,0.0,1.8132780586350936,0.0
0.0,0.0,97.0,97.0,32.8,0.0,1.9,0.0,3450.0,3450.0,32.7,32.7,673.0,0.0,6.6,6.6,1.09,0.0,6.59,6.59,247.62246966721568,0.0,55.4,0.0,114.47,114.47,16.9,16.9,39.8,0.0,97.8,97.8,720.0,720.0,0.0,0.0,26.9,26.9,4.8,4.8,0.0068,0.0,56.820962593440925,0.0,0.1,0.0,2986.0,2986.0,2000.0,0.0,93.0,93.0,34.3,34.3,3318.0,0.0,52.2,0.0,2.15,0.0,0.731,0.0,28.7,28.7,194.0,194.0,19.2,0.0,710.0,710.0,77.0,77.0,3.2,0.0,31.745033768827724,0.0,13.0,0.0,25.5,0.0,2.261368446479781,2.261368446479781
0.0,0.0,43.0,0.0,49.3,49.3,4.8,0.0,3029.0,3029.0,32.6,32.6,1541.0,0.0,7.4,7.4,0.96,0.0,8.16,8.16,6.6,6.6,65.3,65.3,183.28,183.28,8.6,8.6,90.4,90.4,0.0,0.0,2158.0,0.0,0.0,0.0,25.7,25.7,11.2,0.0,0.017,0.017,47.93,0.0,82.0,82.0,-1234.143218708923,0.0,6145.0,6145.0,79.0,0.0,18.0,0.0,12077.0,0.0,68.1,68.1,1.72,0.0,0.809,0.809,25.7,25.7,374.0,374.0,24.8,24.8,279.0,279.0,80.8,80.8,7.6,0.0,28.0,0.0,12.0,0.0,40.4,40.4,2.143845853599616,2.143845853599616
0.0,0.0,81.0,81.0,26.1,0.0,9.1,9.1,3654.0,3654.0,37.1,37.1,4789.0,0.0,7.5,7.5,0.77,0.0,9.37,9.37,10.3,0.0,77.1,77.1,225.82,225.82,2.0,2.0,56.46196844130279,0.0,0.2,0.0,1767.0,0.0,0.4,0.4,21.9,21.9,1.5,0.0,2.0689915449069147,2.0689915449069147,158.12701009179318,0.0,72.3,72.3,68102.63334120248,68102.63334120248,12846.349997049732,0.0,34.47687150535559,0.0,30.2,30.2,63644.0,63644.0,88.9,88.9,1.72,0.0,0.959,0.959,32.7,32.7,33.0,33.0,-0.7,0.0,4622.0,4622.0,82.3,82.3,11.2,0.0,40.0,0.0,15.0,15.0,84.8,84.8,2.168677305541321,2.168677305541321
0.0,0.0,32.0,0.0,35.0,0.0,2.8,0.0,2338.0,0.0,19.8,0.0,70.0,0.0,4.7,4.7,2.43,2.43,3.38,0.0,234.0,0.0,53.6,0.0,44.14,44.14,50.7,50.7,13.6,0.0,31.3,0.0,240.0,0.0,0.0,0.0,4.5,4.5,8.8,8.8,0.00068,0.0,106.25617409153728,0.0,75.0,75.0,-21312.729060928366,0.0,-1534.1603125484908,0.0,103.24790659426645,0.0,6.8,6.8,840.0,840.0,16.2,0.0,4.05,4.05,0.498,0.0,21.3,0.0,99.0,99.0,22.2,22.2,52.0,52.0,68.7,0.0,9.5,9.5,45.170497554025566,45.170497554025566,9.0,9.0,7.9,7.9,1.8908867068668385,0.0
0.0,0.0,26.0,0.0,40.8,40.8,3.4,0.0,2197.0,0.0,20.0,0.0,187.0,0.0,5.2,5.2,2.49,2.49,5.05,0.0,73.3,73.3,55.1,0.0,94.86,94.86,43.2,43.2,54.0,0.0,11.2,0.0,300.0,300.0,0.0,0.0,7.1,7.1,4.0,4.0,0.002,0.0,62.31563082730872,0.0,85.1,85.1,20265.27481907941,0.0,702.0,702.0,94.0,94.0,19.3,0.0,1879.0,0.0,16.7,0.0,3.37,3.37,0.575,0.0,20.2,0.0,81.0,81.0,24.75,24.75,86.0,86.0,66.1,0.0,11.0,0.0,40.54382713153605,0.0,8.0,8.0,14.3,0.0,1.9025821347649396,0.0
0.0,0.0,111.0,0.0,41.9,41.9,1.2,0.0,2366.4755798389415,0.0,24.0,0.0,91.0,91.0,3.149931909161527,0.0,2.01,2.01,6.1,6.1,506.59437416464357,506.59437416464357,58.4,0.0,35.921634924217216,35.921634924217216,44.8,44.8,33.0,0.0,0.0,0.0,122.0,0.0,0.0,0.0,21.3,21.3,4.380638616579115,4.380638616579115,1.3685170285144217,1.3685170285144217,48.74682411364097,0.0,97.0,97.0,4081.0,4081.0,2086.0,0.0,108.96921276829555,0.0,54.1,54.1,2640.0,0.0,9.3,9.3,3.48,3.48,0.558,0.0,21.4,0.0,62.0,62.0,25.25,25.25,25.0,0.0,65.3,0.0,3.6,0.0,35.16836734452824,0.0,7.0,7.0,73.0,73.0,1.9122130970936322,0.0
0.0,0.0,76.0,76.0,40.3,40.3,8.4,8.4,2991.0,2991.0,37.8,37.8,1666.0,0.0,3.1,0.0,0.26,0.0,7.16,7.16,66.41965484137344,66.41965484137344,57.0,0.0,103.8,0.0,17.5,17.5,82.8,82.8,5.8,5.8,30231.70568810444,30231.70568810444,0.3,0.3,18.6,0.0,30.6,30.6,1.9381272297101422,1.9381272297101422,79.89,0.0,57.6,0.0,43748.0,43748.0,4615.0,4615.0,92.0,92.0,26.90287182214763,0.0,15286.0,0.0,69.4,69.4,1.7,0.0,0.81,0.81,29.2,29.2,292.0,292.0,25.75,25.75,320.0,320.0,76.1,76.1,8.3,0.0,30.61291354329505,0.0,10.91470362018669,0.0,57.8,57.8,2.195087575064887,2.195087575064887
0.0,0.0,30.0,0.0,43.5,43.5,2.7,0.0,3035.0,3035.0,21.4,0.0,178.0,0.0,3.6,0.0,2.16,2.16,6.5,6.5,32.9,0.0,57.5,0.0,9.08,9.08,46.2,46.2,34.9,0.0,19.9,0.0,28.0,0.0,0.0,0.0,10.9,0.0,2.1,0.0,-0.4460990505263531,0.0,51.93,0.0,71.2,71.2,5835.0,5835.0,433.0,433.0,95.0,95.0,7.0,7.0,2206.0,0.0,45.9,0.0,3.77,3.77,0.632,0.0,21.7,0.0,43.0,43.0,27.2,27.2,136.0,0.0,66.3,0.0,10.5,0.0,31.762362151208777,0.0,12.0,0.0,9.9,9.9,2.029370603383169,0.0
0.0,0.0,66.0,66.0,35.517531107474724,0.0,1.9,0.0,3275.0995179548568,3275.0995179548568,32.9,32.9,2038.0,0.0,2.3,0.0,4.26,4.26,2.49,0.0,55.857502246402206,55.857502246402206,66.4,66.4,123.19330304745722,123.19330304745722,6.9,6.9,42.3,0.0,73.7,73.7,40.0,40.0,2.5,2.5,29.8,29.8,0.5,0.0,2.9405839556915616,2.9405839556915616,58.53,0.0,15.0,0.0,116433.0,0.0,10586.622078258315,0.0,94.0,94.0,22.2,0.0,19925.0,0.0,97.8,97.8,1.94,0.0,0.875,0.875,26.3,26.3,234.0,234.0,26.8,26.8,710.0,710.0,75.8,75.8,7.2,0.0,36.65964908269951,0.0,15.0,15.0,70.7,70.7,2.490769474125974,2.490769474125974
1.039777937573e-312,9.7611806412e-313,35.0,0.0,36.63406110019997,36.63406110019997,0.8,0.0,2940.0,2940.0,26.2,0.0,1126.0,0.0,6.8,6.8,4.08,4.08,3.0,0.0,247.3272804044074,0.0,61.0,61.0,152.28,152.28,11.4,0.0,41.9,0.0,86.0,86.0,7.0,7.0,0.8,0.8,27.0,27.0,0.3,0.0,-1.2524560311571822,0.0,57.53,0.0,6.5,0.0,214450.0,0.0,10263.0,0.0,96.0,96.0,7.6,7.6,12409.0,0.0,82.2,82.2,2.78,2.78,0.816,0.816,24.8,0.0,45.0,45.0,25.6,25.6,562.0,562.0,73.9,0.0,4.5,0.0,40.37238072444078,0.0,9.0,9.0,49.8,49.8,2.4840186147602696,2.4840186147602696
0.0,0.0,89.0,89.0,30.8,0.0,11.6,0.0,3247.0,3247.0,43.7,43.7,2442.0,0.0,5.2,5.2,-0.23,0.0,7.84,7.84,15.2,0.0,76.6,76.6,284.85,284.85,2.4,2.4,99.7,99.7,0.0,0.0,3916.0,3916.0,0.0,0.0,21.2,21.2,3.2,3.2,0.013,0.0,78.58,0.0,45.0,0.0,-27503.666273891577,0.0,7897.0,7897.0,16.0,0.0,46.0,46.0,23106.0,0.0,86.8,86.8,1.58,0.0,0.89,0.89,30.4,30.4,173.0,173.0,2.0,0.0,2865.0,2865.0,78.9,78.9,12.0,0.0,41.0,0.0,14.0,14.0,67.4,67.4,1.9943715296332718,0.0
1.18831764317e-312,1.18831764321e-312,28.0,0.0,48.3,48.3,2.4,0.0,2551.0,0.0,23.2,0.0,514.0,0.0,2.8,0.0,1.94,1.94,4.97,0.0,315.0,0.0,62.6,62.6,46.6,46.6,24.5,24.5,50.7,0.0,0.0,0.0,1042.0,0.0,0.0,0.0,21.2,21.2,22.5,22.5,0.0061,0.0,64.71324603955003,0.0,87.0,87.0,369.0,369.0,3924.0,3924.0,88.0,88.0,14.3,0.0,4332.0,0.0,66.7,66.7,2.78,2.78,0.627,0.0,21.3,0.0,139.0,139.0,23.45,23.45,24.0,0.0,72.0,0.0,6.2,0.0,32.667076775347006,0.0,11.778151587847416,0.0,23.8,0.0,2.038807577127702,0.0
0.0,0.0,157.0,0.0,49.8,49.8,7.9,7.9,2851.0,0.0,30.1,30.1,2511.0,0.0,4.1,0.0,1.55,1.55,7.18,7.18,138.0422563429807,0.0,67.2,67.2,70.29,70.29,14.9,14.9,80.9,80.9,0.7,0.0,940.0,940.0,0.2,0.2,22.7,22.7,11.1,0.0,0.068,0.068,125.25,0.0,92.0,92.0,58792.48479344332,58792.48479344332,3819.0,3819.0,88.0,88.0,13.4,0.0,12269.0,0.0,54.5,0.0,2.42,2.42,0.805,0.805,21.6,0.0,420.0,420.0,25.4,25.4,182.0,0.0,79.3,79.3,2.9,0.0,35.876825172266486,0.0,12.0,0.0,54.5,54.5,2.2094159350311076,2.2094159350311076
1.01855797989e-312,0.0,122.0,0.0,35.0,0.0,4.2,0.0,2792.0,0.0,29.4,0.0,621.0,0.0,5.4,5.4,0.29,0.0,7.13,7.13,824.0799924067662,824.0799924067662,68.6,68.6,91.13,91.13,13.9,0.0,66.6,66.6,0.2,0.0,-25582.42905377393,0.0,0.0,0.0,24.7,24.7,44.7,44.7,0.0034,0.0,37.95,0.0,65.3,65.3,10588.78359433511,0.0,2402.0,0.0,70.0,0.0,17.4,0.0,4665.0,0.0,49.9,0.0,1.95,0.0,0.709,0.0,33.2,33.2,137.0,137.0,24.95,24.95,175.0,0.0,76.0,76.0,2.3,0.0,31.258181966527395,0.0,11.281001953012987,0.0,56.8,56.8,2.0456159567503063,0.0
0.0,0.0,128.0,0.0,34.5,0.0,9.8,9.8,2835.0,0.0,38.6,38.6,1026.0,0.0,3.8,0.0,-0.27,0.0,5.31,0.0,760.0,760.0,75.9,75.9,149.26,149.26,9.6,9.6,99.1,99.1,10.7,0.0,581.0,581.0,8.651425522439409,8.651425522439409,21.7,21.7,2.2,0.0,0.01,0.0,117.49888326217439,0.0,88.6,88.6,80.0,80.0,93.0,93.0,81.0,81.0,32.8,32.8,3984.0,0.0,91.7,91.7,2.05,0.0,0.802,0.802,26.6,26.6,245.0,245.0,5.65,0.0,511.0,511.0,73.3,0.0,7.7,0.0,40.55795176867764,0.0,14.0,14.0,26.0,0.0,2.1001063702450526,2.1001063702450526
0.0,0.0,54.0,54.0,43.5,43.5,7.2,7.2,2768.0,0.0,29.7,0.0,957.0,957.0,3.4,0.0,1.25,1.25,6.18,6.18,-8.765955979689863,0.0,61.8,61.8,75.72,75.72,19.4,19.4,77.8,77.8,0.0,0.0,1007.0,0.0,0.0,0.0,20.3,0.0,6.7,6.7,0.0074,0.0,56.89,0.0,96.0,96.0,48420.2611910002,48420.2611910002,4055.0,4055.0,92.0,92.0,29.1,0.0,4950.0,0.0,62.1,0.0,2.38,2.38,0.717,0.0,22.7,0.0,241.0,241.0,23.55,23.55,55.0,55.0,75.8,75.8,6.2,0.0,33.99098712768691,0.0,14.0,14.0,70.3,70.3,2.101301972023688,2.101301972023688
0.0,0.0,34.0,0.0,40.5,40.5,9.4,9.4,2373.0,0.0,18.2,0.0,104.0,0.0,3.4,0.0,3.06,3.06,5.1,0.0,477.6450299333427,477.6450299333427,60.2,0.0,40.29,40.29,50.3,50.3,43.5,0.0,35.2,0.0,172.0,0.0,0.0,0.0,8.4,8.4,6.5,6.5,-0.6101888068126193,0.0,89.5092470819892,89.5092470819892,61.4,0.0,51902.91386871028,51902.91386871028,209.0,0.0,89.0,89.0,27.8,0.0,1115.0,0.0,47.2,0.0,4.77,4.77,0.549,0.0,18.9,0.0,59.0,59.0,22.35,22.35,37.0,37.0,67.3,0.0,8.2,0.0,41.69159619808663,41.69159619808663,7.0,7.0,10.0,0.0,2.0733345882261727,2.0733345882261727
0.0,0.0,24.0,0.0,35.3,0.0,2.7,0.0,3011.0,3011.0,30.1,30.1,374.0,0.0,6.3,6.3,1.41,1.41,2.12,0.0,693.854605038094,693.854605038094,53.3,0.0,130.81,130.81,17.4,17.4,99.8,99.8,88.7,88.7,1003.0,0.0,0.0,0.0,16.6,0.0,1.1,0.0,0.02,0.02,39.2,0.0,2.6,0.0,1418.0,0.0,1041.0,0.0,55.0,0.0,24.9,0.0,1724.0,0.0,49.0,0.0,2.9,2.9,0.727,0.0,22.4,0.0,68.0,68.0,12.05,0.0,99.0,99.0,73.0,0.0,8.3,0.0,35.28824563129989,0.0,13.0,0.0,20.7,0.0,2.0428463411964963,0.0
0.0,0.0,2.0,0.0,35.1,0.0,13.4,0.0,2572.0,0.0,18.6,0.0,161.0,0.0,5.94,5.94,2.58,2.58,4.1,0.0,1658.0,0.0,57.3,0.0,7.91,7.91,117.2,0.0,21.6,0.0,48.0,0.0,1314.0,0.0,0.0,0.0,8.9,8.9,34.5,34.5,0.00068,0.0,214.33,0.0,45.9,0.0,7051.0,7051.0,901.0,901.0,77.0,0.0,9.3,9.3,2085.0,0.0,63.8,63.8,5.25,5.25,0.535,0.0,21.2,0.0,32.0,32.0,27.0,27.0,63.0,63.0,62.6,0.0,6.9,0.0,42.117452437588454,42.117452437588454,7.0,7.0,8.6,8.6,2.1807613628995326,2.1807613628995326
0.0,0.0,56.0,56.0,38.8,38.8,3.7,0.0,2696.0,0.0,27.7,0.0,751.0,0.0,3.8,0.0,0.52,0.0,5.9,5.9,229.18037815268443,0.0,61.8,61.8,124.34,124.34,13.3,0.0,65.7,65.7,0.28,0.0,661.0,661.0,0.0,0.0,24.6,24.6,37.2,37.2,0.00068,0.0,46.73503595597157,0.0,81.9,81.9,-62098.28253857362,0.0,3650.0,3650.0,77.0,0.0,15.9,0.0,3799.0,0.0,31.6,0.0,2.0,0.0,0.675,0.0,22.5,0.0,572.0,572.0,24.45,24.45,16.0,0.0,75.0,75.0,6.1,0.0,39.799098957544814,0.0,12.0,0.0,21.4,0.0,2.293692296564488,2.293692296564488
0.0,0.0,53.0,0.0,38.8,38.8,10.4,0.0,2758.0,0.0,24.0,0.0,174.0,0.0,2.9,0.0,1.45,1.45,1.77,0.0,233.9618017014646,0.0,57.4,0.0,2.92,2.92,45.5,45.5,58.6,0.0,0.0,0.0,88.0,88.0,66.1,66.1,5.3,5.3,-0.3335830119581553,0.0,0.891189832120066,0.891189832120066,43.98,0.0,2.2,0.0,456.57714562345063,456.57714562345063,1732.0,0.0,96.0,96.0,52.5,52.5,2623.0,0.0,23.6,0.0,2.58,2.58,0.607,0.0,20.5,0.0,130.0,130.0,22.8,22.8,42.0,42.0,68.5,0.0,6.0,0.0,39.33049958804584,0.0,15.0,15.0,15.0,0.0,2.143135795947303,2.143135795947303
0.0,0.0,83.0,83.0,46.2,46.2,5.2,0.0,2582.0,0.0,27.3,0.0,491.0,0.0,4.3,0.0,1.07,0.0,3.6,0.0,193.4203896861462,0.0,57.7,0.0,85.16,85.16,16.6,16.6,49.2,0.0,0.0,0.0,27.0,0.0,0.0,0.0,23.7,23.7,7.2,7.2,-0.4026539295002234,0.0,56.97052811619568,0.0,84.6,84.6,5582.684101857856,5582.684101857856,1506.0,0.0,70.0,0.0,20.883424115581494,0.0,1905.0,0.0,25.3,0.0,2.35,2.35,0.667,0.0,20.6,0.0,332.0,332.0,24.9,24.9,21.0,0.0,75.0,75.0,4.7,0.0,44.914863238409566,44.914863238409566,13.0,0.0,14.9,0.0,2.1872489815611473,2.1872489815611473
0.0,0.0,77.0,77.0,50.3,50.3,4.8,0.0,1908.0,0.0,20.5,0.0,180.0,0.0,6.1,6.1,2.28,2.28,3.16,0.0,848.0,848.0,40.4,0.0,31.9,31.9,54.6,54.6,81.1,81.1,0.7,0.0,232.0,0.0,0.0,0.0,15.5,0.0,7.5,7.5,0.0014,0.0,96.58168966242357,96.58168966242357,87.0,87.0,4689.797964037891,4689.797964037891,833.3666790569805,833.3666790569805,88.0,88.0,21.0,0.0,1466.0,0.0,28.0,0.0,3.46,3.46,0.593,0.0,19.9,0.0,127.0,0.0,21.0,0.0,71.0,71.0,60.7,0.0,23.6,0.0,41.75199404000861,41.75199404000861,7.0,7.0,15.2,0.0,2.007039682304042,0.0
0.0,0.0,22.1,0.0,34.2,0.0,13.0,0.0,3465.0,3465.0,39.5,39.5,6212.0,0.0,4.0,0.0,1.27,1.27,8.68,8.68,37.5,37.5,75.9,75.9,255.3,255.3,2.8,2.8,66.41541493404401,66.41541493404401,2.3,0.0,2000.0,0.0,0.0,0.0,22.6,22.6,0.2,0.0,0.0047,0.0,154.26,0.0,72.4,72.4,101758.86790244526,0.0,32103.0,32103.0,39.0,0.0,31.0,31.0,117182.0,0.0,89.3,89.3,1.37,0.0,0.93,0.93,31.1,31.1,83.0,83.0,8.65,0.0,3554.0,3554.0,82.4,82.4,8.6,8.6,50.0,50.0,18.0,18.0,141.7,0.0,2.0625380248456846,2.0625380248456846
0.0,0.0,66.0,66.0,30.8,0.0,7.5,7.5,3360.0,3360.0,34.3,34.3,896.0,896.0,4.0,0.0,0.13,0.0,6.08,6.08,350.43520327806084,350.43520327806084,66.5,66.5,303.72,303.72,9.7,9.7,86.9,86.9,58.8,58.8,390.0,390.0,0.0,0.0,21.7,21.7,2.1,0.0,0.8892637641075574,0.8892637641075574,45.25,0.0,17.0,0.0,5687.0,5687.0,3709.0,3709.0,50.0,0.0,35.0,35.0,5181.0,0.0,73.7,73.7,1.58,0.0,0.796,0.796,24.0,0.0,164.0,164.0,11.4,0.0,216.0,0.0,78.0,78.0,3.7,0.0,39.58473218258514,0.0,14.0,14.0,38.2,38.2,2.0222358961969373,0.0
0.0,0.0,57.0,57.0,37.9,37.9,6.7,6.7,2492.0,0.0,26.4,0.0,265.0,0.0,1.9,0.0,1.49,1.49,3.1,0.0,43.339383784704154,43.339383784704154,57.8,0.0,3.47,3.47,26.6,26.6,53.1,0.0,2.0,0.0,4668.379610402131,4668.379610402131,97.9,97.9,3.9,3.9,1.8,0.0,-1.653921437016363,0.0,86.31109961911085,0.0,1.0,0.0,10507.121058914316,0.0,-1559.231872100223,0.0,96.0,96.0,42.3,42.3,1513.0,0.0,32.8,0.0,2.45,2.45,0.593,0.0,21.0,0.0,220.0,220.0,26.8,26.8,34.0,34.0,70.1,0.0,5.5,0.0,42.43325130182323,42.43325130182323,14.0,14.0,13.9,0.0,2.050373866410105,2.050373866410105
0.0,0.0,72.0,72.0,54.0,54.0,2.4,0.0,2103.0,0.0,17.0,0.0,107.0,0.0,6.5,6.5,2.86,2.86,3.51,0.0,246.0,0.0,48.6,0.0,4.79,4.79,74.2,74.2,26.0,0.0,18.9,0.0,13137.590831298628,0.0,0.0,0.0,7.2,7.2,3.5,3.5,-0.6220751235941719,0.0,62.73998490513412,0.0,56.1,0.0,-5789.669055207138,0.0,550.0,550.0,86.0,86.0,29.4,0.0,449.0,0.0,19.2,0.0,4.71,4.71,0.446,0.0,18.7,0.0,63.0,63.0,23.8,23.8,20.0,0.0,58.1,0.0,23.2,0.0,40.93608611428026,0.0,16.0,16.0,5.6,5.6,1.895018433301571,0.0
0.0,0.0,45.0,0.0,57.1,57.1,4.8,0.0,2002.0,0.0,16.9,0.0,177.0,0.0,1.3,0.0,2.97,2.97,4.86,0.0,251.15947525704433,0.0,53.6,0.0,9.71,9.71,61.7,61.7,52.3,0.0,1.0,0.0,28984.09809053241,28984.09809053241,0.0,0.0,8.1,8.1,5.4,5.4,0.3106518876993327,0.3106518876993327,94.00112402267854,94.00112402267854,95.5,95.5,3301.9073741529137,3301.9073741529137,596.0,596.0,95.0,95.0,19.9,0.0,985.0,985.0,24.4,0.0,4.5,4.5,0.565,0.0,18.7,0.0,123.0,0.0,21.4,21.4,44.0,44.0,62.5,0.0,14.4,0.0,39.232717481756126,0.0,8.0,8.0,11.9,0.0,1.9596317778384738,0.0
0.0,0.0,38.0,0.0,48.2,48.2,4.0,0.0,2673.0,0.0,24.4,0.0,412.0,0.0,6.0,6.0,1.63,1.63,5.36,0.0,1235.0,0.0,60.2,0.0,91.33,91.33,16.8,16.8,66.3,66.3,0.3,0.0,102.0,0.0,0.1,0.1,21.4,21.4,36.3,36.3,0.49895372146747796,0.49895372146747796,38.55098833458749,0.0,88.0,88.0,-27691.683797787206,0.0,2420.0,0.0,83.4959383226675,83.4959383226675,17.026964494064543,0.0,2406.0,0.0,29.0,0.0,2.39,2.39,0.621,0.0,21.2,0.0,237.0,237.0,23.5,23.5,37.0,37.0,71.9,0.0,2.6,0.0,34.80962601857836,0.0,11.261953570159598,0.0,24.7,0.0,2.1822425233615044,2.1822425233615044
0.0,0.0,112.0,0.0,29.0,0.0,6.2,0.0,2729.0,0.0,27.3,0.0,268.0,0.0,6.1,6.1,1.44,1.44,4.21,0.0,329.6827517189962,329.6827517189962,55.52181950971543,0.0,210.92,210.92,18.3,18.3,92.5,92.5,85.0,85.0,1455.0,0.0,0.0,0.0,16.6,0.0,2.2,0.0,0.0027,0.0,48.12,0.0,14.2,0.0,104.0,0.0,162.0,0.0,72.0,0.0,31.4,31.4,1186.0,0.0,35.4,0.0,3.0,3.0,0.692,0.0,21.8,0.0,161.0,161.0,2.1,0.0,76.0,76.0,74.2,0.0,8.3,0.0,41.83986821116281,41.83986821116281,14.0,14.0,39.0,39.0,1.9336549815629716,0.0
0.0,9.7611806408e-313,73.0,73.0,33.0,0.0,6.82799662385053,6.82799662385053,3072.0,3072.0,39.0,39.0,1065.0,0.0,3.3,0.0,0.08,0.0,5.89,5.89,269.2829923614556,0.0,71.1,71.1,157.93,157.93,6.1,6.1,85.78835850111496,85.78835850111496,33.3,0.0,24115.338237346194,0.0,0.0,0.0,22.4,22.4,1.2,0.0,0.00068,0.0,37.2,0.0,70.7,70.7,39394.626979113,39394.626979113,2418.0,0.0,76.0,0.0,41.53501416370103,41.53501416370103,5886.0,5886.0,75.6,75.6,1.3,0.0,0.77,0.77,26.0,26.0,105.0,0.0,9.8,0.0,540.0,540.0,74.8,74.8,7.2,0.0,35.81373132978933,0.0,14.0,14.0,35.4,0.0,2.0416878439558994,0.0
0.0,0.0,24.0,0.0,46.6,46.6,8.9,8.9,2733.0,0.0,18.5,0.0,138.0,0.0,3.1,0.0,2.56,2.56,2.77,0.0,389.0,389.0,52.4,0.0,15.27,15.27,74.8,74.8,26.1,0.0,30.0,0.0,13279.455850885337,0.0,0.0,0.0,11.4,0.0,1.4,0.0,0.412012092467128,0.412012092467128,109.20260590568898,0.0,73.0,73.0,2596.0,0.0,785.0,785.0,96.0,96.0,12.8,0.0,1502.0,0.0,20.5,0.0,4.44,4.44,0.576,0.0,19.0,0.0,124.0,0.0,24.6,24.6,86.0,86.0,62.4,0.0,15.9,0.0,40.41292618229588,0.0,10.0,0.0,14.4,0.0,2.123323231040894,2.123323231040894
9.76118064096e-313,2.37e-322,21.0,0.0,36.7,36.7,0.1,0.0,2154.0,0.0,18.21455502894711,0.0,117.90366311232128,0.0,5.2,5.2,2.33,2.33,1.95,0.0,1294.0,0.0,52.16209194093227,0.0,43.97,43.97,58.4,58.4,13.7,0.0,97.2,97.2,-2116.36842425706,0.0,0.0,0.0,17.1,0.0,6.8,6.8,0.2605026678947979,0.2605026678947979,95.74375902687859,95.74375902687859,0.01,0.0,2080.0,0.0,3016.651832857311,3016.651832857311,98.0,98.0,27.3,0.0,937.0,937.0,22.9,0.0,3.61,3.61,0.455,0.0,23.0,0.0,53.0,53.0,23.85,23.85,35.0,35.0,66.6,0.0,7.1,0.0,43.85271274844463,43.85271274844463,7.0,7.0,14.7,0.0,2.109247878414975,2.109247878414975
0.0,0.0,2.0,0.0,40.9,40.9,1.0,0.0,3087.0,3087.0,31.7,31.7,1115.0,0.0,4.0,0.0,1.04,0.0,2.2,0.0,1.9,0.0,51.1,0.0,46.69,46.69,13.9,0.0,36.8,0.0,99.4,99.4,102691.0,0.0,0.0,0.0,25.8,25.8,2.5,2.5,0.064,0.064,98.89470509366583,98.89470509366583,0.95,0.0,29617.0,29617.0,7587.0,7587.0,78.0,0.0,21.5,0.0,11183.0,0.0,88.8,88.8,2.14,0.0,0.774,0.774,23.8,0.0,228.0,228.0,17.25,0.0,863.0,863.0,77.3,77.3,5.1,0.0,37.01829832029543,0.0,12.0,0.0,23.1,0.0,2.3,2.3
5.43e-322,0.0,22.0,0.0,33.7,0.0,0.8,0.0,3149.0,3149.0,32.6,32.6,507.0,0.0,2.5,0.0,0.98,0.0,2.68,0.0,725.0,725.0,65.4,65.4,152.07,152.07,20.4,20.4,98.4,98.4,97.3,97.3,542.0,542.0,0.0,0.0,19.9,0.0,2.3,0.0,0.049,0.049,66.75813998292773,0.0,3.1,0.0,69648.0,69648.0,2118.0,0.0,36.0,0.0,28.7,0.0,4202.0,0.0,75.3,75.3,1.7,0.0,0.745,0.0,23.7,0.0,208.0,208.0,11.95,0.0,174.0,0.0,71.4,0.0,4.0,0.0,43.15064915797784,43.15064915797784,14.0,14.0,15.9,0.0,2.397375857353752,2.397375857353752
0.0,0.0,70.0,70.0,26.0,0.0,15.2,0.0,2383.0,0.0,37.7,37.7,827.0,0.0,6.7,6.7,-0.24,0.0,5.78,5.78,136.31273045818938,0.0,59.1,0.0,155.18,155.18,14.4,0.0,95.8,95.8,0.4,0.0,20529.712282311913,0.0,-16.320985598174524,0.0,18.9,0.0,4.1,4.1,0.013,0.0,114.01,0.0,95.3,95.3,-12149.088531767396,0.0,1883.0,0.0,21.0,0.0,25.3,0.0,2954.0,0.0,100.7,0.0,1.28,0.0,0.767,0.767,25.8,25.8,182.0,182.0,9.45,0.0,211.0,0.0,73.3,0.0,12.2,0.0,50.92159090940983,50.92159090940983,14.0,14.0,22.7,0.0,1.8660874190487475,0.0
0.0,0.0,64.0,64.0,59.1,59.1,9.8,9.8,2469.0,0.0,21.8,0.0,874.0,0.0,8.4,8.4,2.12,2.12,6.52,6.52,357.8533763263975,357.8533763263975,58.7,0.0,73.05,73.05,42.4,42.4,56.7,0.0,0.4,0.0,106.0,0.0,0.0,0.0,17.2,0.0,11.9,0.0,0.00068,0.0,96.44563138874929,96.44563138874929,90.0,90.0,-16378.747905751341,0.0,2449.650731645761,0.0,92.0,92.0,25.6,0.0,4215.0,0.0,36.9,0.0,3.29,3.29,0.615,0.0,29.2,29.2,295.0,295.0,19.95,0.0,205.0,0.0,64.6,0.0,13.5,0.0,34.6036708544496,0.0,7.0,7.0,34.0,0.0,2.072047264934561,2.072047264934561
0.0,0.0,33.0,0.0,43.6,43.6,4.8,0.0,2412.0,0.0,25.3,0.0,573.0,0.0,7.3,7.3,1.47,1.47,5.08,0.0,215.15962540727037,0.0,42.3,0.0,46.04,46.04,26.0,26.0,67.5,67.5,0.0,0.0,1578.0,0.0,0.0,0.0,20.2,0.0,6.2,6.2,0.0034,0.0,64.69691243888354,0.0,89.0,89.0,2681.0,0.0,4071.0,4071.0,89.0,89.0,32.1,32.1,3133.0,0.0,40.1,0.0,2.65,2.65,0.692,0.0,24.1,0.0,164.0,164.0,21.55,21.55,38.0,38.0,72.1,0.0,6.8,0.0,37.56751901139823,0.0,14.0,14.0,50.0,50.0,1.9839410041781889,0.0
0.0,0.0,24.0,0.0,42.7,42.7,9.5,9.5,1981.0,0.0,15.7,0.0,95.0,95.0,2.6,0.0,3.23,3.23,4.94,0.0,143.0,0.0,59.7,0.0,37.27,37.27,45.8,45.8,36.1,0.0,14.0,0.0,288.0,288.0,0.0,0.0,5.3,5.3,9.7,9.7,-0.7461526191269794,0.0,60.57914372442684,0.0,88.6,88.6,1252.1342621521617,0.0,426.0,426.0,93.0,93.0,24.7,0.0,846.0,846.0,22.2,0.0,4.7,4.7,0.525,0.0,18.2,0.0,124.0,0.0,22.8,22.8,53.0,53.0,66.7,0.0,10.4,0.0,43.38437624961411,43.38437624961411,12.0,0.0,11.7,0.0,1.9069834543502007,0.0
0.0,0.0,42.0,0.0,38.1,38.1,0.7,0.0,2545.0,0.0,19.4,0.0,153.0,0.0,4.8,4.8,2.77,2.77,5.67,0.0,218.3963930701342,0.0,56.3,0.0,16.86,16.86,45.3,45.3,21.5,0.0,97.2,97.2,3555.6446544911596,3555.6446544911596,0.3,0.3,8.8,8.8,0.3,0.0,-0.3214829971347992,0.0,75.55665603629143,0.0,4.2,0.0,39237.10708172535,39237.10708172535,686.0,686.0,96.0,96.0,14.3,0.0,1458.0,0.0,27.8,0.0,4.49,4.49,0.511,0.0,22.2,0.0,68.0,68.0,27.85,27.85,54.0,54.0,68.6,0.0,11.0,0.0,38.85802060285885,0.0,13.0,0.0,17.7,0.0,2.09027225695679,2.09027225695679
0.0,0.0,102.0,0.0,25.2,0.0,5.5,0.0,2997.0,2997.0,36.6,36.6,1356.0,0.0,2.3,0.0,0.15,0.0,5.35,0.0,359.1939608880052,359.1939608880052,67.7,67.7,209.03,209.03,11.8,0.0,98.9,98.9,0.03,0.0,396.0,396.0,0.0,0.0,20.2,0.0,1.8,0.0,0.00068,0.0,74.53736796410652,0.0,97.9,97.9,19474.74894041248,0.0,1787.0,0.0,79.0,0.0,32.0,32.0,4266.0,0.0,73.2,73.2,1.76,0.0,0.759,0.759,26.3,26.3,74.0,74.0,7.15,0.0,396.0,396.0,76.0,76.0,2.7,0.0,39.00581578115653,0.0,14.0,14.0,27.7,0.0,1.864814090779174,0.0
0.0,0.0,17.0,0.0,30.7,0.0,4.8,0.0,2673.0,0.0,30.22080110683233,30.22080110683233,229.0,0.0,2.2,0.0,0.9,0.0,3.04,0.0,271.4465692008845,0.0,53.6,0.0,31.48,31.48,44.7,44.7,58.2,0.0,-8.137500945344101,0.0,3660.0,3660.0,89.9,89.9,7.290871204363798,7.290871204363798,2.3,0.0,-1.3537341584304254,0.0,111.30897435422509,0.0,6.2,0.0,138.0,0.0,691.0,691.0,96.0,96.0,66.9,66.9,1292.0,0.0,30.4,0.0,2.12,0.0,0.585,0.0,20.5,0.0,171.0,171.0,13.05,0.0,18.0,0.0,69.1,0.0,3.0,0.0,46.08032927403545,46.08032927403545,7.0,7.0,10.7,0.0,2.0716008166874365,2.0716008166874365
0.0,0.0,24.0,0.0,37.5,37.5,0.3,0.0,2726.0852545343,0.0,23.5,0.0,1112.2789409947231,0.0,5.1,5.1,0.2,0.0,1.43,0.0,3753.0,3753.0,66.62464164253558,66.62464164253558,111.43,111.43,21.5,21.5,39.0,0.0,86.0,86.0,1138.0,0.0,0.9823527480379006,0.9823527480379006,27.8,27.8,0.9,0.0,0.00068,0.0,117.51332795281797,0.0,10.0,0.0,1544.0,0.0,96.0,96.0,89.0,89.0,36.1450782126606,36.1450782126606,890.0,890.0,29.3,0.0,2.73,2.73,0.577,0.0,26.3,26.3,60.0,60.0,17.75,0.0,40.0,40.0,72.7,0.0,2.1,0.0,48.855725637095446,48.855725637095446,10.0,0.0,21.2,0.0,2.279493989290776,2.279493989290776
0.0,0.0,35.0,0.0,38.0,38.0,11.5,0.0,2633.0,0.0,21.0,0.0,401.0,0.0,2.7,0.0,2.17,2.17,3.54,0.0,-70.92052194141695,0.0,56.3,0.0,30.16,30.16,42.5,42.5,60.6,0.0,10.0,0.0,-4138.665827623394,0.0,-1.9081076049030194,0.0,15.0,0.0,8.865784486345092,8.865784486345092,0.8384230676918012,0.8384230676918012,75.72983040877375,0.0,88.0,88.0,78388.0,78388.0,3246.0,3246.0,81.05083080091,81.05083080091,15.526855864506945,0.0,6789.0,6789.0,44.4,0.0,3.87,3.87,0.706,0.0,20.4,0.0,241.0,241.0,25.05,25.05,85.0,85.0,66.5,0.0,13.1,0.0,42.996135805966404,42.996135805966404,13.0,0.0,46.0,46.0,2.3021735035153092,2.3021735035153092
0.0,0.0,23.0,0.0,33.0,0.0,6.4,6.4,3307.0,3307.0,43.3,43.3,1297.0,0.0,4.160255347945162,0.0,-0.22,0.0,4.84,0.0,305.2239472570195,0.0,61.9,61.9,174.03,174.03,5.9,5.9,86.0,86.0,50.7,50.7,43007.640903481355,43007.640903481355,-0.7259756433329194,0.0,17.9,0.0,1.2,0.0,0.0034,0.0,44.85,0.0,45.94,0.0,6821.462644720392,6821.462644720392,3949.0,3949.0,75.0,0.0,46.6,46.6,6035.0,6035.0,70.9,70.9,1.24,0.0,0.78,0.78,27.1,27.1,83.0,83.0,9.85,0.0,474.0,474.0,76.8,76.8,8.3,0.0,35.77416628566092,0.0,14.0,14.0,21.4,0.0,2.003250092477479,0.0
0.0,0.0,100.0,0.0,39.112989264185686,39.112989264185686,9.6,9.6,2956.0,2956.0,39.5,39.5,1080.0,0.0,4.7,4.7,0.24,0.0,6.144601694006602,6.144601694006602,3.71106282032801,0.0,64.7,64.7,110.48,0.0,12.7,0.0,98.5,98.5,1.5,0.0,-291.4401508393639,0.0,0.0,0.0,23.1,23.1,9.8,9.8,0.00068,0.0,105.71,0.0,74.0,74.0,3546.0,3546.0,6500.0,6500.0,60.851010238048325,0.0,10.2,0.0,15449.0,0.0,83.1,83.1,1.63,0.0,0.79,0.79,31.8,31.8,296.0,296.0,26.0,26.0,542.0,542.0,76.0,76.0,0.3,0.0,31.75574099007636,0.0,12.832319880906217,0.0,88.7,88.7,2.0966019498417316,2.0966019498417316
0.0,0.0,151.0,0.0,36.8,36.8,8.0,8.0,3500.0,3500.0,39.6,39.6,1769.0,0.0,5.29431719733115,5.29431719733115,0.04,0.0,5.77,0.0,114.26515156291038,0.0,60.5,0.0,349.21,349.21,2.3,2.3,93.9,93.9,19.1,0.0,11646.194335413427,0.0,0.0,0.0,23.3,23.3,2.9,2.9,-1.0814159068622136,0.0,64.44,0.0,78.8,78.8,-3195.053943293926,0.0,6387.0,6387.0,71.0,0.0,38.7,38.7,7626.0,7626.0,80.4,80.4,1.75,0.0,0.832,0.832,28.6,28.6,172.0,172.0,10.55,0.0,1006.0,0.0,75.9,75.9,16.2,0.0,37.88755505361496,0.0,14.0,14.0,56.2597920944454,56.2597920944454,1.893239088996691,0.0
0.0,0.0,41.0,0.0,42.6,42.6,1.9,0.0,1938.0,0.0,20.3,0.0,68.0,0.0,2.8,0.0,2.67,2.67,5.7,0.0,216.75224965506874,0.0,56.6,0.0,24.84,24.84,50.6,50.6,49.4,0.0,10.0,0.0,119.0,0.0,0.0,0.0,5.3,5.3,2.6562240768645164,2.6562240768645164,0.00068,0.0,41.4,0.0,85.0,85.0,-44333.865005428466,0.0,376.0,376.0,93.0,93.0,46.7,46.7,470.0,0.0,8.7,8.7,3.98,3.98,0.501,0.0,18.4,0.0,102.0,0.0,22.65,22.65,15.0,0.0,65.3,0.0,9.2,9.2,40.09912008191833,0.0,13.0,0.0,17.6,0.0,1.7904276831559285,0.0
0.0,0.0,2.0,0.0,27.6,0.0,0.9,0.0,3322.0,3322.0,28.9,0.0,741.0,0.0,4.3,0.0,1.67,1.67,3.77,0.0,277.66495919373835,0.0,46.2,0.0,141.53,141.53,23.3,23.3,19.5,0.0,99.0,99.0,3955.0,3955.0,0.0,0.0,27.4,27.4,1.3,0.0,1.2452921620918271,1.2452921620918271,66.45724698712507,0.0,0.01,0.0,24959.0,0.0,1777.0,0.0,95.0,95.0,22.2,0.0,3368.0,0.0,59.6,0.0,2.94,2.94,0.745,0.0,28.2,28.2,153.0,153.0,22.5,22.5,176.0,0.0,77.1,77.1,2.6,0.0,37.42599726091663,0.0,13.0,0.0,18.4,0.0,2.2096346587699416,2.2096346587699416
0.0,0.0,26.0,0.0,36.1,0.0,1.3,0.0,2873.0,0.0,16.1,0.0,84.0,0.0,3.1,0.0,2.99,2.99,3.93,0.0,164.0,0.0,58.1,0.0,98.68,98.68,94.0,94.0,13.6,0.0,95.0,95.0,14.0,0.0,0.0,0.0,8.6,8.6,-0.6940180712799839,0.0,2.078989560485306,2.078989560485306,77.68637314731234,0.0,2.4,0.0,36543.89432554267,36543.89432554267,616.0,616.0,95.0,95.0,16.3,0.0,856.0,856.0,10.8,0.0,5.69,5.69,0.428,0.0,18.8,0.0,33.0,33.0,28.25,28.25,16.0,0.0,62.8,0.0,8.0,0.0,36.62644148924811,0.0,13.0,0.0,19.0,0.0,2.1033696963000215,2.1033696963000215
0.0,0.0,76.0,76.0,32.6,0.0,0.0,0.0,2877.0,2877.0,21.0,0.0,188.0,0.0,2.6,0.0,2.69,2.69,3.92,0.0,443.30767382666,443.30767382666,55.7,0.0,160.82,160.82,72.9,72.9,26.6,0.0,100.0,0.0,-12775.803358952398,0.0,-4.28713120991004,0.0,12.7,0.0,1.7183277919538718,0.0,1.3595179135106399,1.3595179135106399,84.3997998789203,0.0,0.14,0.0,53149.444872789056,53149.444872789056,982.0,982.0,97.0,97.0,21.3,0.0,1702.0,0.0,19.9,0.0,4.45,4.45,0.556,0.0,19.0,0.0,53.0,53.0,27.65,27.65,20.0,0.0,68.4,0.0,5.5,0.0,39.21107107004282,0.0,7.0,7.0,29.9,0.0,2.1072133714138808,2.1072133714138808
0.0,1.18831764294e-312,9.0,9.0,36.779911154747225,36.779911154747225,0.0,0.0,2982.3004745726334,2982.3004745726334,25.8,0.0,962.2707234584941,962.2707234584941,2.3,0.0,1.33,1.33,1.95,0.0,405.0,405.0,57.721678043957986,0.0,75.0,75.0,11.5,0.0,24.2,0.0,97.0,97.0,26.0,0.0,0.3,0.3,32.5,32.5,-0.3345477508276975,0.0,0.14536752258508834,0.14536752258508834,48.23885097917514,0.0,2.7,0.0,181710.0,0.0,1169.0,0.0,102.1527483800224,0.0,21.65869977389159,0.0,4243.0,0.0,20.6,0.0,2.17,0.0,0.718,0.0,29.2,29.2,139.0,139.0,21.8,21.8,97.0,97.0,75.8,75.8,4.5,0.0,40.63782152984513,0.0,14.0,14.0,28.6,0.0,2.4809825998954986,2.4809825998954986
0.0,0.0,16.0,0.0,32.8,0.0,2.0,0.0,2769.0,0.0,25.3,0.0,172.0,0.0,5.2,5.2,1.09,0.0,5.22,0.0,117.20987069892806,0.0,53.8,0.0,52.1,52.1,30.8,30.8,20.8,0.0,4.2,0.0,74994.71161420319,74994.71161420319,10.3,10.3,4.1,4.1,2.3,0.0,4.572778196219989,4.572778196219989,68.34433915068712,0.0,0.9,0.0,-41498.09495417189,0.0,1524.0,0.0,93.0,93.0,64.5,64.5,1135.0,0.0,53.9,0.0,1.84,0.0,0.602,0.0,20.1,0.0,86.0,86.0,8.1,0.0,84.0,84.0,70.9,0.0,9.8,9.8,44.98566795919058,44.98566795919058,10.0,0.0,10.0,0.0,2.0511880106698857,2.0511880106698857
9.7611806408e-313,2.8e-322,26.0,0.0,47.3,47.3,8.2,8.2,2737.0,0.0,17.9,0.0,105.0,0.0,4.2,0.0,2.87,2.87,3.73,0.0,335.0,335.0,59.4,0.0,29.79,29.79,87.5,87.5,8.4,8.4,63.8,63.8,12.0,0.0,0.0,0.0,5.6,5.6,1.3,0.0,-0.0790151143661042,0.0,85.74382425836905,0.0,22.0,0.0,23527.636466077092,0.0,750.0,750.0,88.0,88.0,29.8,0.0,831.0,831.0,13.8,0.0,5.03,5.03,0.449,0.0,17.9,0.0,37.0,37.0,28.29,28.29,30.0,30.0,62.7,0.0,14.4,0.0,39.09579973845903,0.0,13.0,0.0,11.2,0.0,2.070556434913456,2.070556434913456
0.0,0.0,36.0,0.0,37.3,37.3,0.5,0.0,2601.0,0.0,14.8,0.0,65.0,0.0,3.5,0.0,3.81,3.81,3.29,0.0,395.2498336440407,395.2498336440407,51.6,0.0,58.92,58.92,80.4,80.4,13.7,0.0,98.3,98.3,1731.3490505067166,0.0,-0.5292753459268802,0.0,5.5,5.5,4.4,4.4,1.2048605608276155,1.2048605608276155,77.06670064435667,0.0,0.5,0.0,324.0,324.0,650.0,650.0,98.0,98.0,9.7,9.7,568.0,568.0,8.7,8.7,6.74,6.74,0.4,0.0,17.2,0.0,47.0,47.0,27.15,27.15,8.0,8.0,63.3,0.0,10.1,0.0,38.69879587144478,0.0,13.0,0.0,11.2,0.0,2.0374051319252984,0.0
0.0,0.0,180.0,0.0,32.1,0.0,13.8,0.0,2703.416602256588,0.0,36.8,36.8,1395.0,0.0,4.4,4.4,0.5,0.0,6.363850514712924,6.363850514712924,-10.263313257869896,0.0,61.4,61.4,79.23,79.23,14.2,0.0,71.5,71.5,1.1,0.0,-3620.920280926075,0.0,0.0,0.0,14.0,0.0,12.5,0.0,-2.4117778836730093,0.0,100.20958533831981,0.0,94.7,94.7,-21384.4149006535,0.0,3282.0,3282.0,69.8714404477875,0.0,28.7,0.0,10767.0,0.0,52.3,0.0,2.29,2.29,0.785,0.785,25.2,25.2,324.0,324.0,27.15,27.15,1119.0,0.0,73.3,0.0,7.7,0.0,40.41977501921221,0.0,7.0,7.0,51.1,51.1,2.0240394500073857,0.0
0.0,0.0,29.0,0.0,43.7,43.7,9.0,9.0,2188.0,0.0,19.7,0.0,141.0,0.0,3.1,0.0,2.36,2.36,3.1,0.0,-144.92017696157168,0.0,71.1,71.1,7.23,7.23,34.3,34.3,24.3,0.0,4.8,0.0,21851.056625639103,0.0,8.7088532338257,8.7088532338257,5.8,5.8,2.6,2.6,0.8317656201953678,0.8317656201953678,102.2059381406724,0.0,93.6,93.6,-92550.29270443376,0.0,-3366.9564849852213,0.0,95.0,95.0,24.8,0.0,798.0,798.0,19.7,0.0,3.93,3.93,0.534,0.0,20.6,0.0,511.0,511.0,17.85,0.0,55.0,55.0,69.1,0.0,9.5,9.5,47.44629368803564,47.44629368803564,14.0,14.0,4.4,4.4,2.1014938400446175,2.1014938400446175
0.0,0.0,26.0,0.0,37.8,37.8,3.0,0.0,2755.0,0.0,17.0,0.0,77.0,0.0,4.0,0.0,2.73,2.73,4.58,0.0,82.85469798184168,82.85469798184168,55.3,0.0,8.4,8.4,90.3,90.3,7.0,7.0,27.7,0.0,84.0,84.0,0.0,0.0,9.6,9.6,1.1,0.0,2.434830132453275,2.434830132453275,102.03156948185796,0.0,42.8,0.0,4321.129113135277,4321.129113135277,865.0,865.0,93.0,93.0,16.7,0.0,1254.0,0.0,12.1,0.0,4.7,4.7,0.525,0.0,18.7,0.0,70.0,70.0,27.55,27.55,50.0,50.0,63.4,0.0,12.7,0.0,40.45009013083692,0.0,13.0,0.0,16.2,0.0,2.104826152006597,2.104826152006597
0.0,0.0,38.0,0.0,34.0,0.0,3.3,0.0,2109.0,0.0,25.3,0.0,245.0,0.0,5.2,5.2,2.06,2.06,1.94,0.0,796.9657948350487,796.9657948350487,55.6,0.0,54.54,54.54,33.8,33.8,98.1,98.1,97.9,97.9,132.0,0.0,0.0,0.0,14.2,0.0,0.9,0.0,0.39167212861170775,0.39167212861170775,73.04552737584834,0.0,1.4,0.0,33.0,33.0,265.0,265.0,85.0,85.0,34.532636050069335,34.532636050069335,838.0,838.0,20.1,0.0,3.52,3.52,0.685,0.0,22.5,0.0,121.0,0.0,6.4,0.0,34.0,34.0,69.5,0.0,5.3,0.0,38.36165723139842,0.0,14.0,14.0,8.7,8.7,2.0455935901417672,0.0
0.0,0.0,108.0,0.0,37.4,37.4,0.6,0.0,2922.2639760456773,2922.2639760456773,29.1,0.0,364.0,0.0,6.6,6.6,1.18,0.0,5.71,0.0,0.0,0.0,62.9,62.9,21.63379915848381,21.63379915848381,28.5,28.5,14.9,0.0,0.2,0.0,50588.88065440858,50588.88065440858,74.7,74.7,6.4,6.4,2.5,2.5,-2.200643194019447,0.0,128.8734257623231,0.0,1.0,0.0,-31582.165971434675,0.0,609.0,609.0,96.00866391259748,96.00866391259748,47.15377111387674,47.15377111387674,3218.0,0.0,50.0,0.0,1.93,0.0,0.666,0.0,22.8,0.0,145.0,145.0,7.4,0.0,265.0,265.0,73.1,0.0,5.1,0.0,46.490692406143914,46.490692406143914,10.0,0.0,3.0,0.0,1.9672612685476256,0.0
0.0,0.0,24.0,0.0,41.1,41.1,5.8,0.0,2121.0,0.0,24.1,0.0,137.0,0.0,2.5,0.0,1.2,0.0,4.22,0.0,34.0,34.0,52.7,0.0,18.98,18.98,62.8,62.8,8.5,8.5,0.0,0.0,-12260.587944799743,0.0,0.0,0.0,22.7,22.7,6.7,6.7,-3.4568252456577024,0.0,88.62512251282266,88.62512251282266,96.0,96.0,41650.89693134438,41650.89693134438,1014.0,0.0,85.0,85.0,12.3,0.0,1360.0,0.0,11.8,0.0,2.84,2.84,0.535,0.0,23.7,0.0,97.0,97.0,24.9,24.9,11.0,0.0,64.1,0.0,11.2,0.0,44.932429631676015,44.932429631676015,10.837191760798637,0.0,15.3,0.0,1.911186426193598,0.0
0.0,0.0,39.0,0.0,38.5,38.5,3.7,0.0,2392.0,0.0,16.8,0.0,104.0,0.0,4.0,0.0,2.87,2.87,5.74,0.0,208.93165115535328,0.0,51.4,0.0,7.98,7.98,41.6,41.6,35.1,0.0,20.0,0.0,117.0,0.0,0.0,0.0,5.8,5.8,1.8,0.0,-0.7596500456825819,0.0,64.83341618826876,0.0,81.95,81.95,3388.8669471565227,3388.8669471565227,266.0,266.0,97.0,97.0,24.1,0.0,615.0,615.0,12.9,0.0,4.05,4.05,0.512,0.0,17.9,0.0,71.0,71.0,21.9,21.9,50.0,50.0,65.6,0.0,10.6,0.0,43.36114720785197,43.36114720785197,7.0,7.0,5.1,5.1,1.9643164710989807,0.0
0.0,0.0,18.0,0.0,37.5,37.5,1.5,0.0,2115.0,0.0,16.1,0.0,72.0,0.0,2.9,0.0,3.01,3.01,1.55,0.0,209.0,0.0,49.9,0.0,20.63,20.63,113.8,0.0,7.0,7.0,58.0,58.0,-1012.9996059977566,0.0,0.0,0.0,6.1,6.1,7.495810162032005,7.495810162032005,-0.3264295699110864,0.0,119.2246407181579,0.0,35.0,0.0,5228.0,5228.0,1298.0,0.0,95.0,95.0,13.9,0.0,679.0,679.0,5.6,0.0,5.55,5.55,0.394,0.0,18.8,0.0,59.0,59.0,26.55,26.55,4.0,4.0,59.6,0.0,13.2,0.0,42.93459157153711,42.93459157153711,13.0,0.0,14.3,0.0,1.9314571971776098,0.0
0.0,0.0,8.0,8.0,53.3,53.3,8.4,8.4,2342.0,0.0,25.7,0.0,929.0,929.0,7.8,7.8,1.79,1.79,7.62,7.62,500.6115583509097,500.6115583509097,69.5,69.5,117.74,117.74,41.6,41.6,40.7,0.0,0.4,0.0,158.0,0.0,0.0,0.0,18.9,0.0,15.2,0.0,0.00068,0.0,77.06163980378909,0.0,71.6,71.6,22007.313838284055,0.0,1933.0,0.0,77.0,0.0,33.2,33.2,6711.0,6711.0,36.7,0.0,2.8,2.8,0.693,0.0,26.4,26.4,208.0,208.0,21.5,21.5,332.0,332.0,62.2,0.0,20.2,0.0,37.822533580266885,0.0,8.0,8.0,27.3,0.0,2.045131941329831,0.0
0.0,0.0,99.0,99.0,42.4,42.4,5.7,0.0,2541.0,0.0,26.8,0.0,347.0,0.0,5.2,5.2,1.25,1.25,7.65,7.65,-309.3341881691347,0.0,62.41788393536015,62.41788393536015,115.64,115.64,14.9,14.9,36.8,0.0,2.0,0.0,5356.606094234565,5356.606094234565,0.732044666779263,0.732044666779263,11.8,0.0,6.5,6.5,-1.6967604796593445,0.0,53.79205622584311,0.0,89.1,89.1,-39489.662554953946,0.0,1673.0,0.0,84.75597166396132,84.75597166396132,20.6,0.0,3064.0,0.0,37.08083648951958,0.0,2.21,2.21,0.662,0.0,21.5,0.0,296.0,296.0,23.3,23.3,119.0,0.0,71.87759005491176,0.0,15.2,0.0,44.01971615966417,44.01971615966417,16.0,16.0,26.3,0.0,1.910205195182969,0.0
0.0,0.0,36.0,0.0,35.7,0.0,5.7,0.0,2369.0,0.0,19.1,0.0,137.0,0.0,4.6,4.6,2.12,2.12,4.86,0.0,358.44270695946824,358.44270695946824,47.5,0.0,7.0,7.0,109.2,0.0,3.7,0.0,78.6,78.6,-9422.310230601579,0.0,0.3,0.3,8.7,8.7,1.7,0.0,-0.6363678498490426,0.0,96.17241794325213,96.17241794325213,15.45,0.0,-43028.39504143267,0.0,575.0,575.0,90.56109154171708,90.56109154171708,43.7,43.7,475.0,0.0,11.9,0.0,4.08,4.08,0.477,0.0,23.1,0.0,60.0,60.0,26.05,26.05,25.0,0.0,60.8,0.0,11.3,0.0,39.911216332212604,0.0,14.0,14.0,6.1,6.1,1.8864650017539408,0.0
0.0,0.0,71.0,71.0,41.6,41.6,0.5,0.0,2694.0,0.0,24.9,0.0,110.0,0.0,8.4,8.4,1.51,1.51,2.71,0.0,606.3479568831561,606.3479568831561,47.1,0.0,59.81,59.81,57.5,57.5,35.18568396715172,0.0,97.0,97.0,-1255.16173717755,0.0,-4.710221898098219,0.0,13.5,0.0,6.75193733248054,6.75193733248054,-2.2088048728755663,0.0,77.31931911001351,0.0,6.0,0.0,51393.2441146723,51393.2441146723,-854.6036292669196,0.0,96.0,96.0,25.837526761195438,0.0,3465.0,0.0,48.2,0.0,2.63,2.63,0.509,0.0,26.9,26.9,71.0,71.0,28.0,28.0,36.0,36.0,65.8,0.0,11.9,0.0,34.431606325826735,0.0,13.0,0.0,17.1,0.0,2.0771429160303043,2.0771429160303043
0.0,0.0,20.0,0.0,29.6,0.0,1.3,0.0,2746.0,0.0,19.1,0.0,95.0,95.0,2.2,0.0,2.57,2.57,3.08,0.0,416.1611431641685,416.1611431641685,55.7,0.0,20.62,20.62,98.8,98.8,13.1,0.0,89.1,89.1,-2212.3924664948136,0.0,0.0,0.0,7.7,7.7,0.849923713544741,0.0,0.5300476709233504,0.5300476709233504,103.49253805367812,0.0,8.9,8.9,13014.86447031959,0.0,1016.213268274907,0.0,96.0,96.0,23.578720676671267,0.0,1179.0,0.0,10.7,0.0,4.55,4.55,0.465,0.0,19.8,0.0,28.0,28.0,25.7,25.7,11.0,0.0,61.0,0.0,12.3,0.0,40.550417228792185,0.0,10.0,0.0,6.5,6.5,2.094388366849983,2.094388366849983
0.0,0.0,75.0,75.0,49.8,49.8,6.7,6.7,2775.0,0.0,23.9,0.0,426.0,0.0,7.4,7.4,2.05,2.05,5.553834801232166,0.0,230.56695651895154,0.0,55.4,0.0,80.3,80.3,12.3,0.0,44.8,0.0,0.2,0.0,1201.6451379172504,0.0,0.5,0.5,24.1,24.1,25.7,25.7,-0.07115505543498735,0.0,49.44,0.0,76.7,76.7,2391.0,0.0,5850.0,5850.0,62.0,0.0,15.0,0.0,3988.0,0.0,44.1,0.0,2.25,2.25,0.683,0.0,28.6,28.6,307.0,307.0,25.35,25.35,114.0,0.0,74.4,74.4,7.7,0.0,39.76190378002505,0.0,7.0,7.0,74.7,74.7,2.1863485583125684,2.1863485583125684
0.0,0.0,7.0,7.0,34.04110164422325,0.0,0.2,0.0,2040.0,0.0,19.5,0.0,300.0,0.0,4.1,0.0,2.41,2.41,2.85,0.0,1180.0,0.0,51.5,0.0,62.23,62.23,60.3,60.3,20.3,0.0,99.7,99.7,2795.0,0.0,0.0,0.0,5.5,5.5,6.7,6.7,-0.8926977989431215,0.0,76.27518639165015,0.0,0.02,0.0,-55979.8665432751,0.0,858.0,858.0,97.0,97.0,36.9,36.9,508.0,0.0,10.1,0.0,4.18,4.18,0.478,0.0,15.5,0.0,87.0,87.0,12.6,0.0,9.0,9.0,63.2,0.0,6.0,0.0,45.7340503198567,45.7340503198567,12.0,0.0,-3.3524003508126725,0.0,1.8959871873378271,0.0
0.0,0.0,30.0,0.0,57.9,57.9,5.1,0.0,2698.0,0.0,31.0,31.0,1263.0,0.0,6.300744707086929,6.300744707086929,0.87,0.0,6.82,6.82,56.3781154869706,56.3781154869706,48.1,0.0,48.97,48.97,18.0,18.0,76.0,76.0,14.3,0.0,47.0,47.0,0.6,0.6,26.4,26.4,5.4,5.4,0.0014,0.0,69.7354804090939,0.0,50.0,0.0,24804.0,0.0,9501.37428002898,9501.37428002898,72.97980424323814,0.0,27.42707680967574,0.0,7023.0,7023.0,45.0,0.0,2.37,2.37,0.73,0.0,29.3,29.3,183.0,183.0,25.7,25.7,100.0,0.0,71.5,0.0,25.9,0.0,35.46941728831593,0.0,12.36213825658487,0.0,40.3,40.3,2.145423802342755,2.145423802342755
0.0,0.0,26.0,0.0,42.4,42.4,3.1,0.0,2443.0,0.0,20.0,0.0,124.0,0.0,5.0,5.0,2.45,2.45,2.8,0.0,211.0,0.0,50.3,0.0,7.96,7.96,66.9,66.9,20.4,0.0,20.0,0.0,5967.3605453314085,5967.3605453314085,0.0,0.0,8.4,8.4,8.508285388281433,8.508285388281433,0.3929309802029106,0.3929309802029106,78.53466056529072,0.0,29.0,0.0,3552.1888128781575,3552.1888128781575,757.0,757.0,80.0,0.0,14.4,0.0,863.0,863.0,11.1,0.0,4.2,4.2,0.539,0.0,22.3,0.0,67.0,67.0,27.15,27.15,28.0,28.0,64.3,0.0,14.8,0.0,41.11609647139233,41.11609647139233,14.0,14.0,8.5,8.5,2.008839831793639,0.0
0.0,0.0,36.0,0.0,44.6,44.6,6.3,0.0,2913.0,2913.0,27.5,0.0,622.0,0.0,6.3,6.3,0.57,0.0,6.01,6.01,-280.8253773219817,0.0,56.8,0.0,141.68,141.68,29.3,29.3,49.9,0.0,7.3,7.3,42.0,42.0,0.0,0.0,20.2,0.0,20.0,20.0,-0.3067240700564131,0.0,45.37,0.0,64.0,64.0,148118.0,0.0,2015.0,0.0,80.98338149767912,80.98338149767912,30.2,30.2,6956.0,6956.0,36.1,0.0,2.42,2.42,0.714,0.0,21.5,0.0,239.0,239.0,26.0,26.0,91.0,91.0,65.7,0.0,40.9,0.0,44.593693751481624,44.593693751481624,9.813733185767472,9.813733185767472,31.8,0.0,2.352788145671574,2.352788145671574
0.0,0.0,51.0,0.0,35.3,0.0,5.8,0.0,2168.0,0.0,18.0,0.0,146.0,0.0,2.3,0.0,2.52,2.52,5.32,0.0,270.03088963301946,0.0,49.7,0.0,3.04,3.04,84.6,84.6,32.8,0.0,20.0,0.0,-15754.157500394242,0.0,0.0,0.0,9.9,9.9,3.3,3.3,-0.9330229950780247,0.0,115.35229263163893,0.0,85.5,85.5,-941.2455334159313,0.0,4.0,4.0,94.0,94.0,16.3,0.0,491.0,0.0,7.3,7.3,4.18,4.18,0.481,0.0,18.9,0.0,54.0,54.0,25.3,25.3,15.0,0.0,64.1,0.0,7.4,0.0,42.72079083388259,42.72079083388259,7.0,7.0,7.9,7.9,1.8860697366571348,0.0
1.16709768503e-312,9.76118064116e-313,94.0,94.0,34.8,0.0,4.8,0.0,2229.0,0.0,18.0,0.0,145.0,0.0,2.1,0.0,2.44,2.44,2.63,0.0,397.44442420284867,397.44442420284867,54.0,0.0,19.88,19.88,78.5,78.5,19.5,0.0,46.1,0.0,-6384.495089761971,0.0,18.445066444689797,18.445066444689797,9.5,9.5,1.1,0.0,-0.1300879667792305,0.0,84.34795075150333,0.0,10.0,0.0,27898.946289954736,0.0,412.0,412.0,90.13229254440971,90.13229254440971,18.0,0.0,668.0,668.0,3.5,0.0,4.621434330023837,4.621434330023837,0.483,0.0,20.9,0.0,10.0,0.0,26.75,26.75,35.0,35.0,60.2,0.0,12.4,0.0,43.135257667251985,43.135257667251985,10.770356276398632,0.0,13.0,0.0,1.9587983256921007,0.0
0.0,0.0,53.0,0.0,44.9,44.9,5.0,0.0,2323.0,0.0,24.7,0.0,274.0,0.0,6.5,6.5,1.31,1.31,6.3,6.3,78.20488432365174,78.20488432365174,53.1,0.0,25.35,25.35,86.4,86.4,51.4,0.0,0.1,0.0,1894.820638569392,0.0,0.0,0.0,16.6,0.0,43.6,43.6,-1.0224792540476901,0.0,104.01640965631918,0.0,90.0,90.0,22568.112314760016,0.0,956.0,956.0,75.25890613569723,0.0,31.1,31.1,1061.0,0.0,29.2,0.0,3.07,3.07,0.514,0.0,20.9,0.0,92.0,92.0,11.85,0.0,46.0,46.0,50.7,0.0,87.5,87.5,46.144616543680016,46.144616543680016,10.0,0.0,15.4,0.0,1.9494403503226845,0.0
1.10343781153e-312,0.0,18.0,0.0,30.7,0.0,3.0,0.0,2781.0,0.0,29.9,0.0,484.0,0.0,3.9,0.0,0.72,0.0,5.72,0.0,100.0145312967446,0.0,62.2,62.2,40.2,40.2,25.7,25.7,44.9275592650122,0.0,6.3,6.3,401.0,401.0,0.0,0.0,30.2,30.2,9.892805592788765,9.892805592788765,2.60047237662595,2.60047237662595,63.316291914725866,0.0,64.4,64.4,52948.347635281156,52948.347635281156,3232.0,3232.0,79.88710726718844,0.0,32.3,32.3,5013.0,0.0,48.9,0.0,2.73,2.73,0.73,0.0,24.1,0.0,274.0,274.0,24.4,24.4,522.0,522.0,68.0,0.0,9.5,9.5,39.21921960589558,0.0,10.0,0.0,39.1,39.1,2.4325976386270334,2.4325976386270334
0.0,0.0,23.0,0.0,29.3,0.0,2.7,0.0,2235.0,0.0,29.5,0.0,1507.0,0.0,4.1,0.0,1.85,1.85,3.7280336957498728,0.0,20.30677316741398,0.0,53.2,0.0,111.47,111.47,7.6,7.6,92.8,92.8,98.4,98.4,11295.585854450212,0.0,0.6,0.6,8.6,8.6,0.7,0.0,4.0443475323042115,4.0443475323042115,74.84126931679094,0.0,0.08,0.0,-12453.157291974145,0.0,-1380.1086562565288,0.0,73.16434925840167,0.0,38.3,38.3,6924.0,6924.0,52.9,0.0,1.81,0.0,0.747,0.747,21.6,0.0,499.0,499.0,28.0,28.0,238.0,0.0,79.6,79.6,2.8,0.0,41.593316751375454,41.593316751375454,15.0,15.0,16.6,0.0,2.2407770472969597,2.2407770472969597
0.0,0.0,26.0,0.0,38.6,38.6,7.5,7.5,2226.7415836146074,0.0,17.7,0.0,56.0,0.0,4.8,4.8,3.15,3.15,2.14,0.0,281.4765650565532,0.0,48.9,0.0,4.6,4.6,56.5,56.5,24.9,0.0,10.0,0.0,1057.4654624427785,0.0,10.353803678818906,10.353803678818906,5.4,5.4,6.1,6.1,-1.5069318222723567,0.0,68.4013467986984,0.0,75.0,75.0,-30971.042254493106,0.0,-2030.9654870492886,0.0,96.0,96.0,24.0,0.0,286.0,0.0,4.8,0.0,5.24,5.24,0.426,0.0,20.3,0.0,96.0,96.0,19.8,0.0,9.0,9.0,63.8,0.0,12.1,0.0,43.525807161483435,43.525807161483435,15.0,15.0,3.5,0.0,1.828433814518662,0.0
0.0,0.0,39.0,0.0,56.2,56.2,3.3,0.0,1786.0,0.0,20.0,0.0,99.0,99.0,1.2,0.0,1.58,1.58,1.32,0.0,1421.0,0.0,49.1,0.0,13.53,13.53,110.1,0.0,35.7,0.0,15.0,0.0,13661.298107982497,0.0,-2.153990406402972,0.0,7.5,7.5,20.1,20.1,-1.4480498922136196,0.0,107.1078940811974,0.0,80.0,80.0,-59274.540829082514,0.0,821.0,821.0,94.0,94.0,25.682138124437856,0.0,481.0,0.0,3.7,0.0,4.57,4.57,0.404,0.0,17.3,0.0,16.0,16.0,24.9,24.9,12.0,0.0,53.1,0.0,23.0,0.0,38.31907827407392,0.0,14.0,14.0,28.0,0.0,1.736456980998676,0.0
0.0,0.0,1.0,0.0,40.8,40.8,5.4,0.0,2830.0,0.0,29.2,0.0,997.0,997.0,3.0,0.0,1.61,1.61,1.72,0.0,-145.86658773318484,0.0,48.4,0.0,137.09,137.09,42.0,42.0,97.6,97.6,93.7,93.7,450.0,450.0,0.0,0.0,18.6,0.0,4.2,4.2,0.0014,0.0,96.30535923107675,96.30535923107675,9.0,9.0,28905.0,0.0,1834.0,0.0,80.0,0.0,12.0,0.0,7104.0,7104.0,19.3,0.0,2.7,2.7,0.745,0.0,23.3,0.0,552.0,552.0,15.1,0.0,2.0,0.0,69.7,0.0,6.1,0.0,37.89545551854903,0.0,14.0,14.0,41.7,41.7,2.3854202494855565,2.3854202494855565
0.0,0.0,14.0,0.0,54.6,54.6,9.9,9.9,2426.0,0.0,23.7,0.0,618.0,0.0,5.809693610871228,5.809693610871228,1.75,1.75,3.08,0.0,-15.670474050399719,0.0,54.7,0.0,56.6,56.6,49.4,49.4,45.2,0.0,2.0,0.0,19516.01432011732,0.0,-3.1208687994784725,0.0,16.5,0.0,11.6,0.0,0.12064770704452954,0.12064770704452954,91.59387861793192,91.59387861793192,82.7,82.7,29244.71201226415,0.0,694.0,694.0,79.79044309837874,0.0,12.3,0.0,3306.0,0.0,34.7,0.0,2.92,2.92,0.597,0.0,26.5,26.5,278.0,278.0,21.4,21.4,125.0,0.0,57.7,0.0,40.5,0.0,41.736198599604045,41.736198599604045,11.575733878000149,0.0,27.86846542708986,0.0,2.123539554231459,2.123539554231459
0.0,0.0,2.8,0.0,35.881970843446496,0.0,0.4,0.0,2985.0,2985.0,31.1,31.1,1474.0,0.0,4.4,4.4,1.25,1.25,3.836393679589086,0.0,54.05323342227038,54.05323342227038,65.99956127063864,65.99956127063864,70.47,70.47,11.4,0.0,61.6,0.0,80.9,80.9,91.0,91.0,8.6,8.6,14.1,0.0,0.5,0.0,-1.6366170665323718,0.0,136.87278305932182,0.0,7.1,7.1,228321.0,0.0,625.8312705143435,625.8312705143435,84.17670248650477,84.17670248650477,16.7,0.0,27437.0,0.0,91.3,91.3,1.8,0.0,0.829,0.829,25.1,25.1,186.0,186.0,26.85,26.85,1584.0,0.0,77.74881723961546,77.74881723961546,2.5,0.0,38.315984955478974,0.0,7.0,7.0,30.444945946101313,0.0,2.607943611278809,2.607943611278809
0.0,0.0,67.0,67.0,40.7,40.7,6.8,6.8,2446.0,0.0,19.3,0.0,237.0,0.0,4.9,4.9,2.18,2.18,4.41571802111503,0.0,236.0208475776572,0.0,54.0,0.0,22.58,22.58,29.8,29.8,49.6,0.0,3.0,0.0,-4967.297537566832,0.0,11.57145578600161,11.57145578600161,12.4,0.0,3.3,3.3,-0.47285569266623284,0.0,58.943604808926466,0.0,78.22786861712717,78.22786861712717,5078.926878584694,5078.926878584694,1401.0743497014482,0.0,84.36422306049468,84.36422306049468,7.8,7.8,2174.0,0.0,27.4,0.0,4.21,4.21,0.618,0.0,18.8,0.0,116.0,0.0,23.75,23.75,42.0,42.0,70.4,0.0,2.2,0.0,41.79691581392799,41.79691581392799,16.0,16.0,9.6,9.6,2.017677992415238,0.0
0.0,0.0,27.0,0.0,45.73062751985066,45.73062751985066,1.0,0.0,2607.0,0.0,23.0,0.0,103.0,0.0,4.7,4.7,2.1,2.1,5.083093527154075,0.0,278.3987410370072,0.0,56.4,0.0,25.21,25.21,25.9,25.9,44.2,0.0,0.0,0.0,-18163.620021533134,0.0,0.0,0.0,25.2,25.2,8.931406850910008,8.931406850910008,0.845012586620637,0.845012586620637,38.70001338527658,0.0,76.03956211546216,76.03956211546216,86960.61773912533,86960.61773912533,3240.0,3240.0,90.55593210106328,90.55593210106328,25.6,0.0,2783.0,0.0,22.3,0.0,3.71,3.71,0.607,0.0,20.8,0.0,72.0,72.0,23.95,23.95,173.0,0.0,65.3,0.0,21.0,0.0,39.12349929901319,0.0,10.0,0.0,32.6,0.0,2.262174076439823,2.262174076439823
0.0,0.0,21.0,0.0,45.3,45.3,0.9,0.0,2491.00040771596,0.0,20.9,0.0,164.0,0.0,2.5,0.0,2.24,2.24,3.09,0.0,555.8249355209946,555.8249355209946,55.4,0.0,11.15,0.0,62.9,62.9,12.8,0.0,98.3,98.3,20038.207406806847,0.0,0.39248015226990063,0.39248015226990063,7.8,7.8,-4.107754003935366,0.0,-1.0540394451833865,0.0,67.72071030765517,0.0,2.1,0.0,5960.765848785522,5960.765848785522,1587.0,0.0,96.0,96.0,39.5,39.5,1421.0,0.0,8.4,8.4,4.07,4.07,0.558,0.0,20.4,0.0,27.0,27.0,25.3,25.3,24.0,0.0,67.4,0.0,8.5,8.5,39.861456190336874,0.0,14.0,14.0,7.6,7.6,2.012889854942483,0.0
