Country,gdp_debt,gini % ,alcohol consumption 2016,Average daily dietary energy consumption per capita(kilocalories),Median Age 2020,health expenditure per capita 2018,spending on education(% GDP),population growth,democracy index 2020,Homelessness population per 10k,Economic Freedom Score,milk consumption per capita(2013),"2019 mortality rate, under-5 (per 1000 live births)",literacy rate elderly(+65),% Islam,titles(total),% Buddhists,Obesity rate (%),intentional homicide Rate,% Jewish,Averagedownloadspeed(Mbit/s)(Ookla),% Christians,Oil production per capita2021 (bbl/day/million people),Anual nominal US,yes important %,Prevalecence of tobacco use 2000,gdp estimate un,number of internet users %,Fertility rate  in 2020(births/woman),HDI 2021,Age of first marriage(woman),Incarceration rate per 100000,Average yearly temperature (1961â€“1990 Celsius),Scientific publications per capita (in ppm),Life expentacy at birth,Total Suicides per 100 000,Equivalent to a 2-year degree or higher(%),Age of criminal responsibility,kg per capita 2002,military expenditures %gdp
United Kingdom,273.06,35.1,11.4,3344.0,40.6,4608.0,3.9,0.58,8.54,54.4,78.9,232.2,4.3,58.517992896381074,3.3,188000.0,0.4,27.8,1.12,2.0,92.63,59.3,12083.0,27068.0,25.0,37.9,40718.0,96.6,1.56,0.929,31.5,3.6493577033654105,08.45,2959.0,81.4,6.9,49.0,11.0,79.6,2.1
France,253.35,32.4,12.6,3502.0,41.7,5228.0,5.4,0.39,7.99,45.0,63.8,241.31,4.5,78.97743716292057,8.8,106799.0,0.5,21.6,1.2,3.0,192.25,51.1,192.0,22752.0,30.0,34.2,38959.0,92.2,1.83,0.903,30.8,93.0,10.70,1664.0,82.5,9.7,45.0,13.0,101.1,2.0
United States,96.06,41.5,9.8,3782.0,38.5,10285.0,5.0,0.71,7.92,17.6,76.8,254.69,6.5,55.87545680812393,1.1,275232.0,1.2,36.2,6.52,39.0,191.97,69.0,33556.0,15080.0,67.0,33.8,63123.0,91.2,1.64,0.921,28.6,639.0,08.55,1875.0,78.5,14.5,47.0,15.38215343737673,124.8,3.2
Germany,160.35,31.7,13.4,3554.0,47.8,6337.0,4.8,0.2,8.67,4.4,73.5,258.7,3.8,87.04635994556064,5.550000000000001,79916.0,0.3,22.3,0.8,0.8,120.93,53.9,424.0,25707.0,40.0,36.4,45909.0,93.3,1.53,0.942,30.9,69.0,08.40,2097.0,81.7,8.3,30.0,14.0,82.1,1.4
Japan,101.41,32.9,8.0,2705.0,48.6,4546.0,3.6,-0.23,8.13,0.3,72.1,72.06,2.5,75.59827558511262,0.1,139078.0,36.2,4.3,0.3,0.0068,167.18,1.1,32.0,16166.0,14.0,33.3,39990.0,94.2,1.34,0.925,27.0,38.0,11.15,1016.0,84.3,12.2,60.0,14.0,45.9,1.1
China,14.39,38.2,7.2,3206.0,38.4,790.0,4.0,0.39,2.27,18.0,58.4,39.27177613920668,7.9,73.9,1.725,208418.0,18.2,6.2,0.5,0.02,172.95,44.87886485778236,2823.0,2084.0,72.8651878313062,26.7,10229.0,72.4,1.7,0.768,24.9,121.0,07.50,527.0,77.4,6.7,35.8,12.0,52.4,1.7
Italy,141.0,35.2,7.5,3503.0,46.5,3733.0,3.8,-0.13,7.74,8.4,62.2,246.88,3.1,96.7,4.8,61966.0,0.2,19.9,0.5,0.18,90.93,83.0,1701.0,9736.330520085194,72.0,26.2,31238.0,85.3,1.24,0.895,31.3,89.0,13.45,2159.0,83.0,4.3,25.0,14.0,90.4,1.5
Spain,170.0,34.3,10.0,3322.0,43.9,3674.0,4.2,0.03,8.12,6.4,65.7,164.29,3.1,94.7,2.6,89962.0,0.0,23.8,0.6,0.088,186.4,59.2,3.0,16558.0,49.0,36.8,27409.0,89.3,1.23,0.905,32.3,122.0,13.30,2202.0,83.2,5.3,41.0,14.0,118.6,1.4
Canada,143.0,33.3,8.9,3566.0,41.8,5427.0,5.5,0.9,9.24,10.0,77.7,187.77,4.9,64.98568705056427,4.9,14625.0,0.8,29.4,2.0,2.7,175.61,53.3,114275.0,24128.0,22.0,28.4,43560.0,89.0,1.4,0.936,29.6,104.0,-5.10,3184.0,82.2,10.3,59.0,12.0,108.1,1.3
Australia,130.0,34.3,10.6,3391.0,37.5,5338.0,5.3,1.3,8.96,49.1,80.9,234.49,3.6,45.53041002607985,3.2,28234.0,2.7,29.0,0.9,0.8,77.88,43.9,12860.0,31771.0,33.0,24.4,55823.0,81.6,1.58,0.951,30.5,160.0,21.65,4109.0,83.0,11.3,48.0,10.0,108.2,2.0
Switzerland,285.0,33.1,11.5,3354.0,42.7,8188.0,5.1,0.83,8.83,2.55,81.9,318.69,4.0,58.67874259111139,5.2,12156.0,0.4,19.5,0.5,0.13,188.69,68.0,163053.0015308917,17435.185751752473,23.0,28.3,86919.0,91.4,1.46,0.962,30.1,80.0,05.10,5461.0,83.4,9.8,49.0,10.0,72.9,2.043694596298965
Singapore,471.0,45.9,2.5,2907.2912311928485,35.6,3985.0,2.9,1.4,6.03,197.49255288505458,89.4,74.8916271151794,2.5,84.0,15.6,12000.0,33.9,6.1,0.2,0.0061,245.5,18.0,96580.48857324442,8477.090563737587,70.0,16.4,58114.0,81.1,1.1,0.939,27.9,185.0,26.45,4232.0,83.2,9.7,39.931343626943814,10.0,71.1,2.33413822658203
Belgium,269.0,27.2,12.1,3769.0,41.6,5682.0,6.5,0.58,7.51,-91.10772084258528,67.3,236.19,3.4,71.81331987469717,7.6,13913.0,0.2,22.1,1.7,0.2,107.12,65.0,-12385.361273549584,24005.0,33.0,33.4,45028.0,86.3,1.55,0.937,30.0,95.0,09.55,2976.0,81.4,13.9,43.0,12.0,86.1,1.9339840503814136
Austria,165.0,30.2,11.6,3695.0,44.5,5905.0,5.5,0.24,8.16,25.4,72.0,258.09,3.5,79.71636174919404,8.0,8056.0,0.2,20.1,0.7,0.07,117.31,60.0,1196.0,17062.194875060155,17.0,52.3,48106.0,86.1,1.44,0.916,30.3,95.0,06.35,3044.0,81.6,10.4,39.0,14.0,94.1,1.7804975565130667
Norway,133.4,27.7,7.5,3371.0,39.5,7019.0,8.0,0.94,9.81,7.0,73.0,261.34,2.4,58.36984302325102,3.2,10204.0,0.6,23.1,0.6,0.0088,159.99,76.7,324349.0,1334.629720719753,22.0,44.0,66871.0,94.8,1.48,0.961,34.1,49.0,01.50,4654.0,82.6,11.8,48.0,15.0,61.7,2.228834940547589
Finland,218.0,27.7,10.7,3343.0,42.8,4485.0,6.9,0.36,9.2,8.8,74.9,430.76,2.4,90.7144167124855,1.8,9368.0,0.0,22.2,1.6,0.0088,119.32,69.8,20615.76625086236,10566.501544023584,23.0,35.7,48685.0,87.3,1.37,0.94,32.1,53.0,01.55,3948.0,81.6,13.4,41.0,15.0,67.4,1.769382521284982
India,19.9,35.7,5.7,2533.0,28.7,189.0,3.1,1.1,6.61,12.6,55.2,84.5,34.3,45.4,14.6,90000.0,0.8,3.9,3.0,0.032,55.72,2.3,438.0,674.0,90.0,54.5,1931.0,59.5,2.18,0.633,25.3,35.0,23.65,138.0,70.8,12.9,36.097035983785105,7.0,5.2,2.4
Brazil,38.0,48.9,7.8,3301.0,33.2,1417.0,6.2,0.75,6.92,10.0,51.9,149.28,11.0,74.3,0.36,46829.0,0.1,22.1,22.45,0.62,90.3,90.0,13484.0,2923.0,85.0,23.8,6797.0,77.1,1.71,0.754,30.0,357.0,24.95,416.0,75.9,6.4,16.0,12.0,82.4,1.2
Netherlands,52.0,29.2,8.7,3297.0,42.8,5811.0,5.5,0.29,8.96,18.0,76.8,341.47,4.0,60.80413661721886,5.0,16502.0,0.2,20.4,0.6,0.2,152.94,40.4,1842.0,24925.0,33.0,34.3,53334.0,90.7,1.55,0.941,30.9,63.0,09.25,3534.0,81.8,9.3,45.0,12.0,89.3,1.4
Denmark,158.0,27.7,10.4,3401.0,42.0,5817.0,7.6,0.38,9.15,11.0,76.7,277.3,3.8,69.05540527330226,5.4,13096.0,0.2,19.7,1.0,0.043,210.71,79.0,10817.0,16530.264640846133,19.0,37.3,61477.0,92.4,1.67,0.948,32.7,68.0,-3.70,5110.0,81.3,7.6,44.0,15.0,145.9,1.822100464946751
Russia,32.0,36.0,11.7,3345.0,40.3,1556.0,3.7,0.01,3.31,4.0,58.9,163.57,5.8,99.2,11.0,115171.0,0.1,23.1,7.3,1.0,87.01,61.8,69689.0,2489.0,34.0,33.3,10166.0,89.5,1.5,0.822,24.9,325.0,-5.35,819.0,73.2,21.6,58.0,14.031186215850756,51.0,3.1
Turkey,55.0,41.9,2.0,3711.0,32.2,1146.0,4.4,1.37,4.48,8.5,64.6,193.94,10.0,88.1,93.5,75667.0,0.0,32.1,2.5,0.098,62.52,0.2,783.0,7458.0,64.0,32.9,8538.0,82.5,2.04,0.838,24.8,335.0,09.90,635.0,78.6,2.3,28.0,12.0,19.3,2.1
Greece,298.0,33.1,10.4,3382.0,45.3,2403.0,4.1,-0.21,7.39,37.1,57.7,255.26,3.8,92.5,2.85,6826.0,0.0,24.9,0.8,0.028,36.73,93.0,112.0,10758.0,71.0,54.9,18117.0,75.9,1.34,0.887,29.9,107.0,15.40,1884.0,81.1,3.6,40.0,15.0,78.7,1.9432730999712502
Mexico,43.0,45.4,6.5,3157.0,29.3,1101.0,4.9,1.23,6.07,35.4,64.7,111.87,14.2,78.9,0.01,7521.0,0.0,28.9,28.4,0.27,48.35,88.9,13494.0,3104.0,73.0,24.0,8326.0,71.3,2.08,0.758,26.0,166.0,21.00,231.0,76.0,5.3,21.0,14.0,58.6,1.9884117872504536
Portugal,128.0,32.8,12.3,3480.0,44.6,3285.0,4.9,-0.39,7.9,8.0,65.3,205.04,3.7,80.5,0.4,7868.0,0.6,20.8,0.9,0.021,150.39,84.3,-7699.413367624686,9935.0,72.0,25.7,22413.0,74.1,1.4,0.866,31.0,111.0,15.15,2821.0,81.6,7.2,33.0,12.260578719866519,91.1,1.9588099863758177
South Korea,33.0,31.4,10.2,3420.0,43.2,3241.0,5.1,0.36,8.01,2.0,72.3,29.05,3.2,51.019419800264814,0.1,63476.0,22.9,4.7,0.6,0.00068,241.58,23.172626711853987,3724.7698125079332,19986.0,33.0,28.5,31947.0,95.4,0.84,0.925,29.0,105.0,11.50,1762.0,83.3,21.2,69.0,12.0,48.0,2.8
Indonesia,30.0,37.9,0.8,2884.0,31.1,335.0,3.6,1.05,6.3,136.0,65.8,14.82,23.9,70.1,86.7,135081.0,0.8,6.9,0.4,0.00068,49.58413398606092,10.72,2389.0,2449.0,96.0,35.4,3870.0,71.6,2.27,0.705,20.0,93.0,25.85,181.0,71.3,2.6,11.0,12.0,8.3,2.0979202203725413
Poland,60.0,30.2,11.6,3537.0,41.9,2022.0,4.6,-0.17,6.85,8.0,67.8,205.39,4.4,93.0,0.02,21130.0,0.0,23.1,0.7,0.03,130.98,94.3,470.0,9358.0,50.0,39.6,15764.0,90.6,1.38,0.876,27.0,181.0,07.85,1364.0,78.3,9.3,43.0,13.0,78.1,2.1
Argentina,72.0,42.3,9.8,3307.0,32.4,2217.0,5.5,0.94,6.95,-44.97573418426438,52.2,195.08,9.3,97.9,0.9,28010.0,0.0,28.3,5.3,1.2,51.51,77.0,10720.0,7466.0,65.0,34.0,8476.0,74.1,2.23,0.842,33.2,230.0,14.80,341.0,76.6,8.1,31.281060002634995,16.0,79.7,1.960928190029151
Malaysia,68.0,41.1,0.9,2845.0,29.2,1033.0,4.7,1.35,7.19,329.21600915349677,74.0,25.28,8.6,47.1,63.5,15354.0,19.8,15.6,2.1,2.513461288526477,103.34,9.2,15604.0,2665.0,96.0,29.5,10402.0,75.5,1.97,0.803,25.0,212.0,25.40,1135.0,74.7,5.8,31.072173942099127,10.0,50.9,2.307393023815913
Ireland,701.0,30.6,13.0,3885.0,37.8,5862.0,3.7,0.78,9.05,16.0,80.5,291.86,3.3,66.45186757713505,1.4,20891.52400430446,0.2,25.3,0.7,0.018,112.81,83.8,25767.49909081575,25184.0,54.0,35.6,86251.0,80.7,1.63,0.945,34.8,74.0,09.30,3309.0,81.8,8.9,52.0,10.0,106.3,1.8633457354893905
Ukraine,81.0,25.6,8.6,3102.0,41.2,904.0,5.4,-0.49,5.81,168.0,52.3,145.03,8.4,100.0,1.05,24416.0,0.0,24.1,6.2,0.3,67.52,81.9,753.0,2858.0,46.0,37.7,3557.0,71.4,1.22,0.773,25.0,148.0,08.30,434.0,73.0,17.7,44.10456923122442,14.0,32.3,2.0204416474825155
United Arab Emirates,59.0,26.0,3.8,3314.0,38.4,2995.0,1.3,1.39,2.7,334.9247065071082,77.1,132.66,7.5,42.1,72.0,293.0,2.0,31.7,0.5,0.21170614551219558,151.09,9.0,333062.0,8317.088745458572,76.0,19.4,36285.0,95.2,1.37,0.911,25.3,104.0,26.65,1061.0,76.1,5.2,46.24950556452701,7.0,74.4,2.6744772596005673
Saudi Arabia,31.0,45.9,0.2,3307.0,30.8,2696.0,5.6,1.9,2.08,236.2472727737831,60.7,83.65,6.6,51.4,96.2,2387.0,0.3,35.4,1.3,0.7577721426997801,90.24,5.0,265991.0,9600.0,96.0,14.2,20110.0,75.2,2.24,0.875,20.4,207.0,24.65,1037.0,74.3,5.4,26.0,12.0,44.6,6.6
Mauritius,2.01,36.8,3.6,3051.0,36.3,1303.0,4.8,0.23,8.14,160.15946601540898,73.0,117.27,16.0,64.6,17.3,80.0,0.0,10.8,2.9,1.1236861859398424,135.31972570367623,32.2,48349.20224163786,2538.0,73.10933130467606,25.5,8587.0,54.1,1.44,0.802,25.4,218.0,22.40,356.0,74.1,8.8,39.046922374932315,0.0,39.6,2.1864412390246355
New Zealand,90.0,36.2,10.7,3191.0,37.2,3891.0,6.4,0.93,9.25,12.0,84.4,137.25,4.7,73.08969783916311,0.9,3600.0,1.6,30.8,2.6,0.051,153.88,37.0,1607.0,31274.0,18.0,29.6,43972.0,83.3,1.61,0.937,29.4,188.0,10.55,3286.0,82.0,10.3,39.0,10.0,142.1,2.349113130147943
Chile,82.0,44.9,9.3,3029.0,35.5,2359.0,5.4,0.78,8.28,7.4,75.4,116.11,7.0,89.9,0.0,5641.0,0.0,28.0,4.4,0.11,176.48,68.0,252.0,5328.0,60.0,46.9,13232.0,76.3,1.61,0.855,32.6,210.0,08.45,871.0,80.7,8.0,27.0,14.0,66.4,1.9293026199976728
Kazakhstan,91.0,27.8,7.7,3067.0,31.6,727.0,2.8,1.13,3.14,0.6,65.4,288.12,10.5,99.5,70.2,1226.0,0.2,21.0,3.2,0.017,56.12,26.2,91149.0,797.0,53.0,34.2,9111.0,72.5,3.13,0.811,24.3,157.0,05.50,279.0,74.0,18.1,43.82173343826959,14.0,44.8,2.0594444799250544
Qatar,83.0,41.1,2.0,3446.5766547016906,33.7,3047.0,2.9,2.36,3.24,-64.74633556791764,72.6,135.0141634835341,6.5,41.0,77.5,209.0,3.1,35.1,0.4,-0.2737458789077536,105.2,13.8,465768.0,7566.986869696837,93.0,13.5,50815.0,94.2,1.83,0.855,25.4,53.0,27.15,1815.0,77.2,4.7,39.719105058544784,8.987398483601952,90.5,2.9010911128555605
Egypt,34.0,31.5,0.4,3292.0,24.1,551.0,3.8,1.87,2.93,1200.0,52.5,59.46,20.3,43.2,92.35,23000.0,0.0,32.0,2.6,0.00068,39.66,10.0,5387.0,8011.619407538583,96.0,24.3,3609.0,50.1,3.24,0.731,25.0,116.0,22.10,298.0,71.8,3.4,35.896947075511434,12.0,22.5,2.4017550553662583
Thailand,33.0,35.0,8.3,2804.0,39.0,700.0,4.1,0.22,6.04,0.4,68.3,29.35,9.0,78.7,5.4,6750.0,93.2,10.0,2.6,0.0014,206.81,1.2,2647.0,3220.0,98.0,31.7,7189.0,75.5,1.5,0.8,21.0,449.0,26.30,312.0,77.7,8.0,44.27515397761309,7.0,27.9,2.4038545914431015
Hungary,160.0,30.0,11.4,3316.0,43.6,2098.0,4.7,-0.34,6.56,30.7,65.0,159.05,3.7,99.1,0.5,11645.0,0.0,26.4,0.8,0.32,193.8,58.935,1830.0,6373.0,39.0,37.4,16129.0,76.8,1.56,0.846,29.3,169.0,09.75,1250.0,76.4,11.8,32.0,12.0,100.7,1.9292437965542022
South Africa,57.0,63.0,9.3,2899.0,28.0,1155.0,6.2,1.2,7.05,36.0,58.3,55.75,34.5,72.1,1.9,5418.0,0.2,28.3,33.5,0.35,43.91,79.8,16.0,3671.0,85.0,23.5,5094.0,53.6,2.36,0.713,33.0,248.0,17.75,472.0,65.3,23.5,14.0,12.0,39.0,2.130462642429845
Czech Republic,76.0,25.3,14.4,3277.0,43.3,3079.0,5.6,0.06,7.67,22.0,73.7,195.2,3.2,95.80074319848137,0.15,17330.0,0.0,26.0,0.7,0.026,85.89,34.0,160.0,8683.0,16.0,34.2,22911.0,79.5,1.71,0.889,29.8,179.0,07.55,2358.0,79.1,9.5,31.0,15.0,77.3,2.0055993740507336
Pakistan,43.0,29.6,0.3,2486.0,22.0,150.0,2.9,1.91,4.31,943.0,55.0,183.13,67.2,27.1,96.5,3811.0,0.0,8.6,3.9,-0.9097096296664695,92.00706618899704,1.6,350.0,1289.0,92.0,37.5,1167.0,60.8,3.39,0.544,23.2,38.0,20.20,127.0,65.6,9.8,44.24326839459482,7.0,12.3,1.9341721476547047
Colombia,57.0,54.2,5.8,3114.0,31.2,1156.0,4.5,0.81,7.04,971.0,67.3,108.47,13.8,81.4,0.2,17066.0,0.0,22.3,22.6,0.014,53.73,92.0,14424.0,3879.0,83.0,15.1,5333.0,59.3,1.77,0.752,22.7,194.0,24.50,296.0,79.3,3.7,27.0,14.0,33.9,2.1978904903843346
Cyprus,849.0,31.2,10.8,3019.0,37.9,2795.0,6.4,0.78,7.56,-232.4210347339392,68.1,113.31,2.3,93.8,25.3,930.0,0.2,21.8,1.2,0.0034,50.46,79.0,-54145.53994745527,9521.848864555683,25.0,40.9,28133.0,76.5,1.31,0.896,29.0,86.0,18.45,4087.0,83.1,3.2,39.5197120777613,14.0,131.3,1.8446656545527487
Venezuela,23.0,39.0,5.6,2120.0,30.0,639.0,3.6,1.26,2.76,793.7387489524986,25.9,117.79,24.2,88.1,0.4,2275.0,0.0,25.6,36.7,0.041,56.69687611445272,88.0,21016.0,10.32,79.0,25.707496325172208,3740.0,72.9,2.23,0.691,22.7,134.0,25.35,49.0,73.9,2.1,32.977561653117974,11.81111325600953,56.6,1.8646645207747408
Romania,58.0,34.8,12.6,3581.0,42.5,1627.0,3.1,-0.5,6.4,7.0,68.6,238.33,7.0,96.8,0.65,14984.0,0.0,22.5,1.5,0.06,67.8145150664144,98.0,3403.0,6635.0,84.0,35.0,12929.0,64.9,1.6,0.821,26.7,116.0,08.80,810.0,75.6,7.3,32.1419576511307,13.930948190746852,54.5,1.9513366215227566
Malta,691.0,31.0,8.1,3420.0,42.3,3976.0,5.3,0.31,7.68,167.45813223910022,68.6,190.06,7.0,85.8,2.6,404.0,0.0,28.9,1.6,0.0034,134.48,91.6,12883.363702073228,11245.0,86.0,34.3,33771.0,65.5,1.13,0.918,29.2,153.0,19.20,1974.0,81.9,5.3,40.48736583423914,9.974435661097617,86.9,1.8642905530972684
Sweden,23.0,29.3,9.2,3184.0,41.1,5888.0,7.7,0.72,9.26,36.0,75.2,341.23,2.6,66.0497448358059,7.1,8118.0,0.4,20.6,1.2,0.1,169.0,64.3,98826.18575925648,10875.903432796204,16.0,43.8,53575.0,91.3,1.66,0.947,33.9,68.0,01.75,4141.0,82.4,12.4,46.0,15.0,76.1,1.8846593602156083
Israel,33.0,38.6,3.8,3528.0,30.4,3055.0,5.8,1.55,7.84,29.0,72.8,193.6,3.7,79.8,18.0,8411.0,0.3,26.1,1.5,43.0,147.36,3.5,3.0,19690.0,51.0,31.7,47034.0,76.3,2.9,0.919,25.0,234.0,19.20,2402.0,82.6,5.2,46.0,12.0,97.1,5.2
Slovakia,112.0,23.2,11.5,2871.0,41.8,2093.0,3.9,0.04,6.97,-555.1680686534988,65.0,143.14,5.8,105.52464270207844,0.15,9400.0,0.0,20.5,1.2,0.018,101.28,80.0,17.0,8708.0,47.0,32.0,19264.0,81.6,1.57,0.848,28.1,190.0,06.80,1597.0,78.2,9.3,31.0,14.0,67.4,1.9508172556721959
Bangladesh,22.0,32.4,0.0,2563.0,27.9,122.0,2.0,1.04,5.99,307.0,55.6,21.91,30.8,39.4,91.0,51667.6883048896,0.5,3.6,2.4,-1.0793316750933375,36.02,0.4,18.0,212.0,96.0,57.6,2001.0,75.9,1.99,0.661,25.0,48.0,25.00,48.0,74.3,3.9,35.92711364996383,9.0,3.1,1.9723185424823666
Peru,44.0,43.8,6.3,2775.0,29.1,684.0,3.9,1.2,6.53,223.0,67.8,62.15,13.2,77.7,0.0,4101.0,0.2,19.7,7.9,0.013,51.81,87.0,1150.0,2876.0,84.0,32.9,6163.0,46.5,2.21,0.762,23.5,290.0,19.60,164.0,79.9,2.7,36.77721744442963,14.0,34.5,2.1727148492669963
Philippines,27.0,42.3,6.6,2662.0,24.1,339.0,3.2,1.51,6.56,424.0,63.8,15.66,27.3,90.1,8.0,1507.0,0.0,6.4,4.4,0.00068,49.31,85.0,85.0,2835.0,77.0,34.9,3299.0,64.1,2.49,0.699,25.3,200.0,25.55,51.0,70.4,2.5,36.08290774466871,15.0,31.1,2.1531117435699034
Iraq,44.0,29.5,0.4,2608.0,21.2,414.0,3.5,2.78,3.62,304.0,58.25448781122849,22.18,25.9,20.4,96.5,10219.432515408698,0.0,30.4,10.1,10.1,75.35218775573071,1.2,99172.0,2069.0,89.0,22.0,4146.0,43.4,3.54,0.686,25.3,126.0,21.40,454.0,72.4,4.7,41.70133197072792,9.0,40.520804976622486,2.615122120684807
Morocco,46.0,39.5,0.6,3412.0,29.1,414.0,5.4,1.26,5.04,387.2760120607866,62.9,54.68,21.4,34.1,99.0,3677.0,0.0,26.1,1.3,0.014,81.96090326163005,1.0,1.0,3997.0,96.0,22.5,3108.0,59.5,2.35,0.683,25.7,238.0,17.10,259.0,73.0,7.3,33.851324372915414,12.0,20.6,2.3868742094969804
Slovenia,104.0,24.4,12.6,3191.0,44.9,3237.0,4.8,0.07,7.54,18.3,65.5,235.01,2.1,99.3,3.6,6603.730554042995,0.0,20.2,0.5,0.00068,108.47,68.0,-32981.4430257107,15249.0,47.0,25.1,25777.0,77.4,1.6,0.918,29.0,53.0,08.90,3228.0,81.3,14.0,41.0,14.0,88.0,1.9280602001450302
Vietnam,26.0,35.7,8.3,3025.0,31.9,497.0,4.3,1.0,2.94,16.6,55.3,16.36,19.9,76.9,0.1,24589.0,16.4,2.1,1.5,-1.5356541809039133,66.38,8.2,1849.0,1591.0,15.0,29.8,2786.0,69.9,2.05,0.703,22.8,128.0,24.45,177.0,75.06750863419741,7.2,44.14479106917116,14.0,28.6,2.026927132843298
Kuwait,51.0,38.95886475244565,0.0,3471.0,29.7,2570.0,3.8,1.78,3.8,-185.0264146274076,60.8,157.66,7.9,69.5,74.6,196.0,2.8,37.9,1.8,0.1475411937106248,130.66,15.0,541020.0,2400.0,91.0,20.0,24809.0,95.4,2.07,0.831,27.5,117.0,27.15,502.0,81.0,2.7,42.977280210241645,7.0,60.2,3.0459025244993905
Sri Lanka,68.0,39.3,4.3,2737.0,33.7,517.0,2.8,0.35,6.14,-94.62971101034324,56.4,34.98,7.1,81.0,9.7,4115.0,69.3,5.2,2.4,-2.0957773134854385,89.94075154170059,7.4,19302.604504666437,603.0,97.0,28.5,3768.0,32.7,2.17,0.782,23.4,135.0,26.95,128.0,76.9,12.9,38.13705103876579,12.0,6.6,2.001204510892139
Croatia,89.0,28.9,8.9,3074.0,43.9,1923.0,4.6,-0.58,6.5,7.0,61.4,231.02,4.8,97.1,1.5,-6293.500126179424,0.0,24.4,1.0,0.011,57.3,90.1,2929.0,7075.0,70.0,34.4,13934.0,69.2,1.48,0.858,28.1,84.0,10.90,2010.0,78.6,11.0,36.06270353342496,14.0,49.9,1.9667578251860478
Sudan,121.0,34.2,0.5,2578.0,18.3,206.0,2.2,2.38,2.54,623.0,47.7,155.2,58.4,24.3,96.0,9428.964313798933,0.0,6.6,5.1,-0.04407983038177399,53.64180170825557,1.5,1489.0,13.0,93.0,24.98309634701857,1415.0,27.4,4.29,0.508,22.0,52.0,26.90,27.0,69.1,4.8,42.174928710790994,12.0,21.0,1.9048664151811185
Latvia,126.0,34.5,12.9,3229.0,44.4,1904.0,4.7,-1.03,7.24,35.3,70.4,174.11,3.6,99.9,0.15,2910.0,0.0,23.6,2.6,0.03,128.69,75.0,-25243.36565346975,7096.0,29.0,43.8,17871.0,84.6,1.55,0.863,30.6,175.0,05.60,1349.0,75.4,16.1,40.0,14.0,45.7,1.9917270946538754
Bulgaria,63.0,40.3,12.7,2854.0,43.7,1681.0,4.1,-0.67,6.71,428.8457090496314,69.0,155.71,6.7,97.5,13.4,10068.0,0.0,25.0,1.0,0.014,78.84,85.0,153.0,4866.0,34.0,47.5,10058.0,65.2,1.56,0.795,26.9,109.0,10.55,956.0,75.1,6.5,38.12267062456576,14.0,69.4,1.8871173813544817
Lebanon,220.0,31.8,1.5,2857.0,33.7,1485.0,2.5,0.57,4.16,254.80242711706177,51.1,114.52,7.2,60.2,67.8,3686.0,0.2,32.0,1.9,-0.40861967094581253,91.87506328604809,39.5,89359.83245938778,5373.0,87.0,40.2,9310.0,85.0,2.06,0.706,28.8,205.0,15.00,628.0,76.4,2.8,42.20960082400889,7.0,63.1,2.2248262465219195
Belarus,66.0,24.4,11.2,3270.0,40.9,1045.0,4.8,-0.15,2.59,-197.6019182023517,57.9,133.73,3.2,98.6,0.75,8205.0,0.0,24.5,2.4,0.057,68.73,55.4,3670.0,4670.021127248681,34.0,41.8,6377.0,73.6,1.38,0.808,25.3,345.0,06.15,272.0,74.8,16.5,47.18650131237443,14.0,58.6,2.1804857685012147
Angola,41.0,51.3,6.4,2385.0,15.9,181.0,3.5,3.28,3.66,24.20953179994092,50.6,12.3,74.7,27.0,0.3,22.0,0.0,8.2,4.8,-0.2361638257368277,83.01039750135783,75.0,34076.0,663.0,88.0,22.120312589611075,1896.0,12.4,5.37,0.586,21.4,93.0,21.55,5.0,63.1,12.6,41.799392265144206,14.0,25.0,1.9972822607486278
Ecuador,57.0,47.3,4.4,2606.0,28.8,935.0,5.0,1.42,6.13,-74.23210765621914,46.9,139.6,14.0,77.7,0.0,2854.0,0.0,19.9,7.8,0.0041,79.98776882463841,94.0,26108.0,5525.0,82.0,18.4,5600.0,53.5,2.38,0.74,21.8,224.0,21.85,308.0,78.4,7.7,40.43347991420313,12.0,45.0,2.055337845395124
Lithuania,74.0,35.3,15.0,3411.0,44.5,2369.0,4.0,-0.55,7.13,14.1,74.2,295.46,3.7,99.8,0.1,3075.0,0.0,26.3,3.7,0.016,132.67,83.7,247.0,10996.0,40.0,41.4,20772.0,80.5,1.48,0.875,28.3,216.0,06.20,1667.0,76.0,20.2,55.0,14.0,49.5,2.087552636966054
Serbia,62.0,34.5,11.1,2828.0,43.4,1508.0,4.0,-0.34,6.22,28.5,63.9,148.53,5.3,96.6,2.1,11897.0,0.0,21.5,1.0,0.0095,77.88,91.0,2236.0,3610.0,54.0,45.1,7656.0,84.7,1.48,0.802,28.1,158.0,10.55,1158.0,75.9,7.9,37.86912075186581,14.0,50.481082625710684,1.9539393324964898
Jordan,83.0,33.7,0.7,2732.0,23.5,767.0,3.6,2.17,3.62,0.0,66.5,77.68,15.6,87.7,97.2,511.0,0.4,35.5,1.0,5.473530248834884,67.35,6.0,148812.0803829109,5408.0,96.0,30.7,4283.0,58.1,2.64,0.72,26.6,198.0,18.30,587.0,77.9,2.0,33.50862007438583,12.0,29.8,2.6838285813241605
Cuba,34.0,39.30158465238447,6.1,3344.0,42.1,2484.0,12.9,0.06,2.84,-99.7404433132975,27.8,99.94,5.1,99.2,0.1,992.0,0.0,24.6,5.0,0.0034,80.42669509972393,65.0,3052.0,44.0,34.0,40.8,9478.0,50.1,1.59,0.764,21.3,510.0,25.20,187.0,77.8,10.2,40.521982933483244,16.0,32.2,2.19543161703775
Uruguay,50.0,40.2,10.8,3202.0,35.5,2140.0,4.9,0.36,8.61,-153.68759644841688,68.6,210.54,7.1,97.1,0.0,3231.0,0.0,27.9,12.1,0.11,53.88,58.1,82262.27369305922,5336.0,40.0,35.3,15438.0,68.9,1.95,0.809,24.0,337.0,17.55,535.0,77.1,18.8,36.636486551312174,13.0,98.6,2.1242316190870736
Dominican Republic,36.0,39.6,6.9,2892.0,27.9,739.0,4.3,1.07,6.32,224.24632406060607,61.0,73.75,28.0,79.8,0.0,1866.0,0.0,27.8,8.9,0.00068,82.07217800894637,83.0,96120.66539427463,2613.0,87.0,18.7,7268.0,62.9,2.3,0.767,21.0,243.0,24.55,33.0,72.8,5.1,34.5398968102927,11.087125970737883,37.8,2.3264386465433287
Mongolia,245.0,32.7,7.4,2579.0,29.8,469.0,4.1,1.5,6.48,-328.2768743054795,55.4,139.82,15.6,94.6,5.0,285.0,55.1,20.6,6.0,2.779156901328138,43.67,1.3,4815.0,1769.0,62.45880247787128,34.1,4007.0,21.8,2.83,0.739,26.0,154.0,01.70,194.0,68.1,18.0,40.91123036838746,14.0,108.8,1.8132780586350936
Tunisia,97.0,32.8,1.9,3450.0,32.7,673.0,6.6,1.09,6.59,247.62246966721568,55.4,114.47,16.9,39.8,97.8,720.0,0.0,26.9,4.8,0.0068,56.820962593440925,0.1,2986.0,2000.0,93.0,34.3,3318.0,52.2,2.15,0.731,28.7,194.0,19.20,710.0,77.0,3.2,31.745033768827724,13.0,25.5,2.261368446479781
Costa Rica,43.0,49.3,4.8,3029.0,32.6,1541.0,7.4,0.96,8.16,6.6,65.3,183.28,8.6,90.4,0.0,2158.0,0.0,25.7,11.2,0.017,47.93,82.0,-1234.143218708923,6145.0,79.0,18.0,12077.0,68.1,1.72,0.809,25.7,374.0,24.80,279.0,80.8,7.6,28.0,12.0,40.4,2.143845853599616
Iceland,81.0,26.1,9.1,3654.0,37.1,4789.0,7.5,0.77,9.37,10.3,77.1,225.82,2.0,56.46196844130279,0.2,1767.0,0.4,21.9,1.5,2.0689915449069147,158.12701009179318,72.3,68102.63334120248,12846.349997049732,34.47687150535559,30.2,63644.0,88.9,1.72,0.959,32.7,33.0,-0.70,4622.0,82.3,11.2,40.0,15.0,84.8,2.168677305541321
Ethiopia,32.0,35.0,2.8,2338.0,19.8,70.0,4.7,2.43,3.38,234.0,53.6,44.14,50.7,13.6,31.3,240.0,0.0,4.5,8.8,0.00068,106.25617409153728,75.0,-21312.729060928366,-1534.1603125484908,103.24790659426645,6.8,840.0,16.2,4.05,0.498,21.3,99.0,22.20,52.0,68.7,9.5,45.170497554025566,9.0,7.9,1.8908867068668385
Kenya,26.0,40.8,3.4,2197.0,20.0,187.0,5.2,2.49,5.05,73.3,55.1,94.86,43.2,54.0,11.2,300.0,0.0,7.1,4.0,0.002,62.31563082730872,85.1,20265.27481907941,702.0,94.0,19.3,1879.0,16.7,3.37,0.575,20.2,81.0,24.75,86.0,66.1,11.0,40.54382713153605,8.0,14.3,1.9025821347649396
Papua New Guinea,111.0,41.9,1.2,2366.4755798389415,24.0,91.0,3.149931909161527,2.01,6.1,506.59437416464357,58.4,35.921634924217216,44.8,33.0,0.0,122.0,0.0,21.3,4.380638616579115,1.3685170285144217,48.74682411364097,97.0,4081.0,2086.0,108.96921276829555,54.1,2640.0,9.3,3.48,0.558,21.4,62.0,25.25,25.0,65.3,3.6,35.16836734452824,7.0,73.0,1.9122130970936322
Trinidad,76.0,40.3,8.4,2991.0,37.8,1666.0,3.1,0.26,7.16,66.41965484137344,57.0,103.8,17.5,82.8,5.8,30231.70568810444,0.3,18.6,30.6,1.9381272297101422,79.89,57.6,43748.0,4615.0,92.0,26.90287182214763,15286.0,69.4,1.7,0.81,29.2,292.0,25.75,320.0,76.1,8.3,30.61291354329505,10.91470362018669,57.8,2.195087575064887
Ghana,30.0,43.5,2.7,3035.0,21.4,178.0,3.6,2.16,6.5,32.9,57.5,9.08,46.2,34.9,19.9,28.0,0.0,10.9,2.1,-0.4460990505263531,51.93,71.2,5835.0,433.0,95.0,7.0,2206.0,45.9,3.77,0.632,21.7,43.0,27.20,136.0,66.3,10.5,31.762362151208777,12.0,9.9,2.029370603383169
Bahrain,66.0,35.517531107474724,1.9,3275.0995179548568,32.9,2038.0,2.3,4.26,2.49,55.857502246402206,66.4,123.19330304745722,6.9,42.3,73.7,40.0,2.5,29.8,0.5,2.9405839556915616,58.53,15.0,116433.0,10586.622078258315,94.0,22.2,19925.0,97.8,1.94,0.875,26.3,234.0,26.80,710.0,75.8,7.2,36.65964908269951,15.0,70.7,2.490769474125974
Oman,35.0,36.63406110019997,0.8,2940.0,26.2,1126.0,6.8,4.08,3.0,247.3272804044074,61.0,152.28,11.4,41.9,86.0,7.0,0.8,27.0,0.3,-1.2524560311571822,57.53,6.5,214450.0,10263.0,96.0,7.6,12409.0,82.2,2.78,0.816,24.8,45.0,25.60,562.0,73.9,4.5,40.37238072444078,9.0,49.8,2.4840186147602696
Estonia,89.0,30.8,11.6,3247.0,43.7,2442.0,5.2,-0.23,7.84,15.2,76.6,284.85,2.4,99.7,0.0,3916.0,0.0,21.2,3.2,0.013,78.58,45.0,-27503.666273891577,7897.0,16.0,46.0,23106.0,86.8,1.58,0.89,30.4,173.0,02.00,2865.0,78.9,12.0,41.0,14.0,67.4,1.9943715296332718
Guatemala,28.0,48.3,2.4,2551.0,23.2,514.0,2.8,1.94,4.97,315.0,62.6,46.6,24.5,50.7,0.0,1042.0,0.0,21.2,22.5,0.0061,64.71324603955003,87.0,369.0,3924.0,88.0,14.3,4332.0,66.7,2.78,0.627,21.3,139.0,23.45,24.0,72.0,6.2,32.667076775347006,11.778151587847416,23.8,2.038807577127702
Panama,157.0,49.8,7.9,2851.0,30.1,2511.0,4.1,1.55,7.18,138.0422563429807,67.2,70.29,14.9,80.9,0.7,940.0,0.2,22.7,11.1,0.068,125.25,92.0,58792.48479344332,3819.0,88.0,13.4,12269.0,54.5,2.42,0.805,21.6,420.0,25.40,182.0,79.3,2.9,35.876825172266486,12.0,54.5,2.2094159350311076
Jamaica,122.0,35.0,4.2,2792.0,29.4,621.0,5.4,0.29,7.13,824.0799924067662,68.6,91.13,13.9,66.6,0.2,-25582.42905377393,0.0,24.7,44.7,0.0034,37.95,65.3,10588.78359433511,2402.0,70.0,17.4,4665.0,49.9,1.95,0.709,33.2,137.0,24.95,175.0,76.0,2.3,31.258181966527395,11.281001953012987,56.8,2.0456159567503063
Georgia,128.0,34.5,9.8,2835.0,38.6,1026.0,3.8,-0.27,5.31,760.0,75.9,149.26,9.6,99.1,10.7,581.0,8.651425522439409,21.7,2.2,0.01,117.49888326217439,88.6,80.0,93.0,81.0,32.8,3984.0,91.7,2.05,0.802,26.6,245.0,05.65,511.0,73.3,7.7,40.55795176867764,14.0,26.0,2.1001063702450526
Paraguay,54.0,43.5,7.2,2768.0,29.7,957.0,3.4,1.25,6.18,-8.765955979689863,61.8,75.72,19.4,77.8,0.0,1007.0,0.0,20.3,6.7,0.0074,56.89,96.0,48420.2611910002,4055.0,92.0,29.1,4950.0,62.1,2.38,0.717,22.7,241.0,23.55,55.0,75.8,6.2,33.99098712768691,14.0,70.3,2.101301972023688
Tanzania,34.0,40.5,9.4,2373.0,18.2,104.0,3.4,3.06,5.1,477.6450299333427,60.2,40.29,50.3,43.5,35.2,172.0,0.0,8.4,6.5,-0.6101888068126193,89.5092470819892,61.4,51902.91386871028,209.0,89.0,27.8,1115.0,47.2,4.77,0.549,18.9,59.0,22.35,37.0,67.3,8.2,41.69159619808663,7.0,10.0,2.0733345882261727
Uzbekistan,24.0,35.3,2.7,3011.0,30.1,374.0,6.3,1.41,2.12,693.854605038094,53.3,130.81,17.4,99.8,88.7,1003.0,0.0,16.6,1.1,0.02,39.2,2.6,1418.0,1041.0,55.0,24.9,1724.0,49.0,2.9,0.727,22.4,68.0,12.05,99.0,73.0,8.3,35.28824563129989,13.0,20.7,2.0428463411964963
Nigeria,2.0,35.1,13.4,2572.0,18.6,161.0,5.94,2.58,4.1,1658.0,57.3,7.91,117.2,21.6,48.0,1314.0,0.0,8.9,34.5,0.00068,214.33,45.9,7051.0,901.0,77.0,9.3,2085.0,63.8,5.25,0.535,21.2,32.0,27.00,63.0,62.6,6.9,42.117452437588454,7.0,8.6,2.1807613628995326
El Salvador,56.0,38.8,3.7,2696.0,27.7,751.0,3.8,0.52,5.9,229.18037815268443,61.8,124.34,13.3,65.7,0.28,661.0,0.0,24.6,37.2,0.00068,46.73503595597157,81.9,-62098.28253857362,3650.0,77.0,15.9,3799.0,31.6,2.0,0.675,22.5,572.0,24.45,16.0,75.0,6.1,39.799098957544814,12.0,21.4,2.293692296564488
Laos,53.0,38.8,10.4,2758.0,24.0,174.0,2.9,1.45,1.77,233.9618017014646,57.4,2.92,45.5,58.6,0.0,88.0,66.1,5.3,-0.3335830119581553,0.891189832120066,43.98,2.2,456.57714562345063,1732.0,96.0,52.5,2623.0,23.6,2.58,0.607,20.5,130.0,22.80,42.0,68.5,6.0,39.33049958804584,15.0,15.0,2.143135795947303
Nicaragua,83.0,46.2,5.2,2582.0,27.3,491.0,4.3,1.07,3.6,193.4203896861462,57.7,85.16,16.6,49.2,0.0,27.0,0.0,23.7,7.2,-0.4026539295002234,56.97052811619568,84.6,5582.684101857856,1506.0,70.0,20.883424115581494,1905.0,25.3,2.35,0.667,20.6,332.0,24.90,21.0,75.0,4.7,44.914863238409566,13.0,14.9,2.1872489815611473
Zimbabwe,77.0,50.3,4.8,1908.0,20.5,180.0,6.1,2.28,3.16,848.0,40.4,31.9,54.6,81.1,0.7,232.0,0.0,15.5,7.5,0.0014,96.58168966242357,87.0,4689.797964037891,833.3666790569805,88.0,21.0,1466.0,28.0,3.46,0.593,19.9,127.0,21.00,71.0,60.7,23.6,41.75199404000861,7.0,15.2,2.007039682304042
Luxembourg,22.1,34.2,13.0,3465.0,39.5,6212.0,4.0,1.27,8.68,37.5,75.9,255.3,2.8,66.41541493404401,2.3,2000.0,0.0,22.6,0.2,0.0047,154.26,72.4,101758.86790244526,32103.0,39.0,31.0,117182.0,89.3,1.37,0.93,31.1,83.0,08.65,3554.0,82.4,8.6,50.0,18.0,141.7,2.0625380248456846
Albania,66.0,30.8,7.5,3360.0,34.3,896.0,4.0,0.13,6.08,350.43520327806084,66.5,303.72,9.7,86.9,58.8,390.0,0.0,21.7,2.1,0.8892637641075574,45.25,17.0,5687.0,3709.0,50.0,35.0,5181.0,73.7,1.58,0.796,24.0,164.0,11.40,216.0,78.0,3.7,39.58473218258514,14.0,38.2,2.0222358961969373
Cambodia,57.0,37.9,6.7,2492.0,26.4,265.0,1.9,1.49,3.1,43.339383784704154,57.8,3.47,26.6,53.1,2.0,4668.379610402131,97.9,3.9,1.8,-1.653921437016363,86.31109961911085,1.0,10507.121058914316,-1559.231872100223,96.0,42.3,1513.0,32.8,2.45,0.593,21.0,220.0,26.80,34.0,70.1,5.5,42.43325130182323,14.0,13.9,2.050373866410105
Mozambique,72.0,54.0,2.4,2103.0,17.0,107.0,6.5,2.86,3.51,246.0,48.6,4.79,74.2,26.0,18.9,13137.590831298628,0.0,7.2,3.5,-0.6220751235941719,62.73998490513412,56.1,-5789.669055207138,550.0,86.0,29.4,449.0,19.2,4.71,0.446,18.7,63.0,23.80,20.0,58.1,23.2,40.93608611428026,16.0,5.6,1.895018433301571
Zambia,45.0,57.1,4.8,2002.0,16.9,177.0,1.3,2.97,4.86,251.15947525704433,53.6,9.71,61.7,52.3,1.0,28984.09809053241,0.0,8.1,5.4,0.3106518876993327,94.00112402267854,95.5,3301.9073741529137,596.0,95.0,19.9,985.0,24.4,4.5,0.565,18.7,123.0,21.40,44.0,62.5,14.4,39.232717481756126,8.0,11.9,1.9596317778384738
Honduras,38.0,48.2,4.0,2673.0,24.4,412.0,6.0,1.63,5.36,1235.0,60.2,91.33,16.8,66.3,0.3,102.0,0.1,21.4,36.3,0.49895372146747796,38.55098833458749,88.0,-27691.683797787206,2420.0,83.4959383226675,17.026964494064543,2406.0,29.0,2.39,0.621,21.2,237.0,23.50,37.0,71.9,2.6,34.80962601857836,11.261953570159598,24.7,2.1822425233615044
Kyrgyzstan,112.0,29.0,6.2,2729.0,27.3,268.0,6.1,1.44,4.21,329.6827517189962,55.52181950971543,210.92,18.3,92.5,85.0,1455.0,0.0,16.6,2.2,0.0027,48.12,14.2,104.0,162.0,72.0,31.4,1186.0,35.4,3.0,0.692,21.8,161.0,02.10,76.0,74.2,8.3,41.83986821116281,14.0,39.0,1.9336549815629716
North Macedonia,73.0,33.0,6.82799662385053,3072.0,39.0,1065.0,3.3,0.08,5.89,269.2829923614556,71.1,157.93,6.1,85.78835850111496,33.3,24115.338237346194,0.0,22.4,1.2,0.00068,37.2,70.7,39394.626979113,2418.0,76.0,41.53501416370103,5886.0,75.6,1.3,0.77,26.0,105.0,09.80,540.0,74.8,7.2,35.81373132978933,14.0,35.4,2.0416878439558994
Cameroon,24.0,46.6,8.9,2733.0,18.5,138.0,3.1,2.56,2.77,389.0,52.4,15.27,74.8,26.1,30.0,13279.455850885337,0.0,11.4,1.4,0.412012092467128,109.20260590568898,73.0,2596.0,785.0,96.0,12.8,1502.0,20.5,4.44,0.576,19.0,124.0,24.60,86.0,62.4,15.9,40.41292618229588,10.0,14.4,2.123323231040894
Yemen,21.0,36.7,0.1,2154.0,18.21455502894711,117.90366311232128,5.2,2.33,1.95,1294.0,52.16209194093227,43.97,58.4,13.7,97.2,-2116.36842425706,0.0,17.1,6.8,0.2605026678947979,95.74375902687859,0.01,2080.0,3016.651832857311,98.0,27.3,937.0,22.9,3.61,0.455,23.0,53.0,23.85,35.0,66.6,7.1,43.85271274844463,7.0,14.7,2.109247878414975
Iran,2.0,40.9,1.0,3087.0,31.7,1115.0,4.0,1.04,2.2,1.9,51.1,46.69,13.9,36.8,99.4,102691.0,0.0,25.8,2.5,0.064,98.89470509366583,0.95,29617.0,7587.0,78.0,21.5,11183.0,88.8,2.14,0.774,23.8,228.0,17.25,863.0,77.3,5.1,37.01829832029543,12.0,23.1,2.3
Azerbaijan,22.0,33.7,0.8,3149.0,32.6,507.0,2.5,0.98,2.68,725.0,65.4,152.07,20.4,98.4,97.3,542.0,0.0,19.9,2.3,0.049,66.75813998292773,3.1,69648.0,2118.0,36.0,28.7,4202.0,75.3,1.7,0.745,23.7,208.0,11.95,174.0,71.4,4.0,43.15064915797784,14.0,15.9,2.397375857353752
Moldova,70.0,26.0,15.2,2383.0,37.7,827.0,6.7,-0.24,5.78,136.31273045818938,59.1,155.18,14.4,95.8,0.4,20529.712282311913,-16.320985598174524,18.9,4.1,0.013,114.01,95.3,-12149.088531767396,1883.0,21.0,25.3,2954.0,100.7,1.28,0.767,25.8,182.0,09.45,211.0,73.3,12.2,50.92159090940983,14.0,22.7,1.8660874190487475
namibia,64.0,59.1,9.8,2469.0,21.8,874.0,8.4,2.12,6.52,357.8533763263975,58.7,73.05,42.4,56.7,0.4,106.0,0.0,17.2,11.9,0.00068,96.44563138874929,90.0,-16378.747905751341,2449.650731645761,92.0,25.6,4215.0,36.9,3.29,0.615,29.2,295.0,19.95,205.0,64.6,13.5,34.6036708544496,7.0,34.0,2.072047264934561
Bolivia,33.0,43.6,4.8,2412.0,25.3,573.0,7.3,1.47,5.08,215.15962540727037,42.3,46.04,26.0,67.5,0.0,1578.0,0.0,20.2,6.2,0.0034,64.69691243888354,89.0,2681.0,4071.0,89.0,32.1,3133.0,40.1,2.65,0.692,24.1,164.0,21.55,38.0,72.1,6.8,37.56751901139823,14.0,50.0,1.9839410041781889
Uganda,24.0,42.7,9.5,1981.0,15.7,95.0,2.6,3.23,4.94,143.0,59.7,37.27,45.8,36.1,14.0,288.0,0.0,5.3,9.7,-0.7461526191269794,60.57914372442684,88.6,1252.1342621521617,426.0,93.0,24.7,846.0,22.2,4.7,0.525,18.2,124.0,22.80,53.0,66.7,10.4,43.38437624961411,12.0,11.7,1.9069834543502007
Senegal,42.0,38.1,0.7,2545.0,19.4,153.0,4.8,2.77,5.67,218.3963930701342,56.3,16.86,45.3,21.5,97.2,3555.6446544911596,0.3,8.8,0.3,-0.3214829971347992,75.55665603629143,4.2,39237.10708172535,686.0,96.0,14.3,1458.0,27.8,4.49,0.511,22.2,68.0,27.85,54.0,68.6,11.0,38.85802060285885,13.0,17.7,2.09027225695679
Armenia,102.0,25.2,5.5,2997.0,36.6,1356.0,2.3,0.15,5.35,359.1939608880052,67.7,209.03,11.8,98.9,0.03,396.0,0.0,20.2,1.8,0.00068,74.53736796410652,97.9,19474.74894041248,1787.0,79.0,32.0,4266.0,73.2,1.76,0.759,26.3,74.0,07.15,396.0,76.0,2.7,39.00581578115653,14.0,27.7,1.864814090779174
Myanmar,17.0,30.7,4.8,2673.0,30.22080110683233,229.0,2.2,0.9,3.04,271.4465692008845,53.6,31.48,44.7,58.2,-8.137500945344101,3660.0,89.9,7.290871204363798,2.3,-1.3537341584304254,111.30897435422509,6.2,138.0,691.0,96.0,66.9,1292.0,30.4,2.12,0.585,20.5,171.0,13.05,18.0,69.1,3.0,46.08032927403545,7.0,10.7,2.0716008166874365
Syria,24.0,37.5,0.3,2726.0852545343,23.5,1112.2789409947231,5.1,0.2,1.43,3753.0,66.62464164253558,111.43,21.5,39.0,86.0,1138.0,0.9823527480379006,27.8,0.9,0.00068,117.51332795281797,10.0,1544.0,96.0,89.0,36.1450782126606,890.0,29.3,2.73,0.577,26.3,60.0,17.75,40.0,72.7,2.1,48.855725637095446,10.0,21.2,2.279493989290776
Gabon,35.0,38.0,11.5,2633.0,21.0,401.0,2.7,2.17,3.54,-70.92052194141695,56.3,30.16,42.5,60.6,10.0,-4138.665827623394,-1.9081076049030194,15.0,8.865784486345092,0.8384230676918012,75.72983040877375,88.0,78388.0,3246.0,81.05083080091,15.526855864506945,6789.0,44.4,3.87,0.706,20.4,241.0,25.05,85.0,66.5,13.1,42.996135805966404,13.0,46.0,2.3021735035153092
Bosnia and Herzegovina,23.0,33.0,6.4,3307.0,43.3,1297.0,4.160255347945162,-0.22,4.84,305.2239472570195,61.9,174.03,5.9,86.0,50.7,43007.640903481355,-0.7259756433329194,17.9,1.2,0.0034,44.85,45.94,6821.462644720392,3949.0,75.0,46.6,6035.0,70.9,1.24,0.78,27.1,83.0,09.85,474.0,76.8,8.3,35.77416628566092,14.0,21.4,2.003250092477479
Barbados,100.0,39.112989264185686,9.6,2956.0,39.5,1080.0,4.7,0.24,6.144601694006602,3.71106282032801,64.7,110.48,12.7,98.5,1.5,-291.4401508393639,0.0,23.1,9.8,0.00068,105.71,74.0,3546.0,6500.0,60.851010238048325,10.2,15449.0,83.1,1.63,0.79,31.8,296.0,26.00,542.0,76.0,0.3,31.75574099007636,12.832319880906217,88.7,2.0966019498417316
Montenegro,151.0,36.8,8.0,3500.0,39.6,1769.0,5.29431719733115,0.04,5.77,114.26515156291038,60.5,349.21,2.3,93.9,19.1,11646.194335413427,0.0,23.3,2.9,-1.0814159068622136,64.44,78.8,-3195.053943293926,6387.0,71.0,38.7,7626.0,80.4,1.75,0.832,28.6,172.0,10.55,1006.0,75.9,16.2,37.88755505361496,14.0,56.2597920944454,1.893239088996691
Madagascar,41.0,42.6,1.9,1938.0,20.3,68.0,2.8,2.67,5.7,216.75224965506874,56.6,24.84,50.6,49.4,10.0,119.0,0.0,5.3,2.6562240768645164,0.00068,41.4,85.0,-44333.865005428466,376.0,93.0,46.7,470.0,8.7,3.98,0.501,18.4,102.0,22.65,15.0,65.3,9.2,40.09912008191833,13.0,17.6,1.7904276831559285
Algeria,2.0,27.6,0.9,3322.0,28.9,741.0,4.3,1.67,3.77,277.66495919373835,46.2,141.53,23.3,19.5,99.0,3955.0,0.0,27.4,1.3,1.2452921620918271,66.45724698712507,0.01,24959.0,1777.0,95.0,22.2,3368.0,59.6,2.94,0.745,28.2,153.0,22.50,176.0,77.1,2.6,37.42599726091663,13.0,18.4,2.2096346587699416
Mali,26.0,36.1,1.3,2873.0,16.1,84.0,3.1,2.99,3.93,164.0,58.1,98.68,94.0,13.6,95.0,14.0,0.0,8.6,-0.6940180712799839,2.078989560485306,77.68637314731234,2.4,36543.89432554267,616.0,95.0,16.3,856.0,10.8,5.69,0.428,18.8,33.0,28.25,16.0,62.8,8.0,36.62644148924811,13.0,19.0,2.1033696963000215
Mauritania,76.0,32.6,0.0,2877.0,21.0,188.0,2.6,2.69,3.92,443.30767382666,55.7,160.82,72.9,26.6,100.0,-12775.803358952398,-4.28713120991004,12.7,1.7183277919538718,1.3595179135106399,84.3997998789203,0.14,53149.444872789056,982.0,97.0,21.3,1702.0,19.9,4.45,0.556,19.0,53.0,27.65,20.0,68.4,5.5,39.21107107004282,7.0,29.9,2.1072133714138808
Libya,9.0,36.779911154747225,0.0,2982.3004745726334,25.8,962.2707234584941,2.3,1.33,1.95,405.0,57.721678043957986,75.0,11.5,24.2,97.0,26.0,0.3,32.5,-0.3345477508276975,0.14536752258508834,48.23885097917514,2.7,181710.0,1169.0,102.1527483800224,21.65869977389159,4243.0,20.6,2.17,0.718,29.2,139.0,21.80,97.0,75.8,4.5,40.63782152984513,14.0,28.6,2.4809825998954986
Nepal,16.0,32.8,2.0,2769.0,25.3,172.0,5.2,1.09,5.22,117.20987069892806,53.8,52.1,30.8,20.8,4.2,74994.71161420319,10.3,4.1,2.3,4.572778196219989,68.34433915068712,0.9,-41498.09495417189,1524.0,93.0,64.5,1135.0,53.9,1.84,0.602,20.1,86.0,08.10,84.0,70.9,9.8,44.98566795919058,10.0,10.0,2.0511880106698857
Burkina Faso,26.0,47.3,8.2,2737.0,17.9,105.0,4.2,2.87,3.73,335.0,59.4,29.79,87.5,8.4,63.8,12.0,0.0,5.6,1.3,-0.0790151143661042,85.74382425836905,22.0,23527.636466077092,750.0,88.0,29.8,831.0,13.8,5.03,0.449,17.9,37.0,28.29,30.0,62.7,14.4,39.09579973845903,13.0,11.2,2.070556434913456
Niger,36.0,37.3,0.5,2601.0,14.8,65.0,3.5,3.81,3.29,395.2498336440407,51.6,58.92,80.4,13.7,98.3,1731.3490505067166,-0.5292753459268802,5.5,4.4,1.2048605608276155,77.06670064435667,0.5,324.0,650.0,98.0,9.7,568.0,8.7,6.74,0.4,17.2,47.0,27.15,8.0,63.3,10.1,38.69879587144478,13.0,11.2,2.0374051319252984
Seychelles,180.0,32.1,13.8,2703.416602256588,36.8,1395.0,4.4,0.5,6.363850514712924,-10.263313257869896,61.4,79.23,14.2,71.5,1.1,-3620.920280926075,0.0,14.0,12.5,-2.4117778836730093,100.20958533831981,94.7,-21384.4149006535,3282.0,69.8714404477875,28.7,10767.0,52.3,2.29,0.785,25.2,324.0,27.15,1119.0,73.3,7.7,40.41977501921221,7.0,51.1,2.0240394500073857
Rwanda,29.0,43.7,9.0,2188.0,19.7,141.0,3.1,2.36,3.1,-144.92017696157168,71.1,7.23,34.3,24.3,4.8,21851.056625639103,8.7088532338257,5.8,2.6,0.8317656201953678,102.2059381406724,93.6,-92550.29270443376,-3366.9564849852213,95.0,24.8,798.0,19.7,3.93,0.534,20.6,511.0,17.85,55.0,69.1,9.5,47.44629368803564,14.0,4.4,2.1014938400446175
Benin,26.0,37.8,3.0,2755.0,17.0,77.0,4.0,2.73,4.58,82.85469798184168,55.3,8.4,90.3,7.0,27.7,84.0,0.0,9.6,1.1,2.434830132453275,102.03156948185796,42.8,4321.129113135277,865.0,93.0,16.7,1254.0,12.1,4.7,0.525,18.7,70.0,27.55,50.0,63.4,12.7,40.45009013083692,13.0,16.2,2.104826152006597
Tajikistan,38.0,34.0,3.3,2109.0,25.3,245.0,5.2,2.06,1.94,796.9657948350487,55.6,54.54,33.8,98.1,97.9,132.0,0.0,14.2,0.9,0.39167212861170775,73.04552737584834,1.4,33.0,265.0,85.0,34.532636050069335,838.0,20.1,3.52,0.685,22.5,121.0,06.40,34.0,69.5,5.3,38.36165723139842,14.0,8.7,2.0455935901417672
Bhutan,108.0,37.4,0.6,2922.2639760456773,29.1,364.0,6.6,1.18,5.71,0.0,62.9,21.63379915848381,28.5,14.9,0.2,50588.88065440858,74.7,6.4,2.5,-2.200643194019447,128.8734257623231,1.0,-31582.165971434675,609.0,96.00866391259748,47.15377111387674,3218.0,50.0,1.93,0.666,22.8,145.0,07.40,265.0,73.1,5.1,46.490692406143914,10.0,3.0,1.9672612685476256
Haiti,24.0,41.1,5.8,2121.0,24.1,137.0,2.5,1.2,4.22,34.0,52.7,18.98,62.8,8.5,0.0,-12260.587944799743,0.0,22.7,6.7,-3.4568252456577024,88.62512251282266,96.0,41650.89693134438,1014.0,85.0,12.3,1360.0,11.8,2.84,0.535,23.7,97.0,24.90,11.0,64.1,11.2,44.932429631676015,10.837191760798637,15.3,1.911186426193598
Malawi,39.0,38.5,3.7,2392.0,16.8,104.0,4.0,2.87,5.74,208.93165115535328,51.4,7.98,41.6,35.1,20.0,117.0,0.0,5.8,1.8,-0.7596500456825819,64.83341618826876,81.95,3388.8669471565227,266.0,97.0,24.1,615.0,12.9,4.05,0.512,17.9,71.0,21.90,50.0,65.6,10.6,43.36114720785197,7.0,5.1,1.9643164710989807
Chad,18.0,37.5,1.5,2115.0,16.1,72.0,2.9,3.01,1.55,209.0,49.9,20.63,113.8,7.0,58.0,-1012.9996059977566,0.0,6.1,7.495810162032005,-0.3264295699110864,119.2246407181579,35.0,5228.0,1298.0,95.0,13.9,679.0,5.6,5.55,0.394,18.8,59.0,26.55,4.0,59.6,13.2,42.93459157153711,13.0,14.3,1.9314571971776098
Botswana,8.0,53.3,8.4,2342.0,25.7,929.0,7.8,1.79,7.62,500.6115583509097,69.5,117.74,41.6,40.7,0.4,158.0,0.0,18.9,15.2,0.00068,77.06163980378909,71.6,22007.313838284055,1933.0,77.0,33.2,6711.0,36.7,2.8,0.693,26.4,208.0,21.50,332.0,62.2,20.2,37.822533580266885,8.0,27.3,2.045131941329831
Cape Verde,99.0,42.4,5.7,2541.0,26.8,347.0,5.2,1.25,7.65,-309.3341881691347,62.41788393536015,115.64,14.9,36.8,2.0,5356.606094234565,0.732044666779263,11.8,6.5,-1.6967604796593445,53.79205622584311,89.1,-39489.662554953946,1673.0,84.75597166396132,20.6,3064.0,37.08083648951958,2.21,0.662,21.5,296.0,23.30,119.0,71.87759005491176,15.2,44.01971615966417,16.0,26.3,1.910205195182969
Sierra Leone,36.0,35.7,5.7,2369.0,19.1,137.0,4.6,2.12,4.86,358.44270695946824,47.5,7.0,109.2,3.7,78.6,-9422.310230601579,0.3,8.7,1.7,-0.6363678498490426,96.17241794325213,15.45,-43028.39504143267,575.0,90.56109154171708,43.7,475.0,11.9,4.08,0.477,23.1,60.0,26.05,25.0,60.8,11.3,39.911216332212604,14.0,6.1,1.8864650017539408
Djibouti,71.0,41.6,0.5,2694.0,24.9,110.0,8.4,1.51,2.71,606.3479568831561,47.1,59.81,57.5,35.18568396715172,97.0,-1255.16173717755,-4.710221898098219,13.5,6.75193733248054,-2.2088048728755663,77.31931911001351,6.0,51393.2441146723,-854.6036292669196,96.0,25.837526761195438,3465.0,48.2,2.63,0.509,26.9,71.0,28.00,36.0,65.8,11.9,34.431606325826735,13.0,17.1,2.0771429160303043
Guinea,20.0,29.6,1.3,2746.0,19.1,95.0,2.2,2.57,3.08,416.1611431641685,55.7,20.62,98.8,13.1,89.1,-2212.3924664948136,0.0,7.7,0.849923713544741,0.5300476709233504,103.49253805367812,8.9,13014.86447031959,1016.213268274907,96.0,23.578720676671267,1179.0,10.7,4.55,0.465,19.8,28.0,25.70,11.0,61.0,12.3,40.550417228792185,10.0,6.5,2.094388366849983
Belize,75.0,49.8,6.7,2775.0,23.9,426.0,7.4,2.05,5.553834801232166,230.56695651895154,55.4,80.3,12.3,44.8,0.2,1201.6451379172504,0.5,24.1,25.7,-0.07115505543498735,49.44,76.7,2391.0,5850.0,62.0,15.0,3988.0,44.1,2.25,0.683,28.6,307.0,25.35,114.0,74.4,7.7,39.76190378002505,7.0,74.7,2.1863485583125684
Afghanistan,7.0,34.04110164422325,0.2,2040.0,19.5,300.0,4.1,2.41,2.85,1180.0,51.5,62.23,60.3,20.3,99.7,2795.0,0.0,5.5,6.7,-0.8926977989431215,76.27518639165015,0.02,-55979.8665432751,858.0,97.0,36.9,508.0,10.1,4.18,0.478,15.5,87.0,12.60,9.0,63.2,6.0,45.7340503198567,12.0,-3.3524003508126725,1.8959871873378271
Suriname,30.0,57.9,5.1,2698.0,31.0,1263.0,6.300744707086929,0.87,6.82,56.3781154869706,48.1,48.97,18.0,76.0,14.3,47.0,0.6,26.4,5.4,0.0014,69.7354804090939,50.0,24804.0,9501.37428002898,72.97980424323814,27.42707680967574,7023.0,45.0,2.37,0.73,29.3,183.0,25.70,100.0,71.5,25.9,35.46941728831593,12.36213825658487,40.3,2.145423802342755
Togo,26.0,42.4,3.1,2443.0,20.0,124.0,5.0,2.45,2.8,211.0,50.3,7.96,66.9,20.4,20.0,5967.3605453314085,0.0,8.4,8.508285388281433,0.3929309802029106,78.53466056529072,29.0,3552.1888128781575,757.0,80.0,14.4,863.0,11.1,4.2,0.539,22.3,67.0,27.15,28.0,64.3,14.8,41.11609647139233,14.0,8.5,2.008839831793639
Guyana,36.0,44.6,6.3,2913.0,27.5,622.0,6.3,0.57,6.01,-280.8253773219817,56.8,141.68,29.3,49.9,7.3,42.0,0.0,20.2,20.0,-0.3067240700564131,45.37,64.0,148118.0,2015.0,80.98338149767912,30.2,6956.0,36.1,2.42,0.714,21.5,239.0,26.00,91.0,65.7,40.9,44.593693751481624,9.813733185767472,31.8,2.352788145671574
Liberia,51.0,35.3,5.8,2168.0,18.0,146.0,2.3,2.52,5.32,270.03088963301946,49.7,3.04,84.6,32.8,20.0,-15754.157500394242,0.0,9.9,3.3,-0.9330229950780247,115.35229263163893,85.5,-941.2455334159313,4.0,94.0,16.3,491.0,7.3,4.18,0.481,18.9,54.0,25.30,15.0,64.1,7.4,42.72079083388259,7.0,7.9,1.8860697366571348
Guinea-Bissau,94.0,34.8,4.8,2229.0,18.0,145.0,2.1,2.44,2.63,397.44442420284867,54.0,19.88,78.5,19.5,46.1,-6384.495089761971,18.445066444689797,9.5,1.1,-0.1300879667792305,84.34795075150333,10.0,27898.946289954736,412.0,90.13229254440971,18.0,668.0,3.5,4.621434330023837,0.483,20.9,10.0,26.75,35.0,60.2,12.4,43.135257667251985,10.770356276398632,13.0,1.9587983256921007
Lesotho,53.0,44.9,5.0,2323.0,24.7,274.0,6.5,1.31,6.3,78.20488432365174,53.1,25.35,86.4,51.4,0.1,1894.820638569392,0.0,16.6,43.6,-1.0224792540476901,104.01640965631918,90.0,22568.112314760016,956.0,75.25890613569723,31.1,1061.0,29.2,3.07,0.514,20.9,92.0,11.85,46.0,50.7,87.5,46.144616543680016,10.0,15.4,1.9494403503226845
Fiji,18.0,30.7,3.0,2781.0,29.9,484.0,3.9,0.72,5.72,100.0145312967446,62.2,40.2,25.7,44.9275592650122,6.3,401.0,0.0,30.2,9.892805592788765,2.60047237662595,63.316291914725866,64.4,52948.347635281156,3232.0,79.88710726718844,32.3,5013.0,48.9,2.73,0.73,24.1,274.0,24.40,522.0,68.0,9.5,39.21921960589558,10.0,39.1,2.4325976386270334
Maldives,23.0,29.3,2.7,2235.0,29.5,1507.0,4.1,1.85,3.7280336957498728,20.30677316741398,53.2,111.47,7.6,92.8,98.4,11295.585854450212,0.6,8.6,0.7,4.0443475323042115,74.84126931679094,0.08,-12453.157291974145,-1380.1086562565288,73.16434925840167,38.3,6924.0,52.9,1.81,0.747,21.6,499.0,28.00,238.0,79.6,2.8,41.593316751375454,15.0,16.6,2.2407770472969597
Burundi,26.0,38.6,7.5,2226.7415836146074,17.7,56.0,4.8,3.15,2.14,281.4765650565532,48.9,4.6,56.5,24.9,10.0,1057.4654624427785,10.353803678818906,5.4,6.1,-1.5069318222723567,68.4013467986984,75.0,-30971.042254493106,-2030.9654870492886,96.0,24.0,286.0,4.8,5.24,0.426,20.3,96.0,19.80,9.0,63.8,12.1,43.525807161483435,15.0,3.5,1.828433814518662
Central African Republic,39.0,56.2,3.3,1786.0,20.0,99.0,1.2,1.58,1.32,1421.0,49.1,13.53,110.1,35.7,15.0,13661.298107982497,-2.153990406402972,7.5,20.1,-1.4480498922136196,107.1078940811974,80.0,-59274.540829082514,821.0,94.0,25.682138124437856,481.0,3.7,4.57,0.404,17.3,16.0,24.90,12.0,53.1,23.0,38.31907827407392,14.0,28.0,1.736456980998676
Turkmenistan,1.0,40.8,5.4,2830.0,29.2,997.0,3.0,1.61,1.72,-145.86658773318484,48.4,137.09,42.0,97.6,93.7,450.0,0.0,18.6,4.2,0.0014,96.30535923107675,9.0,28905.0,1834.0,80.0,12.0,7104.0,19.3,2.7,0.745,23.3,552.0,15.10,2.0,69.7,6.1,37.89545551854903,14.0,41.7,2.3854202494855565
Eswatini,14.0,54.6,9.9,2426.0,23.7,618.0,5.809693610871228,1.75,3.08,-15.670474050399719,54.7,56.6,49.4,45.2,2.0,19516.01432011732,-3.1208687994784725,16.5,11.6,0.12064770704452954,91.59387861793192,82.7,29244.71201226415,694.0,79.79044309837874,12.3,3306.0,34.7,2.92,0.597,26.5,278.0,21.40,125.0,57.7,40.5,41.736198599604045,11.575733878000149,27.86846542708986,2.123539554231459
Brunei,2.8,35.881970843446496,0.4,2985.0,31.1,1474.0,4.4,1.25,3.836393679589086,54.05323342227038,65.99956127063864,70.47,11.4,61.6,80.9,91.0,8.6,14.1,0.5,-1.6366170665323718,136.87278305932182,7.1,228321.0,625.8312705143435,84.17670248650477,16.7,27437.0,91.3,1.8,0.829,25.1,186.0,26.85,1584.0,77.74881723961546,2.5,38.315984955478974,7.0,30.444945946101313,2.607943611278809
Sao Tome and Principe,67.0,40.7,6.8,2446.0,19.3,237.0,4.9,2.18,4.41571802111503,236.0208475776572,54.0,22.58,29.8,49.6,3.0,-4967.297537566832,11.57145578600161,12.4,3.3,-0.47285569266623284,58.943604808926466,78.22786861712717,5078.926878584694,1401.0743497014482,84.36422306049468,7.8,2174.0,27.4,4.21,0.618,18.8,116.0,23.75,42.0,70.4,2.2,41.79691581392799,16.0,9.6,2.017677992415238
Vanuatu,27.0,45.73062751985066,1.0,2607.0,23.0,103.0,4.7,2.1,5.083093527154075,278.3987410370072,56.4,25.21,25.9,44.2,0.0,-18163.620021533134,0.0,25.2,8.931406850910008,0.845012586620637,38.70001338527658,76.03956211546216,86960.61773912533,3240.0,90.55593210106328,25.6,2783.0,22.3,3.71,0.607,20.8,72.0,23.95,173.0,65.3,21.0,39.12349929901319,10.0,32.6,2.262174076439823
Comoros,21.0,45.3,0.9,2491.00040771596,20.9,164.0,2.5,2.24,3.09,555.8249355209946,55.4,11.15,62.9,12.8,98.3,20038.207406806847,0.39248015226990063,7.8,-4.107754003935366,-1.0540394451833865,67.72071030765517,2.1,5960.765848785522,1587.0,96.0,39.5,1421.0,8.4,4.07,0.558,20.4,27.0,25.30,24.0,67.4,8.5,39.861456190336874,14.0,7.6,2.012889854942483
