United Kingdom,273.06,35.1,11.4,3344.0,40.6,4608.0,3.9,0.58,8.54,54.4,78.9,232.2,4.3,104.90033007678943,3.3,188000.0,0.4,27.8,1.12,2.0,92.63,59.3,12083.0,27068.0,25.0,37.9,40718.0,96.6,1.56,0.929,31.5,46.477492849080136,08.45,2959.0,81.4,6.9,49.0,11.0,79.6,2.1
France,253.35,32.4,12.6,3502.0,41.7,5228.0,5.4,0.39,7.99,45.0,63.8,241.31,4.5,102.58087661769292,8.8,106799.0,0.5,21.6,1.2,3.0,192.25,51.1,192.0,22752.0,30.0,34.2,38959.0,92.2,1.83,0.903,30.8,93.0,10.70,1664.0,82.5,9.7,45.0,13.0,101.1,2.0
United States,96.06,41.5,9.8,3782.0,38.5,10285.0,5.0,0.71,7.92,17.6,76.8,254.69,6.5,92.67436521682879,1.1,275232.0,1.2,36.2,6.52,39.0,191.97,69.0,33556.0,15080.0,67.0,33.8,63123.0,91.2,1.64,0.921,28.6,639.0,08.55,1875.0,78.5,14.5,47.0,13.9799725199764,124.8,3.2
Germany,160.35,31.7,13.4,3554.0,47.8,6337.0,4.8,0.2,8.67,4.4,73.5,258.7,3.8,128.33304758211113,5.550000000000001,79916.0,0.3,22.3,0.8,0.8,120.93,53.9,424.0,25707.0,40.0,36.4,45909.0,93.3,1.53,0.942,30.9,69.0,08.40,2097.0,81.7,8.3,30.0,14.0,82.1,1.4
Japan,101.41,32.9,8.0,2705.0,48.6,4546.0,3.6,-0.23,8.13,0.3,72.1,72.06,2.5,124.50361273501039,0.1,139078.0,36.2,4.3,0.3,0.0068,167.18,1.1,32.0,16166.0,14.0,33.3,39990.0,94.2,1.34,0.925,27.0,38.0,11.15,1016.0,84.3,12.2,60.0,14.0,45.9,1.1
China,14.39,38.2,7.2,3206.0,38.4,790.0,4.0,0.39,2.27,18.0,58.4,13.497240075158516,7.9,73.9,1.725,208418.0,18.2,6.2,0.5,0.02,172.95,29.226405669020323,2823.0,2084.0,68.62874659072827,26.7,10229.0,72.4,1.7,0.768,24.9,121.0,07.50,527.0,77.4,6.7,35.8,12.0,52.4,1.7
Italy,141.0,35.2,7.5,3503.0,46.5,3733.0,3.8,-0.13,7.74,8.4,62.2,246.88,3.1,96.7,4.8,61966.0,0.2,19.9,0.5,0.18,90.93,83.0,1701.0,13191.330422225408,72.0,26.2,31238.0,85.3,1.24,0.895,31.3,89.0,13.45,2159.0,83.0,4.3,25.0,14.0,90.4,1.5
Spain,170.0,34.3,10.0,3322.0,43.9,3674.0,4.2,0.03,8.12,6.4,65.7,164.29,3.1,94.7,2.6,89962.0,0.0,23.8,0.6,0.088,186.4,59.2,3.0,16558.0,49.0,36.8,27409.0,89.3,1.23,0.905,32.3,122.0,13.30,2202.0,83.2,5.3,41.0,14.0,118.6,1.4
Canada,143.0,33.3,8.9,3566.0,41.8,5427.0,5.5,0.9,9.24,10.0,77.7,187.77,4.9,93.53675780939272,4.9,14625.0,0.8,29.4,2.0,2.7,175.61,53.3,114275.0,24128.0,22.0,28.4,43560.0,89.0,1.4,0.936,29.6,104.0,-5.10,3184.0,82.2,10.3,59.0,12.0,108.1,1.3
Australia,130.0,34.3,10.6,3391.0,37.5,5338.0,5.3,1.3,8.96,49.1,80.9,234.49,3.6,93.74301939701485,3.2,28234.0,2.7,29.0,0.9,0.8,77.88,43.9,12860.0,31771.0,33.0,24.4,55823.0,81.6,1.58,0.951,30.5,160.0,21.65,4109.0,83.0,11.3,48.0,10.0,108.2,2.0
Switzerland,285.0,33.1,11.5,3354.0,42.7,8188.0,5.1,0.83,8.83,2.55,81.9,318.69,4.0,95.7367398066375,5.2,12156.0,0.4,19.5,0.5,0.13,188.69,68.0,365239.70036376733,28767.598143314244,23.0,28.3,86919.0,91.4,1.46,0.962,30.1,80.0,05.10,5461.0,83.4,9.8,49.0,10.0,72.9,2.4580388955869106
Singapore,471.0,45.9,2.5,3018.2553502482124,35.6,3985.0,2.9,1.4,6.03,-541.3707416002278,89.4,56.01030243464538,2.5,84.0,15.6,12000.0,33.9,6.1,0.2,0.0061,245.5,18.0,380415.37225379376,20752.671192910813,70.0,16.4,58114.0,81.1,1.1,0.939,27.9,185.0,26.45,4232.0,83.2,9.7,33.64021724343482,10.0,71.1,-1.8900928214300743
Belgium,269.0,27.2,12.1,3769.0,41.6,5682.0,6.5,0.58,7.51,175.18697715078395,67.3,236.19,3.4,105.31794422283656,7.6,13913.0,0.2,22.1,1.7,0.2,107.12,65.0,79992.50442861998,24005.0,33.0,33.4,45028.0,86.3,1.55,0.937,30.0,95.0,09.55,2976.0,81.4,13.9,43.0,12.0,86.1,2.756999577697635
Austria,165.0,30.2,11.6,3695.0,44.5,5905.0,5.5,0.24,8.16,25.4,72.0,258.09,3.5,102.75861519641359,8.0,8056.0,0.2,20.1,0.7,0.07,117.31,60.0,1196.0,22065.666709651763,17.0,52.3,48106.0,86.1,1.44,0.916,30.3,95.0,06.35,3044.0,81.6,10.4,39.0,14.0,94.1,0.9914820276322098
Norway,133.4,27.7,7.5,3371.0,39.5,7019.0,8.0,0.94,9.81,7.0,73.0,261.34,2.4,79.60977880281166,3.2,10204.0,0.6,23.1,0.6,0.0088,159.99,76.7,324349.0,21070.400104408327,22.0,44.0,66871.0,94.8,1.48,0.961,34.1,49.0,01.50,4654.0,82.6,11.8,48.0,15.0,61.7,1.631573129514451
Finland,218.0,27.7,10.7,3343.0,42.8,4485.0,6.9,0.36,9.2,8.8,74.9,430.76,2.4,111.9377498710358,1.8,9368.0,0.0,22.2,1.6,0.0088,119.32,69.8,161866.52805804787,18683.53415867529,23.0,35.7,48685.0,87.3,1.37,0.94,32.1,53.0,01.55,3948.0,81.6,13.4,41.0,15.0,67.4,2.1654471781281837
India,19.9,35.7,5.7,2533.0,28.7,189.0,3.1,1.1,6.61,12.6,55.2,84.5,34.3,45.4,14.6,90000.0,0.8,3.9,3.0,0.032,55.72,2.3,438.0,674.0,90.0,54.5,1931.0,59.5,2.18,0.633,25.3,35.0,23.65,138.0,70.8,12.9,77.67277193258889,7.0,5.2,2.4
Brazil,38.0,48.9,7.8,3301.0,33.2,1417.0,6.2,0.75,6.92,10.0,51.9,149.28,11.0,74.3,0.36,46829.0,0.1,22.1,22.45,0.62,90.3,90.0,13484.0,2923.0,85.0,23.8,6797.0,77.1,1.71,0.754,30.0,357.0,24.95,416.0,75.9,6.4,16.0,12.0,82.4,1.2
Netherlands,52.0,29.2,8.7,3297.0,42.8,5811.0,5.5,0.29,8.96,18.0,76.8,341.47,4.0,94.61857681930871,5.0,16502.0,0.2,20.4,0.6,0.2,152.94,40.4,1842.0,24925.0,33.0,34.3,53334.0,90.7,1.55,0.941,30.9,63.0,09.25,3534.0,81.8,9.3,45.0,12.0,89.3,1.4
Denmark,158.0,27.7,10.4,3401.0,42.0,5817.0,7.6,0.38,9.15,11.0,76.7,277.3,3.8,81.02509687117339,5.4,13096.0,0.2,19.7,1.0,0.043,210.71,79.0,10817.0,27308.99546259857,19.0,37.3,61477.0,92.4,1.67,0.948,32.7,68.0,-3.70,5110.0,81.3,7.6,44.0,15.0,145.9,0.7998844669685896
Russia,32.0,36.0,11.7,3345.0,40.3,1556.0,3.7,0.01,3.31,4.0,58.9,163.57,5.8,99.2,11.0,115171.0,0.1,23.1,7.3,1.0,87.01,61.8,69689.0,2489.0,34.0,33.3,10166.0,89.5,1.5,0.822,24.9,325.0,-5.35,819.0,73.2,21.6,58.0,13.059528753156428,51.0,3.1
Turkey,55.0,41.9,2.0,3711.0,32.2,1146.0,4.4,1.37,4.48,8.5,64.6,193.94,10.0,88.1,93.5,75667.0,0.0,32.1,2.5,0.098,62.52,0.2,783.0,7458.0,64.0,32.9,8538.0,82.5,2.04,0.838,24.8,335.0,09.90,635.0,78.6,2.3,28.0,12.0,19.3,2.1
Greece,298.0,33.1,10.4,3382.0,45.3,2403.0,4.1,-0.21,7.39,37.1,57.7,255.26,3.8,92.5,2.85,6826.0,0.0,24.9,0.8,0.028,36.73,93.0,112.0,10758.0,71.0,54.9,18117.0,75.9,1.34,0.887,29.9,107.0,15.40,1884.0,81.1,3.6,40.0,15.0,78.7,1.9290318160835165
Mexico,43.0,45.4,6.5,3157.0,29.3,1101.0,4.9,1.23,6.07,35.4,64.7,111.87,14.2,78.9,0.01,7521.0,0.0,28.9,28.4,0.27,48.35,88.9,13494.0,3104.0,73.0,24.0,8326.0,71.3,2.08,0.758,26.0,166.0,21.00,231.0,76.0,5.3,21.0,14.0,58.6,0.5502706110126416
Portugal,128.0,32.8,12.3,3480.0,44.6,3285.0,4.9,-0.39,7.9,8.0,65.3,205.04,3.7,80.5,0.4,7868.0,0.6,20.8,0.9,0.021,150.39,84.3,-32658.572321446612,9935.0,72.0,25.7,22413.0,74.1,1.4,0.866,31.0,111.0,15.15,2821.0,81.6,7.2,33.0,15.510530471729226,91.1,0.1999747130974585
South Korea,33.0,31.4,10.2,3420.0,43.2,3241.0,5.1,0.36,8.01,2.0,72.3,29.05,3.2,96.87614295033751,0.1,63476.0,22.9,4.7,0.6,0.00068,241.58,10.991854531851686,11426.25594047876,19986.0,33.0,28.5,31947.0,95.4,0.84,0.925,29.0,105.0,11.50,1762.0,83.3,21.2,69.0,12.0,48.0,2.8
Indonesia,30.0,37.9,0.8,2884.0,31.1,335.0,3.6,1.05,6.3,136.0,65.8,14.82,23.9,70.1,86.7,135081.0,0.8,6.9,0.4,0.00068,21.808824951411225,10.72,2389.0,2449.0,96.0,35.4,3870.0,71.6,2.27,0.705,20.0,93.0,25.85,181.0,71.3,2.6,11.0,12.0,8.3,1.518937880908637
Poland,60.0,30.2,11.6,3537.0,41.9,2022.0,4.6,-0.17,6.85,8.0,67.8,205.39,4.4,93.0,0.02,21130.0,0.0,23.1,0.7,0.03,130.98,94.3,470.0,9358.0,50.0,39.6,15764.0,90.6,1.38,0.876,27.0,181.0,07.85,1364.0,78.3,9.3,43.0,13.0,78.1,2.1
Argentina,72.0,42.3,9.8,3307.0,32.4,2217.0,5.5,0.94,6.95,232.2777768109512,52.2,195.08,9.3,97.9,0.9,28010.0,0.0,28.3,5.3,1.2,51.51,77.0,10720.0,7466.0,65.0,34.0,8476.0,74.1,2.23,0.842,33.2,230.0,14.80,341.0,76.6,8.1,21.965534889840455,16.0,79.7,2.5918904978165918
Malaysia,68.0,41.1,0.9,2845.0,29.2,1033.0,4.7,1.35,7.19,327.39512456420346,74.0,25.28,8.6,47.1,63.5,15354.0,19.8,15.6,2.1,2.450899272661644,103.34,9.2,15604.0,2665.0,96.0,29.5,10402.0,75.5,1.97,0.803,25.0,212.0,25.40,1135.0,74.7,5.8,41.99164666619279,10.0,50.9,2.7178712812906776
Ireland,701.0,30.6,13.0,3885.0,37.8,5862.0,3.7,0.78,9.05,16.0,80.5,291.86,3.3,114.85227775644915,1.4,31043.17642149795,0.2,25.3,0.7,0.018,112.81,83.8,413613.4859402487,25184.0,54.0,35.6,86251.0,80.7,1.63,0.945,34.8,74.0,09.30,3309.0,81.8,8.9,52.0,10.0,106.3,6.643641448415191
Ukraine,81.0,25.6,8.6,3102.0,41.2,904.0,5.4,-0.49,5.81,168.0,52.3,145.03,8.4,100.0,1.05,24416.0,0.0,24.1,6.2,0.3,67.52,81.9,753.0,2858.0,46.0,37.7,3557.0,71.4,1.22,0.773,25.0,148.0,08.30,434.0,73.0,17.7,54.88954862590313,14.0,32.3,3.0744625657538345
United Arab Emirates,59.0,26.0,3.8,3314.0,38.4,2995.0,1.3,1.39,2.7,-259.41984482666726,77.1,132.66,7.5,42.1,72.0,293.0,2.0,31.7,0.5,6.707699076265243,151.09,9.0,333062.0,11200.812811221578,76.0,19.4,36285.0,95.2,1.37,0.911,25.3,104.0,26.65,1061.0,76.1,5.2,38.22742304046682,7.0,74.4,1.2117526039361257
Saudi Arabia,31.0,45.9,0.2,3307.0,30.8,2696.0,5.6,1.9,2.08,477.939387849376,60.7,83.65,6.6,51.4,96.2,2387.0,0.3,35.4,1.3,52.430343326171084,90.24,5.0,265991.0,9600.0,96.0,14.2,20110.0,75.2,2.24,0.875,20.4,207.0,24.65,1037.0,74.3,5.4,26.0,12.0,44.6,6.6
Mauritius,2.01,36.8,3.6,3051.0,36.3,1303.0,4.8,0.23,8.14,653.8842812024968,73.0,117.27,16.0,64.6,17.3,80.0,0.0,10.8,2.9,0.7803073028141227,159.0045104575329,32.2,58770.03029920021,2538.0,79.08784887887151,25.5,8587.0,54.1,1.44,0.802,25.4,218.0,22.40,356.0,74.1,8.8,-5.0106678041507,0.0,39.6,4.086084380435653
New Zealand,90.0,36.2,10.7,3191.0,37.2,3891.0,6.4,0.93,9.25,12.0,84.4,137.25,4.7,93.52316166849948,0.9,3600.0,1.6,30.8,2.6,0.051,153.88,37.0,1607.0,31274.0,18.0,29.6,43972.0,83.3,1.61,0.937,29.4,188.0,10.55,3286.0,82.0,10.3,39.0,10.0,142.1,1.1889779762147628
Chile,82.0,44.9,9.3,3029.0,35.5,2359.0,5.4,0.78,8.28,7.4,75.4,116.11,7.0,89.9,0.0,5641.0,0.0,28.0,4.4,0.11,176.48,68.0,252.0,5328.0,60.0,46.9,13232.0,76.3,1.61,0.855,32.6,210.0,08.45,871.0,80.7,8.0,27.0,14.0,66.4,0.1782105334776274
Kazakhstan,91.0,27.8,7.7,3067.0,31.6,727.0,2.8,1.13,3.14,0.6,65.4,288.12,10.5,99.5,70.2,1226.0,0.2,21.0,3.2,0.017,56.12,26.2,91149.0,797.0,53.0,34.2,9111.0,72.5,3.13,0.811,24.3,157.0,05.50,279.0,74.0,18.1,48.05375414625766,14.0,44.8,2.4287452288208824
Qatar,83.0,41.1,2.0,3371.1966046695675,33.7,3047.0,2.9,2.36,3.24,-481.5819030553371,72.6,132.69456786688806,6.5,41.0,77.5,209.0,3.1,35.1,0.4,6.546124439924256,105.2,13.8,465768.0,13121.736966613447,93.0,13.5,50815.0,94.2,1.83,0.855,25.4,53.0,27.15,1815.0,77.2,4.7,58.01384408153291,10.67346027404301,90.5,1.843085415873797
Egypt,34.0,31.5,0.4,3292.0,24.1,551.0,3.8,1.87,2.93,1200.0,52.5,59.46,20.3,43.2,92.35,23000.0,0.0,32.0,2.6,0.00068,39.66,10.0,5387.0,5414.904384954425,96.0,24.3,3609.0,50.1,3.24,0.731,25.0,116.0,22.10,298.0,71.8,3.4,64.8070685679181,12.0,22.5,10.196058377877737
Thailand,33.0,35.0,8.3,2804.0,39.0,700.0,4.1,0.22,6.04,0.4,68.3,29.35,9.0,78.7,5.4,6750.0,93.2,10.0,2.6,0.0014,206.81,1.2,2647.0,3220.0,98.0,31.7,7189.0,75.5,1.5,0.8,21.0,449.0,26.30,312.0,77.7,8.0,153.211484370895,7.0,27.9,3.8465205514838887
Hungary,160.0,30.0,11.4,3316.0,43.6,2098.0,4.7,-0.34,6.56,30.7,65.0,159.05,3.7,99.1,0.5,11645.0,0.0,26.4,0.8,0.32,193.8,58.935,1830.0,6373.0,39.0,37.4,16129.0,76.8,1.56,0.846,29.3,169.0,09.75,1250.0,76.4,11.8,32.0,12.0,100.7,1.290617005746264
South Africa,57.0,63.0,9.3,2899.0,28.0,1155.0,6.2,1.2,7.05,36.0,58.3,55.75,34.5,72.1,1.9,5418.0,0.2,28.3,33.5,0.35,43.91,79.8,16.0,3671.0,85.0,23.5,5094.0,53.6,2.36,0.713,33.0,248.0,17.75,472.0,65.3,23.5,14.0,12.0,39.0,-0.24334505894992198
Czech Republic,76.0,25.3,14.4,3277.0,43.3,3079.0,5.6,0.06,7.67,22.0,73.7,195.2,3.2,107.20698794306816,0.15,17330.0,0.0,26.0,0.7,0.026,85.89,34.0,160.0,8683.0,16.0,34.2,22911.0,79.5,1.71,0.889,29.8,179.0,07.55,2358.0,79.1,9.5,31.0,15.0,77.3,0.2762026555555801
Pakistan,43.0,29.6,0.3,2486.0,22.0,150.0,2.9,1.91,4.31,943.0,55.0,183.13,67.2,27.1,96.5,3811.0,0.0,8.6,3.9,1.1866811108735078,101.69950333905217,1.6,350.0,1289.0,92.0,37.5,1167.0,60.8,3.39,0.544,23.2,38.0,20.20,127.0,65.6,9.8,144.37372066817997,7.0,12.3,10.10739367126521
Colombia,57.0,54.2,5.8,3114.0,31.2,1156.0,4.5,0.81,7.04,971.0,67.3,108.47,13.8,81.4,0.2,17066.0,0.0,22.3,22.6,0.014,53.73,92.0,14424.0,3879.0,83.0,15.1,5333.0,59.3,1.77,0.752,22.7,194.0,24.50,296.0,79.3,3.7,27.0,14.0,33.9,7.103177232043916
Cyprus,849.0,31.2,10.8,3019.0,37.9,2795.0,6.4,0.78,7.56,94.97664753235006,68.1,113.31,2.3,93.8,25.3,930.0,0.2,21.8,1.2,0.0034,50.46,79.0,223284.27792327316,17636.141090251447,25.0,40.9,28133.0,76.5,1.31,0.896,29.0,86.0,18.45,4087.0,83.1,3.2,31.269982841650915,14.0,131.3,0.23535502978455813
Venezuela,23.0,39.0,5.6,2120.0,30.0,639.0,3.6,1.26,2.76,898.802083046216,25.9,117.79,24.2,88.1,0.4,2275.0,0.0,25.6,36.7,0.041,-36.64129877059531,88.0,21016.0,10.32,79.0,25.88827379248687,3740.0,72.9,2.23,0.691,22.7,134.0,25.35,49.0,73.9,2.1,69.93036317061492,12.354950700981362,56.6,8.364439461626898
Romania,58.0,34.8,12.6,3581.0,42.5,1627.0,3.1,-0.5,6.4,7.0,68.6,238.33,7.0,96.8,0.65,14984.0,0.0,22.5,1.5,0.06,82.09637141911298,98.0,3403.0,6635.0,84.0,35.0,12929.0,64.9,1.6,0.821,26.7,116.0,08.80,810.0,75.6,7.3,18.606574320334374,13.868592068735325,54.5,1.5252519124702344
Malta,691.0,31.0,8.1,3420.0,42.3,3976.0,5.3,0.31,7.68,-114.21436326023627,68.6,190.06,7.0,85.8,2.6,404.0,0.0,28.9,1.6,0.0034,134.48,91.6,233888.65709999553,11245.0,86.0,34.3,33771.0,65.5,1.13,0.918,29.2,153.0,19.20,1974.0,81.9,5.3,27.88382105600718,11.391405081977382,86.9,0.5093778383306118
Sweden,23.0,29.3,9.2,3184.0,41.1,5888.0,7.7,0.72,9.26,36.0,75.2,341.23,2.6,94.88913419440178,7.1,8118.0,0.4,20.6,1.2,0.1,169.0,64.3,96237.99182558805,22019.17303323926,16.0,43.8,53575.0,91.3,1.66,0.947,33.9,68.0,01.75,4141.0,82.4,12.4,46.0,15.0,76.1,1.105366411817493
Israel,33.0,38.6,3.8,3528.0,30.4,3055.0,5.8,1.55,7.84,29.0,72.8,193.6,3.7,79.8,18.0,8411.0,0.3,26.1,1.5,43.0,147.36,3.5,3.0,19690.0,51.0,31.7,47034.0,76.3,2.9,0.919,25.0,234.0,19.20,2402.0,82.6,5.2,46.0,12.0,97.1,5.2
Slovakia,112.0,23.2,11.5,2871.0,41.8,2093.0,3.9,0.04,6.97,-700.9366304625119,65.0,143.14,5.8,101.88780881901141,0.15,9400.0,0.0,20.5,1.2,0.018,101.28,80.0,17.0,8708.0,47.0,32.0,19264.0,81.6,1.57,0.848,28.1,190.0,06.80,1597.0,78.2,9.3,31.0,14.0,67.4,-4.261653995861794
Bangladesh,22.0,32.4,0.0,2563.0,27.9,122.0,2.0,1.04,5.99,307.0,55.6,21.91,30.8,39.4,91.0,78771.09595793439,0.5,3.6,2.4,-2.823276630458679,36.02,0.4,18.0,212.0,96.0,57.6,2001.0,75.9,1.99,0.661,25.0,48.0,25.00,48.0,74.3,3.9,71.05754262270841,9.0,3.1,4.148012145275076
Peru,44.0,43.8,6.3,2775.0,29.1,684.0,3.9,1.2,6.53,223.0,67.8,62.15,13.2,77.7,0.0,4101.0,0.2,19.7,7.9,0.013,51.81,87.0,1150.0,2876.0,84.0,32.9,6163.0,46.5,2.21,0.762,23.5,290.0,19.60,164.0,79.9,2.7,22.930591939345305,14.0,34.5,1.687093495172145
Philippines,27.0,42.3,6.6,2662.0,24.1,339.0,3.2,1.51,6.56,424.0,63.8,15.66,27.3,90.1,8.0,1507.0,0.0,6.4,4.4,0.00068,49.31,85.0,85.0,2835.0,77.0,34.9,3299.0,64.1,2.49,0.699,25.3,200.0,25.55,51.0,70.4,2.5,13.062766614621552,15.0,31.1,3.101636157609822
Iraq,44.0,29.5,0.4,2608.0,21.2,414.0,3.5,2.78,3.62,304.0,62.33442193056544,22.18,25.9,20.4,96.5,-3757.8882883512415,0.0,30.4,10.1,10.1,71.84648333687437,1.2,99172.0,2069.0,89.0,22.0,4146.0,43.4,3.54,0.686,25.3,126.0,21.40,454.0,72.4,4.7,64.93396887603353,9.0,51.55511628966451,2.478343018193269
Morocco,46.0,39.5,0.6,3412.0,29.1,414.0,5.4,1.26,5.04,345.48949077228065,62.9,54.68,21.4,34.1,99.0,3677.0,0.0,26.1,1.3,0.014,89.57466536252832,1.0,1.0,3997.0,96.0,22.5,3108.0,59.5,2.35,0.683,25.7,238.0,17.10,259.0,73.0,7.3,72.14074726033508,12.0,20.6,4.454579179048314
Slovenia,104.0,24.4,12.6,3191.0,44.9,3237.0,4.8,0.07,7.54,18.3,65.5,235.01,2.1,99.3,3.6,5337.305710220244,0.0,20.2,0.5,0.00068,108.47,68.0,-44144.69868271332,15249.0,47.0,25.1,25777.0,77.4,1.6,0.918,29.0,53.0,08.90,3228.0,81.3,14.0,41.0,14.0,88.0,0.5479164712778255
Vietnam,26.0,35.7,8.3,3025.0,31.9,497.0,4.3,1.0,2.94,16.6,55.3,16.36,19.9,76.9,0.1,24589.0,16.4,2.1,1.5,-3.6884285641486088,66.38,8.2,1849.0,1591.0,15.0,29.8,2786.0,69.9,2.05,0.703,22.8,128.0,24.45,177.0,75.20182701135536,7.2,43.90119450809152,14.0,28.6,-0.25371143760548076
Kuwait,51.0,34.46701143188125,0.0,3471.0,29.7,2570.0,3.8,1.78,3.8,409.4561568377916,60.8,157.66,7.9,69.5,74.6,196.0,2.8,37.9,1.8,6.551165425258773,130.66,15.0,541020.0,2400.0,91.0,20.0,24809.0,95.4,2.07,0.831,27.5,117.0,27.15,502.0,81.0,2.7,72.40763361528752,7.0,60.2,8.398799898018506
Sri Lanka,68.0,39.3,4.3,2737.0,33.7,517.0,2.8,0.35,6.14,339.9533328527299,56.4,34.98,7.1,81.0,9.7,4115.0,69.3,5.2,2.4,-1.214798849836228,89.1932083526226,7.4,39251.06941309525,603.0,97.0,28.5,3768.0,32.7,2.17,0.782,23.4,135.0,26.95,128.0,76.9,12.9,70.5722897825382,12.0,6.6,2.5772666600266314
Croatia,89.0,28.9,8.9,3074.0,43.9,1923.0,4.6,-0.58,6.5,7.0,61.4,231.02,4.8,97.1,1.5,-1445.032757001929,0.0,24.4,1.0,0.011,57.3,90.1,2929.0,7075.0,70.0,34.4,13934.0,69.2,1.48,0.858,28.1,84.0,10.90,2010.0,78.6,11.0,35.92323017880804,14.0,49.9,0.8809426354959493
Sudan,121.0,34.2,0.5,2578.0,18.3,206.0,2.2,2.38,2.54,623.0,47.7,155.2,58.4,24.3,96.0,14315.97281605564,0.0,6.6,5.1,2.403665217082647,42.40471791865639,1.5,1489.0,13.0,93.0,25.95849579326307,1415.0,27.4,4.29,0.508,22.0,52.0,26.90,27.0,69.1,4.8,100.06097378203944,12.0,21.0,5.4036730055734905
Latvia,126.0,34.5,12.9,3229.0,44.4,1904.0,4.7,-1.03,7.24,35.3,70.4,174.11,3.6,99.9,0.15,2910.0,0.0,23.6,2.6,0.03,128.69,75.0,24261.294765746687,7096.0,29.0,43.8,17871.0,84.6,1.55,0.863,30.6,175.0,05.60,1349.0,75.4,16.1,40.0,14.0,45.7,1.7968648037894708
Bulgaria,63.0,40.3,12.7,2854.0,43.7,1681.0,4.1,-0.67,6.71,993.311803623036,69.0,155.71,6.7,97.5,13.4,10068.0,0.0,25.0,1.0,0.014,78.84,85.0,153.0,4866.0,34.0,47.5,10058.0,65.2,1.56,0.795,26.9,109.0,10.55,956.0,75.1,6.5,35.64374289423989,14.0,69.4,6.982724008295988
Lebanon,220.0,31.8,1.5,2857.0,33.7,1485.0,2.5,0.57,4.16,412.61327658688776,51.1,114.52,7.2,60.2,67.8,3686.0,0.2,32.0,1.9,3.659804583064897,111.76670991068386,39.5,106436.61279815808,5373.0,87.0,40.2,9310.0,85.0,2.06,0.706,28.8,205.0,15.00,628.0,76.4,2.8,118.05893902906385,7.0,63.1,7.197293281602049
Belarus,66.0,24.4,11.2,3270.0,40.9,1045.0,4.8,-0.15,2.59,-172.80227184441173,57.9,133.73,3.2,98.6,0.75,8205.0,0.0,24.5,2.4,0.057,68.73,55.4,3670.0,2079.0007350908127,34.0,41.8,6377.0,73.6,1.38,0.808,25.3,345.0,06.15,272.0,74.8,16.5,49.066400658872425,14.0,58.6,1.0128773577829273
Angola,41.0,51.3,6.4,2385.0,15.9,181.0,3.5,3.28,3.66,-194.14239018483363,50.6,12.3,74.7,27.0,0.3,22.0,0.0,8.2,4.8,2.222032039152367,102.7173962421075,75.0,34076.0,663.0,88.0,11.193139075491331,1896.0,12.4,5.37,0.586,21.4,93.0,21.55,5.0,63.1,12.6,42.21226389747099,14.0,25.0,-3.2452560031693496
Ecuador,57.0,47.3,4.4,2606.0,28.8,935.0,5.0,1.42,6.13,113.88662648464947,46.9,139.6,14.0,77.7,0.0,2854.0,0.0,19.9,7.8,0.0041,56.22157191794031,94.0,26108.0,5525.0,82.0,18.4,5600.0,53.5,2.38,0.74,21.8,224.0,21.85,308.0,78.4,7.7,39.204905483055285,12.0,45.0,1.3520754566342523
Lithuania,74.0,35.3,15.0,3411.0,44.5,2369.0,4.0,-0.55,7.13,14.1,74.2,295.46,3.7,99.8,0.1,3075.0,0.0,26.3,3.7,0.016,132.67,83.7,247.0,10996.0,40.0,41.4,20772.0,80.5,1.48,0.875,28.3,216.0,06.20,1667.0,76.0,20.2,55.0,14.0,49.5,2.496193794344605
Serbia,62.0,34.5,11.1,2828.0,43.4,1508.0,4.0,-0.34,6.22,28.5,63.9,148.53,5.3,96.6,2.1,11897.0,0.0,21.5,1.0,0.0095,77.88,91.0,2236.0,3610.0,54.0,45.1,7656.0,84.7,1.48,0.802,28.1,158.0,10.55,1158.0,75.9,7.9,49.29619457510651,14.0,42.580154867946476,1.3094792920612628
Jordan,83.0,33.7,0.7,2732.0,23.5,767.0,3.6,2.17,3.62,0.0,66.5,77.68,15.6,87.7,97.2,511.0,0.4,35.5,1.0,0.5588299703488815,67.35,6.0,187536.17801108677,5408.0,96.0,30.7,4283.0,58.1,2.64,0.72,26.6,198.0,18.30,587.0,77.9,2.0,55.148233805136385,12.0,29.8,1.8301683950852068
Cuba,34.0,42.41892625795845,6.1,3344.0,42.1,2484.0,12.9,0.06,2.84,865.6984758588005,27.8,99.94,5.1,99.2,0.1,992.0,0.0,24.6,5.0,0.0034,37.38355481911276,65.0,3052.0,44.0,34.0,40.8,9478.0,50.1,1.59,0.764,21.3,510.0,25.20,187.0,77.8,10.2,21.863020397667697,16.0,32.2,6.843133984490751
Uruguay,50.0,40.2,10.8,3202.0,35.5,2140.0,4.9,0.36,8.61,142.98611516118058,68.6,210.54,7.1,97.1,0.0,3231.0,0.0,27.9,12.1,0.11,53.88,58.1,-14163.221194289159,5336.0,40.0,35.3,15438.0,68.9,1.95,0.809,24.0,337.0,17.55,535.0,77.1,18.8,47.58882561939413,13.0,98.6,2.6957158548967195
Dominican Republic,36.0,39.6,6.9,2892.0,27.9,739.0,4.3,1.07,6.32,577.5542457595429,61.0,73.75,28.0,79.8,0.0,1866.0,0.0,27.8,8.9,0.00068,52.86486182904264,83.0,116113.3656130773,2613.0,87.0,18.7,7268.0,62.9,2.3,0.767,21.0,243.0,24.55,33.0,72.8,5.1,43.07831536071268,11.018233142590589,37.8,5.9413007443462
Mongolia,245.0,32.7,7.4,2579.0,29.8,469.0,4.1,1.5,6.48,-278.09865335753193,55.4,139.82,15.6,94.6,5.0,285.0,55.1,20.6,6.0,6.621456244861633,43.67,1.3,4815.0,1769.0,71.50732296829574,34.1,4007.0,21.8,2.83,0.739,26.0,154.0,01.70,194.0,68.1,18.0,67.88358621225291,14.0,108.8,-1.9758399138342018
Tunisia,97.0,32.8,1.9,3450.0,32.7,673.0,6.6,1.09,6.59,231.8827087359881,55.4,114.47,16.9,39.8,97.8,720.0,0.0,26.9,4.8,0.0068,43.929325584071194,0.1,2986.0,2000.0,93.0,34.3,3318.0,52.2,2.15,0.731,28.7,194.0,19.20,710.0,77.0,3.2,45.78727827591828,13.0,25.5,2.499815800520053
Costa Rica,43.0,49.3,4.8,3029.0,32.6,1541.0,7.4,0.96,8.16,6.6,65.3,183.28,8.6,90.4,0.0,2158.0,0.0,25.7,11.2,0.017,47.93,82.0,37476.68643768318,6145.0,79.0,18.0,12077.0,68.1,1.72,0.809,25.7,374.0,24.80,279.0,80.8,7.6,28.0,12.0,40.4,1.4574684292650408
Iceland,81.0,26.1,9.1,3654.0,37.1,4789.0,7.5,0.77,9.37,10.3,77.1,225.82,2.0,75.63367258362399,0.2,1767.0,0.4,21.9,1.5,-1.8682478861012441,202.40901574552845,72.3,206905.58400113625,20880.089941165934,36.789036763835384,30.2,63644.0,88.9,1.72,0.959,32.7,33.0,-0.70,4622.0,82.3,11.2,40.0,15.0,84.8,2.7221628690679287
Ethiopia,32.0,35.0,2.8,2338.0,19.8,70.0,4.7,2.43,3.38,234.0,53.6,44.14,50.7,13.6,31.3,240.0,0.0,4.5,8.8,0.00068,112.28339205009252,75.0,-21283.298788935877,247.88653965649428,102.45126038345745,6.8,840.0,16.2,4.05,0.498,21.3,99.0,22.20,52.0,68.7,9.5,83.80192418967974,9.0,7.9,1.020762580012362
Kenya,26.0,40.8,3.4,2197.0,20.0,187.0,5.2,2.49,5.05,73.3,55.1,94.86,43.2,54.0,11.2,300.0,0.0,7.1,4.0,0.002,36.72870549598156,85.1,80655.286008053,702.0,94.0,19.3,1879.0,16.7,3.37,0.575,20.2,81.0,24.75,86.0,66.1,11.0,21.6779528155474,8.0,14.3,-1.1668218068544034
Papua New Guinea,111.0,41.9,1.2,2359.566140824407,24.0,91.0,2.7353086075440842,2.01,6.1,132.5357655739598,58.4,12.543357396678402,44.8,33.0,0.0,122.0,0.0,21.3,5.539224750441008,4.792494194919641,26.946352405459038,97.0,4081.0,2086.0,115.3024482893797,54.1,2640.0,9.3,3.48,0.558,21.4,62.0,25.25,25.0,65.3,3.6,52.166924891900806,7.0,73.0,0.583898775182603
Trinidad,76.0,40.3,8.4,2991.0,37.8,1666.0,3.1,0.26,7.16,171.4315856457888,57.0,103.8,17.5,82.8,5.8,28594.557899249252,0.3,18.6,30.6,1.780379260350088,79.89,57.6,43748.0,4615.0,92.0,17.96320547541984,15286.0,69.4,1.7,0.81,29.2,292.0,25.75,320.0,76.1,8.3,12.497779556664426,9.543296820338355,57.8,2.654367152512614
Ghana,30.0,43.5,2.7,3035.0,21.4,178.0,3.6,2.16,6.5,32.9,57.5,9.08,46.2,34.9,19.9,28.0,0.0,10.9,2.1,0.08144249310208806,51.93,71.2,5835.0,433.0,95.0,7.0,2206.0,45.9,3.77,0.632,21.7,43.0,27.20,136.0,66.3,10.5,46.0909044090304,12.0,9.9,-0.0428138700014955
Bahrain,66.0,48.563108751566006,1.9,2921.4075453713976,32.9,2038.0,2.3,4.26,2.49,-2768.2892486772125,66.4,61.5807374105334,6.9,42.3,73.7,40.0,2.5,29.8,0.5,4.501322407460464,58.53,15.0,116433.0,14473.210244721442,94.0,22.2,19925.0,97.8,1.94,0.875,26.3,234.0,26.80,710.0,75.8,7.2,-1.5460802502273339,15.0,70.7,-19.614917767596474
Oman,35.0,43.453249003095834,0.8,2940.0,26.2,1126.0,6.8,4.08,3.0,-657.8473045843298,61.0,152.28,11.4,41.9,86.0,7.0,0.8,27.0,0.3,5.000826884414636,57.53,6.5,214450.0,10263.0,96.0,7.6,12409.0,82.2,2.78,0.816,24.8,45.0,25.60,562.0,73.9,4.5,16.989703717980802,9.0,49.8,-3.9025124263305413
Estonia,89.0,30.8,11.6,3247.0,43.7,2442.0,5.2,-0.23,7.84,15.2,76.6,284.85,2.4,99.7,0.0,3916.0,0.0,21.2,3.2,0.013,78.58,45.0,-84656.04690565122,7897.0,16.0,46.0,23106.0,86.8,1.58,0.89,30.4,173.0,02.00,2865.0,78.9,12.0,41.0,14.0,67.4,0.7195146550686937
Guatemala,28.0,48.3,2.4,2551.0,23.2,514.0,2.8,1.94,4.97,315.0,62.6,46.6,24.5,50.7,0.0,1042.0,0.0,21.2,22.5,0.0061,37.419673940737994,87.0,369.0,3924.0,88.0,14.3,4332.0,66.7,2.78,0.627,21.3,139.0,23.45,24.0,72.0,6.2,85.38173137621132,11.780548067965356,23.8,3.624243656331857
Panama,157.0,49.8,7.9,2851.0,30.1,2511.0,4.1,1.55,7.18,34.830331544518,67.2,70.29,14.9,80.9,0.7,940.0,0.2,22.7,11.1,0.068,125.25,92.0,46935.29768955661,3819.0,88.0,13.4,12269.0,54.5,2.42,0.805,21.6,420.0,25.40,182.0,79.3,2.9,4.577143081306588,12.0,54.5,-0.8325185425858352
Jamaica,122.0,35.0,4.2,2792.0,29.4,621.0,5.4,0.29,7.13,1666.9759049754225,68.6,91.13,13.9,66.6,0.2,-45280.577174178325,0.0,24.7,44.7,0.0034,37.95,65.3,-39468.18262776919,2402.0,70.0,17.4,4665.0,49.9,1.95,0.709,33.2,137.0,24.95,175.0,76.0,2.3,39.72088398885117,10.609348240529698,56.8,11.494210407593798
Georgia,128.0,34.5,9.8,2835.0,38.6,1026.0,3.8,-0.27,5.31,760.0,75.9,149.26,9.6,99.1,10.7,581.0,8.494363319019897,21.7,2.2,0.01,146.61679161357097,88.6,80.0,93.0,81.0,32.8,3984.0,91.7,2.05,0.802,26.6,245.0,05.65,511.0,73.3,7.7,84.74759203851528,14.0,26.0,8.280760163905342
Paraguay,54.0,43.5,7.2,2768.0,29.7,957.0,3.4,1.25,6.18,62.21123984226176,61.8,75.72,19.4,77.8,0.0,1007.0,0.0,20.3,6.7,0.0074,56.89,96.0,-2773.7748721237294,4055.0,92.0,29.1,4950.0,62.1,2.38,0.717,22.7,241.0,23.55,55.0,75.8,6.2,52.7030731973976,14.0,70.3,1.7913948836821083
Tanzania,34.0,40.5,9.4,2373.0,18.2,104.0,3.4,3.06,5.1,277.1559664405803,60.2,40.29,50.3,43.5,35.2,172.0,0.0,8.4,6.5,-1.0214412429485549,89.14942861438249,61.4,21568.827318334952,209.0,89.0,27.8,1115.0,47.2,4.77,0.549,18.9,59.0,22.35,37.0,67.3,8.2,96.515392220454,7.0,10.0,3.002158043978091
Uzbekistan,24.0,35.3,2.7,3011.0,30.1,374.0,6.3,1.41,2.12,1303.9089869123611,53.3,130.81,17.4,99.8,88.7,1003.0,0.0,16.6,1.1,0.02,39.2,2.6,1418.0,1041.0,55.0,24.9,1724.0,49.0,2.9,0.727,22.4,68.0,12.05,99.0,73.0,8.3,25.123582410212407,13.0,20.7,9.520274603635208
Nigeria,2.0,35.1,13.4,2572.0,18.6,161.0,5.94,2.58,4.1,1658.0,57.3,7.91,117.2,21.6,48.0,1314.0,0.0,8.9,34.5,0.00068,214.33,45.9,7051.0,901.0,77.0,9.3,2085.0,63.8,5.25,0.535,21.2,32.0,27.00,63.0,62.6,6.9,153.91649758387317,7.0,8.6,14.410985132617473
El Salvador,56.0,38.8,3.7,2696.0,27.7,751.0,3.8,0.52,5.9,519.6943600024263,61.8,124.34,13.3,65.7,0.28,661.0,0.0,24.6,37.2,0.00068,-16.11910339919268,81.9,-92987.11281306949,3650.0,77.0,15.9,3799.0,31.6,2.0,0.675,22.5,572.0,24.45,16.0,75.0,6.1,32.00214370054735,12.0,21.4,3.3055193067093915
Laos,53.0,38.8,10.4,2758.0,24.0,174.0,2.9,1.45,1.77,919.2882121895066,57.4,2.92,45.5,58.6,0.0,88.0,66.1,5.3,-1.4733841721040335,-4.574083290620166,43.98,2.2,-1129.874245743733,1732.0,96.0,52.5,2623.0,23.6,2.58,0.607,20.5,130.0,22.80,42.0,68.5,6.0,139.17005633160784,15.0,15.0,8.549612506833828
Nicaragua,83.0,46.2,5.2,2582.0,27.3,491.0,4.3,1.07,3.6,471.4805257599403,57.7,85.16,16.6,49.2,0.0,27.0,0.0,23.7,7.2,-1.320355961694304,20.92703139348305,84.6,15343.499204804655,1506.0,70.0,22.542104892068664,1905.0,25.3,2.35,0.667,20.6,332.0,24.90,21.0,75.0,4.7,38.074889504842105,13.0,14.9,2.307336626253682
Zimbabwe,77.0,50.3,4.8,1908.0,20.5,180.0,6.1,2.28,3.16,848.0,40.4,31.9,54.6,81.1,0.7,232.0,0.0,15.5,7.5,0.0014,56.981702772372955,87.0,161672.25732398056,1016.3021126311505,88.0,21.0,1466.0,28.0,3.46,0.593,19.9,127.0,21.00,71.0,60.7,23.6,62.09736180146567,7.0,15.2,6.973568855301125
Luxembourg,22.1,34.2,13.0,3465.0,39.5,6212.0,4.0,1.27,8.68,37.5,75.9,255.3,2.8,140.98354152388202,2.3,2000.0,0.0,22.6,0.2,0.0047,154.26,72.4,316324.5351123996,32103.0,39.0,31.0,117182.0,89.3,1.37,0.93,31.1,83.0,08.65,3554.0,82.4,8.6,50.0,18.0,141.7,9.552419297553786
Albania,66.0,30.8,7.5,3360.0,34.3,896.0,4.0,0.13,6.08,963.6669286060528,66.5,303.72,9.7,86.9,58.8,390.0,0.0,21.7,2.1,-1.7006338037625994,45.25,17.0,5687.0,3709.0,50.0,35.0,5181.0,73.7,1.58,0.796,24.0,164.0,11.40,216.0,78.0,3.7,53.16039725285515,14.0,38.2,8.794529373587803
Cambodia,57.0,37.9,6.7,2492.0,26.4,265.0,1.9,1.49,3.1,78.59124864399871,57.8,3.47,26.6,53.1,2.0,14285.757337391376,97.9,3.9,1.8,-0.13576652051077076,54.415639430179,1.0,-47849.8703827397,686.4810345658334,96.0,42.3,1513.0,32.8,2.45,0.593,21.0,220.0,26.80,34.0,70.1,5.5,166.36862636844813,14.0,13.9,2.0656268188005713
Mozambique,72.0,54.0,2.4,2103.0,17.0,107.0,6.5,2.86,3.51,246.0,48.6,4.79,74.2,26.0,18.9,19384.928502674215,0.0,7.2,3.5,3.265892614448802,57.08711754705291,56.1,-30408.56227639597,550.0,86.0,29.4,449.0,19.2,4.71,0.446,18.7,63.0,23.80,20.0,58.1,23.2,110.6585261519719,16.0,5.6,2.283803541257437
Zambia,45.0,57.1,4.8,2002.0,16.9,177.0,1.3,2.97,4.86,-179.63975936607062,53.6,9.71,61.7,52.3,1.0,36305.099575700704,0.0,8.1,5.4,0.5921202835586996,71.58282615989083,95.5,48331.472618431784,596.0,95.0,19.9,985.0,24.4,4.5,0.565,18.7,123.0,21.40,44.0,62.5,14.4,43.6410759060571,8.0,11.9,-2.5312721716807003
Honduras,38.0,48.2,4.0,2673.0,24.4,412.0,6.0,1.63,5.36,1235.0,60.2,91.33,16.8,66.3,0.3,102.0,0.1,21.4,36.3,-0.41841603997087873,-64.23470905291833,88.0,-70848.06849067938,2420.0,82.1695998383345,20.635444893264662,2406.0,29.0,2.39,0.621,21.2,237.0,23.50,37.0,71.9,2.6,26.668883381235332,11.566033401571076,24.7,7.719320712986595
Kyrgyzstan,112.0,29.0,6.2,2729.0,27.3,268.0,6.1,1.44,4.21,1057.6098579234229,54.8065050418175,210.92,18.3,92.5,85.0,1455.0,0.0,16.6,2.2,0.0027,48.12,14.2,104.0,162.0,72.0,31.4,1186.0,35.4,3.0,0.692,21.8,161.0,02.10,76.0,74.2,8.3,48.58454704686292,14.0,39.0,8.419041996167472
North Macedonia,73.0,33.0,6.3210175484975935,3072.0,39.0,1065.0,3.3,0.08,5.89,155.30076101001487,71.1,157.93,6.1,78.58563134887135,33.3,24743.010758677963,0.0,22.4,1.2,0.00068,37.2,70.7,27724.802351552993,2418.0,76.0,43.71057480536797,5886.0,75.6,1.3,0.77,26.0,105.0,09.80,540.0,74.8,7.2,48.64750197562523,14.0,35.4,2.5415022234095526
Cameroon,24.0,46.6,8.9,2733.0,18.5,138.0,3.1,2.56,2.77,389.0,52.4,15.27,74.8,26.1,30.0,14676.181499404833,0.0,11.4,1.4,-2.4057316665941926,115.96871580026345,73.0,2596.0,785.0,96.0,12.8,1502.0,20.5,4.44,0.576,19.0,124.0,24.60,86.0,62.4,15.9,69.42027831939362,10.0,14.4,2.5165074418252127
Yemen,21.0,36.7,0.1,2154.0,18.371623405480022,-194.4817776459895,5.2,2.33,1.95,1294.0,45.71454387647128,43.97,58.4,13.7,97.2,1440.85275497986,0.0,17.1,6.8,0.4616217677150871,77.37690004146134,0.01,2080.0,2369.3734384842683,98.0,27.3,937.0,22.9,3.61,0.455,23.0,53.0,23.85,35.0,66.6,7.1,133.5529012024022,7.0,14.7,11.036792569066268
Iran,2.0,40.9,1.0,3087.0,31.7,1115.0,4.0,1.04,2.2,1.9,51.1,46.69,13.9,36.8,99.4,102691.0,0.0,25.8,2.5,0.064,109.00623228879704,0.95,29617.0,7587.0,78.0,21.5,11183.0,88.8,2.14,0.774,23.8,228.0,17.25,863.0,77.3,5.1,66.80514116960717,12.0,23.1,2.3
Azerbaijan,22.0,33.7,0.8,3149.0,32.6,507.0,2.5,0.98,2.68,725.0,65.4,152.07,20.4,98.4,97.3,542.0,0.0,19.9,2.3,0.049,11.648857816679083,3.1,69648.0,2118.0,36.0,28.7,4202.0,75.3,1.7,0.745,23.7,208.0,11.95,174.0,71.4,4.0,29.545602057638433,14.0,15.9,6.073404662797619
Moldova,70.0,26.0,15.2,2383.0,37.7,827.0,6.7,-0.24,5.78,760.0196430329697,59.1,155.18,14.4,95.8,0.4,4245.175290134735,-13.324095991313925,18.9,4.1,0.013,114.01,95.3,56271.77584469691,1883.0,21.0,25.3,2954.0,100.7,1.28,0.767,25.8,182.0,09.45,211.0,73.3,12.2,73.83941030791885,14.0,22.7,7.501068657324914
namibia,64.0,59.1,9.8,2469.0,21.8,874.0,8.4,2.12,6.52,869.6831141073538,58.7,73.05,42.4,56.7,0.4,106.0,0.0,17.2,11.9,0.00068,112.7708456972614,90.0,-3423.80567931477,1964.8028635865776,92.0,25.6,4215.0,36.9,3.29,0.615,29.2,295.0,19.95,205.0,64.6,13.5,44.683683158699495,7.0,34.0,6.01228623083711
Bolivia,33.0,43.6,4.8,2412.0,25.3,573.0,7.3,1.47,5.08,909.4566099139246,42.3,46.04,26.0,67.5,0.0,1578.0,0.0,20.2,6.2,0.0034,51.92371776519212,89.0,2681.0,4071.0,89.0,32.1,3133.0,40.1,2.65,0.692,24.1,164.0,21.55,38.0,72.1,6.8,43.640779717769306,14.0,50.0,6.885077480804479
Uganda,24.0,42.7,9.5,1981.0,15.7,95.0,2.6,3.23,4.94,143.0,59.7,37.27,45.8,36.1,14.0,288.0,0.0,5.3,9.7,-0.5950217420812294,35.26150540029266,88.6,-67234.09238648508,426.0,93.0,24.7,846.0,22.2,4.7,0.525,18.2,124.0,22.80,53.0,66.7,10.4,76.39836397883889,12.0,11.7,0.07265034384271463
Senegal,42.0,38.1,0.7,2545.0,19.4,153.0,4.8,2.77,5.67,121.50652556451575,56.3,16.86,45.3,21.5,97.2,-7104.106062450446,0.3,8.8,0.3,3.2679074183647288,69.89433052240565,4.2,-28627.36683605984,686.0,96.0,14.3,1458.0,27.8,4.49,0.511,22.2,68.0,27.85,54.0,68.6,11.0,86.31217578420146,13.0,17.7,0.9327996037305999
Armenia,102.0,25.2,5.5,2997.0,36.6,1356.0,2.3,0.15,5.35,290.0595538919532,67.7,209.03,11.8,98.9,0.03,396.0,0.0,20.2,1.8,0.00068,75.29028526243928,97.9,45787.83008740097,1787.0,79.0,32.0,4266.0,73.2,1.76,0.759,26.3,74.0,07.15,396.0,76.0,2.7,57.91316220804924,14.0,27.7,3.578730274767717
Myanmar,17.0,30.7,4.8,2673.0,28.0081140092708,229.0,2.2,0.9,3.04,769.4660562945126,53.6,31.48,44.7,58.2,4.290621600014447,3660.0,89.9,5.658452660401963,2.3,-2.808140245095899,111.29764169647387,6.2,138.0,691.0,96.0,66.9,1292.0,30.4,2.12,0.585,20.5,171.0,13.05,18.0,69.1,3.0,184.40161020826852,7.0,10.7,8.472565585479458
Syria,24.0,37.5,0.3,2883.315666819217,23.5,102.06119392992332,5.1,0.2,1.43,3753.0,53.66738420313851,111.43,21.5,39.0,86.0,1138.0,6.470893158966874,27.8,0.9,0.00068,83.19123225347357,10.0,1544.0,96.0,89.0,34.905480512396935,890.0,29.3,2.73,0.577,26.3,60.0,17.75,40.0,72.7,2.1,152.97090517088841,10.0,21.2,30.645310665313307
Gabon,35.0,38.0,11.5,2633.0,21.0,401.0,2.7,2.17,3.54,66.54630620659759,56.3,30.16,42.5,60.6,10.0,1020.0500705926679,-4.211226766286643,15.0,4.849729563802612,-0.8082158703541609,64.71094750994234,88.0,78388.0,3246.0,74.69469560938637,10.513457766022952,6789.0,44.4,3.87,0.706,20.4,241.0,25.05,85.0,66.5,13.1,26.103720832748195,13.0,46.0,0.4269484431440871
Bosnia and Herzegovina,23.0,33.0,6.4,3307.0,43.3,1297.0,3.833092008933818,-0.22,4.84,371.6690618608484,61.9,174.03,5.9,86.0,50.7,48817.56205314072,2.5026155277422504,17.9,1.2,0.0034,44.85,45.94,-24828.055117561482,3949.0,75.0,46.6,6035.0,70.9,1.24,0.78,27.1,83.0,09.85,474.0,76.8,8.3,44.099222391835724,14.0,21.4,4.281321330068743
Barbados,100.0,42.09162208048565,9.6,2956.0,39.5,1080.0,4.7,0.24,6.004742570350572,317.81732594563925,64.7,110.48,12.7,98.5,1.5,-19075.192084480543,0.0,23.1,9.8,0.00068,105.71,74.0,3546.0,6500.0,58.28047266021969,10.2,15449.0,83.1,1.63,0.79,31.8,296.0,26.00,542.0,76.0,0.3,25.603231143303333,12.462111424897103,88.7,3.784147437381807
Montenegro,151.0,36.8,8.0,3500.0,39.6,1769.0,5.136566390350708,0.04,5.77,81.32077121834334,60.5,349.21,2.3,93.9,19.1,20395.350539378822,0.0,23.3,2.9,-0.32829905340335586,64.44,78.8,12642.183386912104,6387.0,71.0,38.7,7626.0,80.4,1.75,0.832,28.6,172.0,10.55,1006.0,75.9,16.2,51.44155802608981,14.0,41.83407998205439,2.9627507201960173
Madagascar,41.0,42.6,1.9,1938.0,20.3,68.0,2.8,2.67,5.7,-344.7528036973388,56.6,24.84,50.6,49.4,10.0,119.0,0.0,5.3,4.306335984909765,0.00068,41.4,85.0,-74703.94253056543,376.0,93.0,46.7,470.0,8.7,3.98,0.501,18.4,102.0,22.65,15.0,65.3,9.2,49.79546870116667,13.0,17.6,-4.184233211197867
Algeria,2.0,27.6,0.9,3322.0,28.9,741.0,4.3,1.67,3.77,-68.74058214469346,46.2,141.53,23.3,19.5,99.0,3955.0,0.0,27.4,1.3,1.7542206047823754,78.56846020913508,0.01,24959.0,1777.0,95.0,22.2,3368.0,59.6,2.94,0.745,28.2,153.0,22.50,176.0,77.1,2.6,63.85186892604173,13.0,18.4,0.8270438908408329
Mali,26.0,36.1,1.3,2873.0,16.1,84.0,3.1,2.99,3.93,164.0,58.1,98.68,94.0,13.6,95.0,14.0,0.0,8.6,-0.5397416805635658,5.3330862552167275,94.41997607820304,2.4,-21510.521830510348,616.0,95.0,16.3,856.0,10.8,5.69,0.428,18.8,33.0,28.25,16.0,62.8,8.0,114.42534627398366,13.0,19.0,1.8591713578041604
Mauritania,76.0,32.6,0.0,2877.0,21.0,188.0,2.6,2.69,3.92,350.38761964275443,55.7,160.82,72.9,26.6,100.0,-22922.495081580244,-4.132868868951647,12.7,2.41199586011021,2.974185830167926,87.7822349618582,0.14,69095.39636231493,982.0,97.0,21.3,1702.0,19.9,4.45,0.556,19.0,53.0,27.65,20.0,68.4,5.5,78.03292643473401,7.0,29.9,3.0730706618465318
Libya,9.0,34.80235982462932,0.0,3025.0815853097656,25.8,747.0558765676433,2.3,1.33,1.95,405.0,55.486895552182204,75.0,11.5,24.2,97.0,26.0,0.3,32.5,-4.031115380430947,0.47507606533443436,28.109132916219096,2.7,181710.0,1169.0,101.68217130961239,24.059505263178494,4243.0,20.6,2.17,0.718,29.2,139.0,21.80,97.0,75.8,4.5,22.88985576744213,14.0,28.6,2.2971607174995787
Nepal,16.0,32.8,2.0,2769.0,25.3,172.0,5.2,1.09,5.22,398.02695763868553,53.8,52.1,30.8,20.8,4.2,110575.55733729713,10.3,4.1,2.3,-0.7839107197102919,65.80663369674585,0.9,-96361.86523416452,1524.0,93.0,64.5,1135.0,53.9,1.84,0.602,20.1,86.0,08.10,84.0,70.9,9.8,115.8507837181728,10.0,10.0,5.730767856553574
Burkina Faso,26.0,47.3,8.2,2737.0,17.9,105.0,4.2,2.87,3.73,335.0,59.4,29.79,87.5,8.4,63.8,12.0,0.0,5.6,1.3,-0.9061809963328074,99.36008233944449,22.0,-34327.72162546497,750.0,88.0,29.8,831.0,13.8,5.03,0.449,17.9,37.0,28.29,30.0,62.7,14.4,111.6094608652486,13.0,11.2,2.6909376793035067
Niger,36.0,37.3,0.5,2601.0,14.8,65.0,3.5,3.81,3.29,-50.0854435993017,51.6,58.92,80.4,13.7,98.3,-14810.189802111126,-0.4189916491911845,5.5,4.4,7.580550008076784,80.28900497403083,0.5,324.0,650.0,98.0,9.7,568.0,8.7,6.74,0.4,17.2,47.0,27.15,8.0,63.3,10.1,120.90462443897793,13.0,11.2,0.39551616158883807
Seychelles,180.0,32.1,13.8,2784.371308514039,36.8,1395.0,4.4,0.5,6.4424521442542755,190.99184856413922,61.4,79.23,14.2,71.5,1.1,-7871.335824899375,0.0,14.0,12.5,-1.8378668633213806,82.2774677479938,94.7,291.8736735070124,3282.0,72.0471138385731,28.7,10767.0,52.3,2.29,0.785,25.2,324.0,27.15,1119.0,73.3,7.7,4.386287366588704,7.0,51.1,0.3073742650755138
Rwanda,29.0,43.7,9.0,2188.0,19.7,141.0,3.1,2.36,3.1,-680.848778060503,71.1,7.23,34.3,24.3,4.8,30639.424410201143,10.022743884621207,5.8,2.6,0.40290739593717717,113.02444808545988,93.6,-159067.60241844459,-2340.397868489672,95.0,24.8,798.0,19.7,3.93,0.534,20.6,511.0,17.85,55.0,69.1,9.5,73.61471014104583,14.0,4.4,-6.003496237189756
Benin,26.0,37.8,3.0,2755.0,17.0,77.0,4.0,2.73,4.58,-43.71296518481381,55.3,8.4,90.3,7.0,27.7,84.0,0.0,9.6,1.1,1.9717360670207427,118.4202713052182,42.8,26597.32423854852,865.0,93.0,16.7,1254.0,12.1,4.7,0.525,18.7,70.0,27.55,50.0,63.4,12.7,88.4697744200389,13.0,16.2,-0.4717875892900336
Tajikistan,38.0,34.0,3.3,2109.0,25.3,245.0,5.2,2.06,1.94,1225.5324078325991,55.6,54.54,33.8,98.1,97.9,132.0,0.0,14.2,0.9,1.1049191712267827,49.76521536844302,1.4,33.0,265.0,85.0,28.68244605252619,838.0,20.1,3.52,0.685,22.5,121.0,06.40,34.0,69.5,5.3,12.564346742071194,14.0,8.7,7.420296283720897
Bhutan,108.0,37.4,0.6,2929.6126360894586,29.1,364.0,6.6,1.18,5.71,0.0,62.9,28.760267743889017,28.5,14.9,0.2,59088.78710767208,74.7,6.4,2.5,1.2032738600185837,176.46369145257995,1.0,-26219.14638512628,609.0,103.38827340327313,49.22223543973257,3218.0,50.0,1.93,0.666,22.8,145.0,07.40,265.0,73.1,5.1,154.39631635080903,10.0,3.0,2.020432484743284
Haiti,24.0,41.1,5.8,2121.0,24.1,137.0,2.5,1.2,4.22,34.0,52.7,18.98,62.8,8.5,0.0,-16560.644610316493,0.0,22.7,6.7,-0.5994147105832042,70.6397870877081,96.0,78876.32664584322,1014.0,85.0,12.3,1360.0,11.8,2.84,0.535,23.7,97.0,24.90,11.0,64.1,11.2,77.88721313473172,12.636413473553148,15.3,-1.082621024712612
Malawi,39.0,38.5,3.7,2392.0,16.8,104.0,4.0,2.87,5.74,63.51864468680856,51.4,7.98,41.6,35.1,20.0,117.0,0.0,5.8,1.8,-1.4318211186087524,27.17325111199898,81.95,28029.898541522678,266.0,97.0,24.1,615.0,12.9,4.05,0.512,17.9,71.0,21.90,50.0,65.6,10.6,53.49283486348676,7.0,5.1,-0.7105928248419602
Chad,18.0,37.5,1.5,2115.0,16.1,72.0,2.9,3.01,1.55,209.0,49.9,20.63,113.8,7.0,58.0,-5296.348868198693,0.0,6.1,10.230488013349486,4.990793082515495,143.94447087755907,35.0,5228.0,1298.0,95.0,13.9,679.0,5.6,5.55,0.394,18.8,59.0,26.55,4.0,59.6,13.2,136.84886055114868,13.0,14.3,2.0350631861336312
Botswana,8.0,53.3,8.4,2342.0,25.7,929.0,7.8,1.79,7.62,600.5071746743442,69.5,117.74,41.6,40.7,0.4,158.0,0.0,18.9,15.2,0.00068,75.17610631659409,71.6,-4117.7573786517605,1933.0,77.0,33.2,6711.0,36.7,2.8,0.693,26.4,208.0,21.50,332.0,62.2,20.2,21.828615270816073,8.0,27.3,2.6875833878473
Cape Verde,99.0,42.4,5.7,2541.0,26.8,347.0,5.2,1.25,7.65,-578.1809064290933,65.12192952682614,115.64,14.9,36.8,2.0,14399.12248118734,-2.073960766624566,11.8,6.5,-0.4859519357033264,63.36616283546027,89.1,-42538.181463898625,1673.0,80.63452904229953,20.6,3064.0,45.70666469547183,2.21,0.662,21.5,296.0,23.30,119.0,74.2031787781948,15.2,45.852090773532154,16.0,26.3,-4.502692283338524
Sierra Leone,36.0,35.7,5.7,2369.0,19.1,137.0,4.6,2.12,4.86,637.4090760259285,47.5,7.0,109.2,3.7,78.6,-3371.32138553774,0.3,8.7,1.7,-1.8905006166966416,100.99411951984803,15.45,-25098.20156421559,575.0,94.70807694607035,43.7,475.0,11.9,4.08,0.477,23.1,60.0,26.05,25.0,60.8,11.3,116.79762144611327,14.0,6.1,4.937436349775701
Djibouti,71.0,41.6,0.5,2694.0,24.9,110.0,8.4,1.51,2.71,1555.5704840758524,47.1,59.81,57.5,22.480283260354042,97.0,6294.670622427482,-2.672771645793034,13.5,10.92913740275685,-0.3745416317193815,81.00569682264904,6.0,20658.248568962328,1009.6797305271612,96.0,32.29817922716836,3465.0,48.2,2.63,0.509,26.9,71.0,28.00,36.0,65.8,11.9,122.30052184257282,13.0,17.1,14.20436063287396
Guinea,20.0,29.6,1.3,2746.0,19.1,95.0,2.2,2.57,3.08,254.2388124079796,55.7,20.62,98.8,13.1,89.1,4326.760738735553,0.0,7.7,2.798438127216741,1.1588805579037,102.50664147688076,8.9,28637.395133419894,828.7134769477416,96.0,24.470112900015124,1179.0,10.7,4.55,0.465,19.8,28.0,25.70,11.0,61.0,12.3,104.21461025716661,10.0,6.5,2.2875948373090997
Belize,75.0,49.8,6.7,2775.0,23.9,426.0,7.4,2.05,6.74180523963696,430.8162772085026,55.4,80.3,12.3,44.8,0.2,-23182.490094805602,0.5,24.1,25.7,-1.382604340856716,49.44,76.7,2391.0,5850.0,62.0,15.0,3988.0,44.1,2.25,0.683,28.6,307.0,25.35,114.0,74.4,7.7,24.630703632680508,7.0,74.7,2.0577328535519177
Afghanistan,7.0,32.3640955495805,0.2,2040.0,19.5,300.0,4.1,2.41,2.85,1180.0,51.5,62.23,60.3,20.3,99.7,2795.0,0.0,5.5,6.7,5.568321210114277,46.44054034626606,0.02,-139075.2865853468,858.0,97.0,36.9,508.0,10.1,4.18,0.478,15.5,87.0,12.60,9.0,63.2,6.0,96.62455884574254,12.0,22.607040885481183,7.9462304943500675
Suriname,30.0,57.9,5.1,2698.0,31.0,1263.0,7.506544576105625,0.87,6.82,475.3734965611627,48.1,48.97,18.0,76.0,14.3,47.0,0.6,26.4,5.4,0.0014,82.0428969102104,50.0,24804.0,6222.667820947361,71.33515127350344,29.885799944577457,7023.0,45.0,2.37,0.73,29.3,183.0,25.70,100.0,71.5,25.9,42.337364402292195,13.115029099127014,40.3,4.176742002642057
Togo,26.0,42.4,3.1,2443.0,20.0,124.0,5.0,2.45,2.8,211.0,50.3,7.96,66.9,20.4,20.0,-455.0334207848646,0.0,8.4,8.012842976270349,1.8574788250176368,78.11309126953711,29.0,489.1702877380885,757.0,80.0,14.4,863.0,11.1,4.2,0.539,22.3,67.0,27.15,28.0,64.3,14.8,63.57048247698373,14.0,8.5,0.29764401070806823
Guyana,36.0,44.6,6.3,2913.0,27.5,622.0,6.3,0.57,6.01,345.5046468570878,56.8,141.68,29.3,49.9,7.3,42.0,0.0,20.2,20.0,-1.2177665219150242,45.37,64.0,148118.0,2015.0,69.0924393558476,30.2,6956.0,36.1,2.42,0.714,21.5,239.0,26.00,91.0,65.7,40.9,53.65033479141633,10.853383709260925,31.8,4.192364526023824
Liberia,51.0,35.3,5.8,2168.0,18.0,146.0,2.3,2.52,5.32,228.69648048922613,49.7,3.04,84.6,32.8,20.0,-16797.93455505697,0.0,9.9,3.3,-1.8397858160391252,92.03126226265522,85.5,91399.73376416788,4.0,94.0,16.3,491.0,7.3,4.18,0.481,18.9,54.0,25.30,15.0,64.1,7.4,86.20061710667761,7.0,7.9,0.8824292864556158
Guinea-Bissau,94.0,34.8,4.8,2229.0,18.0,145.0,2.1,2.44,2.63,210.5775375665802,54.0,19.88,78.5,19.5,46.1,2163.9949510358274,26.433273059657097,9.5,1.1,-3.859565310465257,1.5046450223926513,10.0,144362.5511307139,412.0,96.9962056442049,18.0,668.0,3.5,3.5997872641637514,0.483,20.9,10.0,26.75,35.0,60.2,12.4,105.2990434316419,11.83779648035511,13.0,0.8613805436188029
Lesotho,53.0,44.9,5.0,2323.0,24.7,274.0,6.5,1.31,6.3,-948.6162371893322,53.1,25.35,86.4,51.4,0.1,28565.359271543566,0.0,16.6,43.6,-4.718204128909292,133.92601481796373,90.0,211347.7129283843,956.0,71.62249541708542,31.1,1061.0,29.2,3.07,0.514,20.9,92.0,11.85,46.0,50.7,87.5,148.5972266939383,10.0,15.4,-2.8420317196734617
Fiji,18.0,30.7,3.0,2781.0,29.9,484.0,3.9,0.72,5.72,198.6708122143424,62.2,40.2,25.7,54.43184646357287,6.3,401.0,0.0,30.2,10.454894952864379,4.36750297968382,49.05748528681215,64.4,36432.90780188143,3232.0,76.6230434420523,32.3,5013.0,48.9,2.73,0.73,24.1,274.0,24.40,522.0,68.0,9.5,45.06463004536428,10.0,39.1,2.19418255435217
Maldives,23.0,29.3,2.7,2235.0,29.5,1507.0,4.1,1.85,3.2885790095006087,-238.5537123239376,53.2,111.47,7.6,92.8,98.4,18700.147484752815,0.6,8.6,0.7,0.012661161305231872,-1.2113556456024526,0.08,-28757.10572334146,2473.9786388116772,72.23074190805178,38.3,6924.0,52.9,1.81,0.747,21.6,499.0,28.00,238.0,79.6,2.8,0.6125361762723003,15.0,16.6,-2.5738897605510385
Burundi,26.0,38.6,7.5,2102.548366709425,17.7,56.0,4.8,3.15,2.14,-105.643052343092,48.9,4.6,56.5,24.9,10.0,1845.0343568362296,11.943781656320027,5.4,6.1,2.3166032758822155,61.346356887177535,75.0,-107113.92724660272,-1036.1069724290282,96.0,24.0,286.0,4.8,5.24,0.426,20.3,96.0,19.80,9.0,63.8,12.1,114.02473715404331,15.0,3.5,-1.1320742170741545
Central African Republic,39.0,56.2,3.3,1786.0,20.0,99.0,1.2,1.58,1.32,1421.0,49.1,13.53,110.1,35.7,15.0,32286.3036688501,1.1298630876459015,7.5,20.1,3.888214424855647,83.17999021368814,80.0,-33346.875183419324,821.0,94.0,22.384779955747263,481.0,3.7,4.57,0.404,17.3,16.0,24.90,12.0,53.1,23.0,129.42839453078955,14.0,28.0,10.8178900890878
Turkmenistan,1.0,40.8,5.4,2830.0,29.2,997.0,3.0,1.61,1.72,111.54373286902955,48.4,137.09,42.0,97.6,93.7,450.0,0.0,18.6,4.2,0.0014,41.95351502308404,9.0,28905.0,1834.0,80.0,12.0,7104.0,19.3,2.7,0.745,23.3,552.0,15.10,2.0,69.7,6.1,-34.05313809175311,14.0,41.7,-0.6682120131454248
Eswatini,14.0,54.6,9.9,2426.0,23.7,618.0,6.073264014786673,1.75,3.08,-163.88335586661628,54.7,56.6,49.4,45.2,2.0,13176.113551299553,-0.33357399563965373,16.5,11.6,-1.4856192537020263,100.10180054641387,82.7,88141.61461569415,694.0,72.53476682215597,12.3,3306.0,34.7,2.92,0.597,26.5,278.0,21.40,125.0,57.7,40.5,58.6377966086464,12.814571084205,30.536493316771157,-0.9154016471471493
Brunei,2.8,32.907989680950095,0.4,2985.0,31.1,1474.0,4.4,1.25,4.411772170895347,595.1346732836982,68.23702174835603,70.47,11.4,61.6,80.9,91.0,8.6,14.1,0.5,0.8243186676611458,126.2162020791875,7.1,228321.0,7545.2167594223865,77.7704329569871,16.7,27437.0,91.3,1.8,0.829,25.1,186.0,26.85,1584.0,76.49849947477969,2.5,41.53468224453562,7.0,30.217273779682728,7.0724643754946
Sao Tome and Principe,67.0,40.7,6.8,2446.0,19.3,237.0,4.9,2.18,3.9741145925272576,821.7011356475908,54.0,22.58,29.8,49.6,3.0,-562.6714636059478,15.700524529555025,12.4,3.3,2.0579976664973287,36.246972135300894,74.4924661922671,-17537.058804728556,533.4134409231483,82.74519385900334,7.8,2174.0,27.4,4.21,0.618,18.8,116.0,23.75,42.0,70.4,2.2,68.0476738063206,16.0,9.6,5.0891451119481905
Vanuatu,27.0,47.13795018604583,1.0,2607.0,23.0,103.0,4.7,2.1,4.624472667219379,-11.007933717193282,56.4,25.21,25.9,44.2,0.0,-15592.174350460991,0.0,25.2,8.212234893599316,3.252626846948573,20.831961580348434,76.90047627030935,85667.20095173642,3240.0,87.88992389043679,25.6,2783.0,22.3,3.71,0.607,20.8,72.0,23.95,173.0,65.3,21.0,55.63011940315289,10.0,32.6,0.15649446559791347
Comoros,21.0,45.3,0.9,2600.172153968131,20.9,164.0,2.5,2.24,3.09,716.4831987030589,55.4,11.15,62.9,12.8,98.3,34039.134458467364,0.9393620316391775,7.8,-3.614504233726393,0.48446895869577133,67.04629159499746,2.1,-41505.79373831255,1587.0,96.0,39.5,1421.0,8.4,4.07,0.558,20.4,27.0,25.30,24.0,67.4,8.5,63.11162003939776,14.0,7.6,4.083395615838779
